{"type":"FeatureCollection", "features": [
{"type":"Feature","geometry":{"type":"Polygon","coordinates":[[[-35.7968181,-5.853289],[-35.8327286,-5.9088026],[-35.8330135,-5.9089821],[-35.836521,-5.911185],[-35.8422029,-5.914102],[-35.8437594,-5.9145951],[-35.8498181,-5.9153663],[-35.834772,-5.9470964],[-35.7783375,-6.015875],[-35.7092404,-6.0005513],[-35.708338,-6.000183],[-35.7083247,-6.0001776],[-35.668406,-5.9838887],[-35.6741212,-5.974379],[-35.6874521,-5.9190965],[-35.6863577,-5.8983898],[-35.686352,-5.8982622],[-35.6853721,-5.8797661],[-35.6832473,-5.8689804],[-35.6845146,-5.8693376],[-35.6867765,-5.8693271],[-35.6884523,-5.8695463],[-35.6895404,-5.8699943],[-35.6905411,-5.8708064],[-35.6916261,-5.8708919],[-35.692528,-5.8701623],[-35.6940108,-5.8682042],[-35.6964538,-5.8678299],[-35.697358,-5.8679158],[-35.6979878,-5.8670055],[-35.6984956,-5.8651814],[-35.6990691,-5.8650795],[-35.7002198,-5.8655734],[-35.7005694,-5.8655223],[-35.7008921,-5.8651948],[-35.7012234,-5.8639179],[-35.7014982,-5.8638042],[-35.7026609,-5.8644241],[-35.7033914,-5.8644374],[-35.7038277,-5.864172],[-35.7039879,-5.86352],[-35.7035967,-5.862633],[-35.7035134,-5.8618082],[-35.7038664,-5.8614678],[-35.7082344,-5.8619627],[-35.7088529,-5.8612767],[-35.7096889,-5.860892],[-35.7108435,-5.861082],[-35.7118853,-5.861668],[-35.7126765,-5.8624822],[-35.7135472,-5.8627038],[-35.7143759,-5.8624308],[-35.7151014,-5.8613572],[-35.7162212,-5.8606472],[-35.7177673,-5.8606685],[-35.7188366,-5.8610289],[-35.7197125,-5.8620111],[-35.7201546,-5.8632906],[-35.7203295,-5.8646704],[-35.72141,-5.8686977],[-35.7223178,-5.8690523],[-35.7243358,-5.8680714],[-35.7256007,-5.8679385],[-35.7274138,-5.8681851],[-35.7283422,-5.8686015],[-35.7298785,-5.8684038],[-35.7325048,-5.8693466],[-35.7335087,-5.8693985],[-35.7353202,-5.8689691],[-35.7362267,-5.8690679],[-35.7387691,-5.8715918],[-35.7399605,-5.8720861],[-35.7421226,-5.872273],[-35.743905,-5.8714483],[-35.7450675,-5.8711597],[-35.7490897,-5.8708997],[-35.7506481,-5.8706889],[-35.7512353,-5.8698838],[-35.7517278,-5.8675979],[-35.752191,-5.8669629],[-35.7559956,-5.8654033],[-35.7569199,-5.8645965],[-35.7579695,-5.8639573],[-35.7604754,-5.8633753],[-35.7632081,-5.8618813],[-35.7643491,-5.8626376],[-35.7651767,-5.8637941],[-35.765853,-5.8641294],[-35.7670757,-5.864039],[-35.7679998,-5.8636964],[-35.7737902,-5.8629707],[-35.774882,-5.8619089],[-35.7761425,-5.8610159],[-35.7794042,-5.8601764],[-35.7812166,-5.8604194],[-35.7819307,-5.8598678],[-35.7830676,-5.8594818],[-35.7862457,-5.8589798],[-35.7884621,-5.8579777],[-35.7906604,-5.8566769],[-35.7931587,-5.8547006],[-35.7947516,-5.8532139],[-35.7968181,-5.853289]]]},"properties":{"CD_MUN":"2412609","NM_MUN":"São Paulo do Potengi","CD_RGI":"240006","NM_RGI":"São Paulo do Potengi","CD_RGINT":"2401","NM_RGINT":"Natal","CD_UF":"24","NM_UF":"Rio Grande do Norte","SIGLA_UF":"RN","CD_REGIA":"2","NM_REGIA":"Nordeste","SIGLA_RG":"NE","CD_CONCU":"","NM_CONCU":"","AREA_KM2":240.425}},
{"type":"Feature","geometry":{"type":"Polygon","coordinates":[[[-37.578560304616396,-5.5716044226409895],[-37.57855959654923,-5.571604383072293],[-37.4932362,-5.5668447],[-37.4421202,-5.5869334],[-37.4287324,-5.5625644],[-37.4002262,-5.5107062],[-37.3828893,-5.4791669],[-37.3823529,-5.4781911],[-37.297533,-5.4779085],[-37.2946706,-5.4778988],[-37.2948145,-5.4755473],[-37.2954005,-5.4739931],[-37.2984863,-5.4699368],[-37.2986787,-5.4663551],[-37.2997813,-5.465232],[-37.3011738,-5.4646157],[-37.3020884,-5.4632142],[-37.3010215,-5.4614352],[-37.3016473,-5.4599679],[-37.3006351,-5.4571525],[-37.3008393,-5.4544797],[-37.2990958,-5.4532868],[-37.2984802,-5.4517604],[-37.2989308,-5.4489276],[-37.2997765,-5.4471823],[-37.3013962,-5.4453942],[-37.3019954,-5.4434305],[-37.3014746,-5.4414865],[-37.2998498,-5.4391939],[-37.2982818,-5.4334904],[-37.2962559,-5.4308557],[-37.2946503,-5.4295704],[-37.2933089,-5.4209243],[-37.2932851,-5.4172293],[-37.2941329,-5.4134846],[-37.2974228,-5.4077328],[-37.2969296,-5.4030369],[-37.2984201,-5.4017485],[-37.298535,-5.4006797],[-37.2990157,-5.4003106],[-37.3024844,-5.3998961],[-37.3035981,-5.3987799],[-37.303615,-5.3977294],[-37.3027115,-5.3971206],[-37.3008419,-5.3963571],[-37.299477,-5.3967168],[-37.2975388,-5.3956964],[-37.2968802,-5.3942115],[-37.2970262,-5.3925483],[-37.2961175,-5.3924115],[-37.295785,-5.3913969],[-37.3671798,-5.3474416],[-37.3710719,-5.3450454],[-37.3711537,-5.344995],[-37.3911511,-5.3326833],[-37.416716,-5.3169274],[-37.4234285,-5.3127892],[-37.4259809,-5.3112157],[-37.4639263,-5.3031797],[-37.5485358,-5.2852614],[-37.5830954,-5.2779323],[-37.6412247,-5.2612852],[-37.6831941,-5.2492659],[-37.7712896,-5.2240371],[-37.788162,-5.2191974],[-37.7869056,-5.2224683],[-37.7864661,-5.2236124],[-37.7856593,-5.2257129],[-37.7854754,-5.2259874],[-37.7834265,-5.2290445],[-37.7829643,-5.2322646],[-37.7847985,-5.2402094],[-37.7857076,-5.2451751],[-37.7869591,-5.2476443],[-37.7904583,-5.2549562],[-37.7914866,-5.2601697],[-37.791859,-5.2687714],[-37.789771,-5.2747619],[-37.7889844,-5.2784086],[-37.7871615,-5.2810123],[-37.7839083,-5.2843925],[-37.7826057,-5.286737],[-37.7823387,-5.2914265],[-37.7831099,-5.2948155],[-37.7864291,-5.2968934],[-37.7868697,-5.2971692],[-37.7868884,-5.297186],[-37.8042859,-5.3127867],[-37.8102102,-5.3149292],[-37.8128023,-5.3165692],[-37.6422062,-5.4151599],[-37.6430997,-5.4163935],[-37.5623935,-5.4923014],[-37.5704615,-5.5318792],[-37.578560304616396,-5.5716044226409895]]]},"properties":{"CD_MUN":"2404309","NM_MUN":"Governador Dix-Sept Rosado","CD_RGI":"240009","NM_RGI":"Mossoró","CD_RGINT":"2403","NM_RGINT":"Mossoró","CD_UF":"24","NM_UF":"Rio Grande do Norte","SIGLA_UF":"RN","CD_REGIA":"2","NM_REGIA":"Nordeste","SIGLA_RG":"NE","CD_CONCU":"","NM_CONCU":"","AREA_KM2":1109.36}},
{"type":"Feature","geometry":{"type":"Polygon","coordinates":[[[-36.7743156,-6.4729624],[-36.7612286,-6.4785464],[-36.7535071,-6.4482536],[-36.7467238,-6.4148881],[-36.7465929,-6.4142445],[-36.7422584,-6.3929376],[-36.741753,-6.3776234],[-36.75243,-6.3538949],[-36.7519967,-6.3530552],[-36.7485853,-6.3503232],[-36.7483947,-6.3488384],[-36.7488647,-6.3478457],[-36.749015,-6.3466264],[-36.748797,-6.3459926],[-36.7483099,-6.3454577],[-36.7481191,-6.3439513],[-36.7486008,-6.3429831],[-36.7484287,-6.3415683],[-36.7475696,-6.3409323],[-36.7447016,-6.3395978],[-36.7434972,-6.3391456],[-36.7416217,-6.3387223],[-36.7396563,-6.3374391],[-36.7391512,-6.3364231],[-36.753586,-6.3211441],[-36.7541536,-6.3205431],[-36.7728736,-6.2983874],[-36.7975068,-6.3015351],[-36.8143833,-6.3036915],[-36.8150372,-6.3040586],[-36.8162169,-6.3036706],[-36.8154359,-6.3026206],[-36.815837,-6.3006579],[-36.816627,-6.2989577],[-36.8168356,-6.2964052],[-36.8189269,-6.2966764],[-36.8190635,-6.2954977],[-36.8198528,-6.2941915],[-36.8214237,-6.2935429],[-36.8220337,-6.2929386],[-36.8224098,-6.2925659],[-36.8220668,-6.2921203],[-36.8220608,-6.2921124],[-36.8220595,-6.2921107],[-36.8217806,-6.2917481],[-36.8217385,-6.2916934],[-36.8215004,-6.2913837],[-36.8212427,-6.290074],[-36.822164,-6.2888983],[-36.823995,-6.2892998],[-36.825368,-6.2892364],[-36.8262912,-6.287148],[-36.8278724,-6.2846663],[-36.8299659,-6.2841492],[-36.831226,-6.2858733],[-36.8326917,-6.286355],[-36.8345064,-6.285714],[-36.8353775,-6.2839893],[-36.8357234,-6.2789907],[-36.8367225,-6.2772223],[-36.8378904,-6.2768831],[-36.8384367,-6.2755647],[-36.8368067,-6.2722294],[-36.8368125,-6.2710629],[-36.8376811,-6.2698127],[-36.8398248,-6.268417],[-36.8409493,-6.2678338],[-36.8435444,-6.2664878],[-36.8448991,-6.2679845],[-36.8458501,-6.2676409],[-36.8465011,-6.2667805],[-36.8473736,-6.2645784],[-36.8486263,-6.2646704],[-36.8493343,-6.2653439],[-36.8490714,-6.266466],[-36.8487245,-6.266941],[-36.8503157,-6.2687188],[-36.8502689,-6.2694111],[-36.8508702,-6.2697591],[-36.8517161,-6.269395],[-36.8523223,-6.2687921],[-36.8526718,-6.2679715],[-36.8532009,-6.265251],[-36.854111,-6.2643475],[-36.8555588,-6.2638558],[-36.8564218,-6.2640326],[-36.8572825,-6.2648148],[-36.8584923,-6.2645158],[-36.8600491,-6.263875],[-36.8609603,-6.262884],[-36.8619012,-6.2604465],[-36.862185,-6.2589949],[-36.8625113,-6.2582438],[-36.8633321,-6.2580312],[-36.8641504,-6.2588121],[-36.8653572,-6.2592491],[-36.8664395,-6.2583881],[-36.8674773,-6.2581763],[-36.8684943,-6.2576407],[-36.8692315,-6.2566069],[-36.8688522,-6.2543568],[-36.8689859,-6.2533639],[-36.8698961,-6.2523719],[-36.8717785,-6.2513201],[-36.8732875,-6.2518887],[-36.8745793,-6.252758],[-36.8753563,-6.2527199],[-36.8753195,-6.2515519],[-36.875946,-6.2510135],[-36.8766372,-6.2509736],[-36.8781504,-6.250417],[-36.8790549,-6.250809],[-36.8800918,-6.2508145],[-36.8807395,-6.2504276],[-36.8810443,-6.2496929],[-36.881718,-6.2488529],[-36.8834063,-6.2479534],[-36.8840255,-6.2477388],[-36.8847882,-6.2476985],[-36.8863044,-6.2465373],[-36.888097,-6.246004],[-36.8885318,-6.2453583],[-36.8883645,-6.2442754],[-36.8892721,-6.2438489],[-36.8898349,-6.2440232],[-36.8900074,-6.243274],[-36.8899685,-6.2425979],[-36.8904472,-6.2416928],[-36.8913783,-6.2409395],[-36.8924578,-6.2408561],[-36.8931495,-6.2405571],[-36.8933695,-6.2399532],[-36.8946637,-6.2399146],[-36.8953228,-6.2394006],[-36.8982507,-6.2407695],[-36.9095667,-6.243205],[-36.9109953,-6.2445559],[-36.9128291,-6.2482033],[-36.9133411,-6.2502805],[-36.9134167,-6.2547812],[-36.9135501,-6.2557921],[-36.914632,-6.2605617],[-36.9178497,-6.2675059],[-36.9199179,-6.2688986],[-36.9234069,-6.2701737],[-36.9256384,-6.2716566],[-36.9292896,-6.2753777],[-36.9300292,-6.2790738],[-36.9297154,-6.2806107],[-36.9264554,-6.2856071],[-36.9258904,-6.2868415],[-36.9237079,-6.2943955],[-36.9225412,-6.2963119],[-36.9181783,-6.2999659],[-36.9172542,-6.3020051],[-36.9171425,-6.3051606],[-36.9121974,-6.3077312],[-36.9085565,-6.3147352],[-36.9069156,-6.3152615],[-36.9056216,-6.3148603],[-36.9029538,-6.3167691],[-36.9021279,-6.3184897],[-36.9011451,-6.325998],[-36.9016101,-6.3293846],[-36.9026916,-6.3321097],[-36.9053689,-6.3360686],[-36.9056717,-6.3387129],[-36.9050456,-6.34027],[-36.9028053,-6.3417457],[-36.8863187,-6.342869],[-36.8733289,-6.3796954],[-36.8608158,-6.388783],[-36.8740091,-6.4181122],[-36.8741265,-6.4186713],[-36.8494777,-6.4290904],[-36.8471228,-6.4300859],[-36.8471286,-6.4302861],[-36.8471583,-6.4313369],[-36.8456147,-6.4341552],[-36.8459329,-6.4352871],[-36.8478652,-6.4356177],[-36.8480123,-6.4387675],[-36.8489325,-6.4407478],[-36.8495624,-6.4439799],[-36.8480315,-6.4438111],[-36.8463439,-6.4429166],[-36.8456293,-6.4402491],[-36.8436654,-6.4375364],[-36.8427782,-6.4374541],[-36.8417183,-6.438417],[-36.8395477,-6.4386486],[-36.8385962,-6.4386466],[-36.8346765,-6.4374594],[-36.8328198,-6.4375313],[-36.8308802,-6.4382493],[-36.8282137,-6.4396098],[-36.8257173,-6.4389544],[-36.823665,-6.4379356],[-36.822588,-6.4364148],[-36.8218572,-6.4365168],[-36.8207243,-6.4372373],[-36.8202361,-6.4387701],[-36.8190975,-6.4406205],[-36.8173957,-6.4430348],[-36.8149244,-6.4457273],[-36.8155808,-6.4468051],[-36.8154388,-6.4478995],[-36.8155573,-6.4483944],[-36.8138517,-6.4508881],[-36.8134742,-6.4519152],[-36.8133373,-6.4530972],[-36.8130161,-6.4535926],[-36.8122535,-6.4544046],[-36.8114187,-6.4544287],[-36.8092835,-6.4538167],[-36.8075855,-6.4550981],[-36.8069235,-6.4591314],[-36.8053858,-6.4600932],[-36.8045712,-6.4608358],[-36.8031208,-6.4635774],[-36.8015447,-6.4642114],[-36.7979073,-6.4650237],[-36.7974204,-6.4652643],[-36.7956888,-6.4652983],[-36.7929396,-6.466658],[-36.7897093,-6.4679345],[-36.7880146,-6.4677653],[-36.7851872,-6.4667221],[-36.7829855,-6.4656064],[-36.7813734,-6.4652754],[-36.779034,-6.4656697],[-36.7773387,-6.4661438],[-36.7734991,-6.466474],[-36.7729481,-6.4667617],[-36.7743156,-6.4729624]]]},"properties":{"CD_MUN":"2403004","NM_MUN":"Cruzeta","CD_RGI":"240007","NM_RGI":"Caicó","CD_RGINT":"2402","NM_RGINT":"Caicó","CD_UF":"24","NM_UF":"Rio Grande do Norte","SIGLA_UF":"RN","CD_REGIA":"2","NM_REGIA":"Nordeste","SIGLA_RG":"NE","CD_CONCU":"","NM_CONCU":"","AREA_KM2":295.83}},
{"type":"Feature","geometry":{"type":"Polygon","coordinates":[[[-36.2622376,-5.6798836],[-36.2680013,-5.694872],[-36.2682465,-5.6955097],[-36.273546,-5.7092908],[-36.284752,-5.8592915],[-36.2760911,-5.8455465],[-36.2723837,-5.8447034],[-36.2694641,-5.8432208],[-36.2659353,-5.8376537],[-36.26362,-5.833219],[-36.2591616,-5.8309107],[-36.2562108,-5.8303626],[-36.2539636,-5.8310436],[-36.2531916,-5.8324226],[-36.252963,-5.8341219],[-36.2559933,-5.84124],[-36.2580995,-5.8472614],[-36.2591708,-5.8515188],[-36.2598972,-5.8554039],[-36.2599417,-5.8596113],[-36.2590991,-5.8630683],[-36.2579562,-5.8648401],[-36.2241794,-5.8999534],[-36.2128787,-5.8737258],[-36.1968193,-5.8831166],[-36.1947824,-5.877209],[-36.1929931,-5.8727324],[-36.1913316,-5.8689002],[-36.188155,-5.8625561],[-36.1857563,-5.8581649],[-36.1839535,-5.8562735],[-36.1820868,-5.8546459],[-36.1800221,-5.853469],[-36.1780848,-5.8533939],[-36.172963,-5.855443],[-36.1700497,-5.8560114],[-36.1679797,-5.8559357],[-36.1590833,-5.8502518],[-36.1577276,-5.8496618],[-36.1563705,-5.8495257],[-36.1548141,-5.8500999],[-36.1533863,-5.8513252],[-36.1524714,-5.8531365],[-36.1523309,-5.8554684],[-36.1518038,-5.8572156],[-36.1509382,-5.8587341],[-36.1498524,-5.8592793],[-36.1475259,-5.8588151],[-36.143525,-5.857172],[-36.1418434,-5.8570994],[-36.1405479,-5.8576761],[-36.1398954,-5.8586453],[-36.1392968,-5.8616888],[-36.1385782,-5.863241],[-36.137413,-5.8639477],[-36.1370142,-5.8639451],[-36.1361168,-5.8639393],[-36.1322507,-5.8613286],[-36.1296927,-5.8600721],[-36.127216,-5.8594229],[-36.1210189,-5.8594561],[-36.1186132,-5.859313],[-36.1178394,-5.8590513],[-36.1171357,-5.8577563],[-36.1159869,-5.854634],[-36.115235,-5.8495747],[-36.1137781,-5.8436683],[-36.1124963,-5.8422005],[-36.1156034,-5.8091789],[-36.1076395,-5.7895695],[-36.0994754,-5.7674709],[-36.0918282,-5.7490303],[-36.0892844,-5.7410671],[-36.0892532,-5.7409694],[-36.0892336,-5.740908],[-36.0817931,-5.7176153],[-36.0625348,-5.6552868],[-36.112822,-5.6155314],[-36.1379028,-5.5956893],[-36.143165,-5.591526],[-36.1436944,-5.5669364],[-36.1719788,-5.5446795],[-36.1409006,-5.5002395],[-36.1285469,-5.4568166],[-36.1380237,-5.4499635],[-36.1599433,-5.4341125],[-36.2232316,-5.4338742],[-36.1797285,-5.4775326],[-36.1950041,-5.5149522],[-36.1954869,-5.5161348],[-36.1972,-5.51542],[-36.2001,-5.51671],[-36.2004,-5.51814],[-36.1969923,-5.5198226],[-36.2006602,-5.5288159],[-36.2166207,-5.5679491],[-36.2298186,-5.6003088],[-36.2298373,-5.6003547],[-36.2622376,-5.6798836]]]},"properties":{"CD_MUN":"2406700","NM_MUN":"Lajes","CD_RGI":"240011","NM_RGI":"Açu","CD_RGINT":"2403","NM_RGINT":"Mossoró","CD_UF":"24","NM_UF":"Rio Grande do Norte","SIGLA_UF":"RN","CD_REGIA":"2","NM_REGIA":"Nordeste","SIGLA_RG":"NE","CD_CONCU":"","NM_CONCU":"","AREA_KM2":676.626}},
{"type":"Feature","geometry":{"type":"Polygon","coordinates":[[[-35.4685,-6.2307486],[-35.4704437,-6.2302596],[-35.5013856,-6.2224657],[-35.5135462,-6.2194012],[-35.5261819,-6.2162167],[-35.5264762,-6.2161425],[-35.5301392,-6.2152188],[-35.5677211,-6.2057416],[-35.5766151,-6.2089326],[-35.5791671,-6.2089913],[-35.5849073,-6.2101521],[-35.5880756,-6.211053],[-35.591929,-6.2116324],[-35.593049,-6.2097262],[-35.5938537,-6.209146],[-35.5960462,-6.2090964],[-35.5966565,-6.2088954],[-35.5973727,-6.2082607],[-35.5982525,-6.2081065],[-35.5990976,-6.2081912],[-35.6007326,-6.2080034],[-35.6033941,-6.2084392],[-35.6039155,-6.2083213],[-35.6043973,-6.2077958],[-35.6055348,-6.2050199],[-35.6061434,-6.2046381],[-35.6067433,-6.2044996],[-35.6068262,-6.2044804],[-35.6070952,-6.2044182],[-35.6079553,-6.2038321],[-35.6088152,-6.2026943],[-35.6096368,-6.2022222],[-35.6099213,-6.2017006],[-35.6103689,-6.2013194],[-35.6108676,-6.2003461],[-35.6109541,-6.1998265],[-35.6116506,-6.1992358],[-35.6117577,-6.1989476],[-35.611756,-6.1987677],[-35.6113621,-6.198481],[-35.6114299,-6.1979762],[-35.6118983,-6.1979745],[-35.6120763,-6.1976481],[-35.6127959,-6.197677],[-35.6135746,-6.1974419],[-35.6147015,-6.1980868],[-35.615561,-6.1975419],[-35.6160293,-6.197541],[-35.6167511,-6.1983644],[-35.6173626,-6.1984336],[-35.6177282,-6.1993305],[-35.6183038,-6.1996172],[-35.6202608,-6.2031884],[-35.6218082,-6.2052192],[-35.6222643,-6.2054357],[-35.6227513,-6.2054431],[-35.624114,-6.2046816],[-35.6243961,-6.2041271],[-35.6242127,-6.2026828],[-35.6243194,-6.2024306],[-35.6247143,-6.2022844],[-35.6262255,-6.2028533],[-35.6270623,-6.2034714],[-35.6285052,-6.2060988],[-35.6298446,-6.207676],[-35.6324747,-6.209444],[-35.6329074,-6.2094772],[-35.6341242,-6.2087522],[-35.6362536,-6.2101077],[-35.6372615,-6.2105171],[-35.6393462,-6.2108011],[-35.6402136,-6.2117268],[-35.6406834,-6.212517],[-35.6419125,-6.2135906],[-35.6440392,-6.2150003],[-35.6445186,-6.215666],[-35.6456678,-6.2172614],[-35.6468596,-6.2184422],[-35.6480506,-6.2193184],[-35.6493113,-6.2198154],[-35.6505339,-6.2200607],[-35.6531582,-6.2202998],[-35.6535901,-6.2205861],[-35.6542814,-6.2218056],[-35.6547119,-6.2220032],[-35.6552501,-6.2219986],[-35.6581547,-6.2206974],[-35.6586951,-6.2207583],[-35.6599873,-6.2222146],[-35.6625879,-6.2278294],[-35.6636258,-6.2327427],[-35.6639953,-6.2338845],[-35.6664121,-6.23902],[-35.6657791,-6.2411833],[-35.6659701,-6.2425619],[-35.6657902,-6.2436657],[-35.6651526,-6.2447268],[-35.6641942,-6.2456042],[-35.6638733,-6.246204],[-35.6614118,-6.2677783],[-35.6432257,-6.3257564],[-35.6428232,-6.3251653],[-35.6426325,-6.3243944],[-35.6428306,-6.3218882],[-35.6422581,-6.3198554],[-35.6416434,-6.3184341],[-35.6399708,-6.3161672],[-35.6391259,-6.3153297],[-35.6382119,-6.3147016],[-35.6365966,-6.3143581],[-35.6348641,-6.3137585],[-35.6340627,-6.3125213],[-35.6338708,-6.3112365],[-35.6329503,-6.309719],[-35.6320117,-6.3090221],[-35.6288739,-6.3077263],[-35.6268833,-6.3074331],[-35.622343,-6.3063331],[-35.6217592,-6.3064968],[-35.6195949,-6.3082422],[-35.616933,-6.3090979],[-35.6168187,-6.3093325],[-35.6169202,-6.3111366],[-35.6167356,-6.3114868],[-35.6163869,-6.3116756],[-35.6153588,-6.3117728],[-35.6132631,-6.3135168],[-35.6114209,-6.3144861],[-35.6105598,-6.3153092],[-35.609487,-6.3157362],[-35.6075394,-6.3143892],[-35.6071167,-6.3138301],[-35.6069497,-6.3131273],[-35.6072477,-6.3120494],[-35.6071516,-6.3115349],[-35.6056294,-6.3106988],[-35.6048991,-6.3101183],[-35.6044293,-6.3095362],[-35.6042163,-6.3088809],[-35.6018899,-6.3064135],[-35.6015584,-6.3057353],[-35.6015719,-6.303628],[-35.6010003,-6.3015724],[-35.5964607,-6.3003305],[-35.5935833,-6.3002029],[-35.5894987,-6.3014394],[-35.5870497,-6.3028563],[-35.5860934,-6.3031659],[-35.5854392,-6.3030286],[-35.5834679,-6.3015639],[-35.5816724,-6.3023685],[-35.5811579,-6.3024175],[-35.5800795,-6.3018606],[-35.5767659,-6.2982725],[-35.575992,-6.2975977],[-35.5749606,-6.2970657],[-35.5698364,-6.2960374],[-35.5640382,-6.2961825],[-35.5633366,-6.2959292],[-35.5625854,-6.2952775],[-35.5627821,-6.2924901],[-35.5622639,-6.2916974],[-35.5608553,-6.2902767],[-35.560449,-6.2885215],[-35.5599993,-6.2876123],[-35.5584714,-6.2858401],[-35.5577203,-6.2852108],[-35.5565469,-6.2846561],[-35.554724,-6.2844779],[-35.5533931,-6.2846716],[-35.5520198,-6.286152],[-35.5512091,-6.2876787],[-35.5509546,-6.2879602],[-35.5504864,-6.2880787],[-35.5501128,-6.2880567],[-35.5497377,-6.2877791],[-35.5486769,-6.2861215],[-35.5483723,-6.2858196],[-35.5478563,-6.2856362],[-35.5469445,-6.2855944],[-35.5442586,-6.2861212],[-35.5431146,-6.2861964],[-35.5401441,-6.2860235],[-35.5389282,-6.2858639],[-35.5361883,-6.2848952],[-35.5329587,-6.2841148],[-35.5284076,-6.2834905],[-35.5269944,-6.2835351],[-35.5256168,-6.28387],[-35.5192001,-6.286194],[-35.5176845,-6.2871617],[-35.5172222,-6.2884288],[-35.5163855,-6.2892756],[-35.5151941,-6.2895375],[-35.5118267,-6.2890861],[-35.5100997,-6.289798],[-35.5095646,-6.2903606],[-35.5078715,-6.2930376],[-35.5066296,-6.2940091],[-35.5046302,-6.2949732],[-35.5041192,-6.2953964],[-35.503817,-6.2958207],[-35.5031235,-6.2976941],[-35.4907186,-6.2898819],[-35.4904031,-6.2896829],[-35.489902,-6.2893054],[-35.4898758,-6.2892856],[-35.4690564,-6.273601],[-35.4686957,-6.245818],[-35.4685,-6.2307486]]]},"properties":{"CD_MUN":"2413508","NM_MUN":"Serrinha","CD_RGI":"240002","NM_RGI":"Santo Antônio - Passa e Fica - Nova Cruz","CD_RGINT":"2401","NM_RGINT":"Natal","CD_UF":"24","NM_UF":"Rio Grande do Norte","SIGLA_UF":"RN","CD_REGIA":"2","NM_REGIA":"Nordeste","SIGLA_RG":"NE","CD_CONCU":"","NM_CONCU":"","AREA_KM2":193.351}},
{"type":"Feature","geometry":{"type":"Polygon","coordinates":[[[-35.8705459,-6.3627822],[-35.8749231,-6.3609849],[-35.8782943,-6.3601735],[-35.8823905,-6.3566427],[-35.8837957,-6.3559733],[-35.8863595,-6.3558279],[-35.8879979,-6.3552119],[-35.8921523,-6.3528938],[-35.8929681,-6.3525935],[-35.8994463,-6.3521663],[-35.9002691,-6.3522214],[-35.9029363,-6.3530912],[-35.9053394,-6.3524877],[-35.907198,-6.3526091],[-35.9087609,-6.3554388],[-35.9092678,-6.3580048],[-35.9100859,-6.3586657],[-35.9119992,-6.3590528],[-35.9149328,-6.3599875],[-35.9187113,-6.3611913],[-35.919795,-6.362437],[-35.9209546,-6.3660621],[-35.9215464,-6.3667293],[-35.9250127,-6.3682149],[-35.9270776,-6.3728903],[-35.9282791,-6.3734779],[-35.9346472,-6.3741026],[-35.9375431,-6.3750796],[-35.9445616,-6.3788016],[-35.9484785,-6.3825349],[-35.9556555,-6.3835532],[-35.9585183,-6.3847224],[-35.9619474,-6.3879369],[-35.9650148,-6.3878014],[-35.9652351,-6.4266402],[-35.9654865,-6.470972],[-35.9652415,-6.4843596],[-35.9633612,-6.4855903],[-35.9577695,-6.48925],[-35.9501542,-6.4923485],[-35.9441837,-6.4930062],[-35.8703606,-6.488637],[-35.8694824,-6.4885849],[-35.8600957,-6.4880285],[-35.8530907,-6.4876138],[-35.8173188,-6.4854941],[-35.8137441,-6.485282],[-35.7826295,-6.4834364],[-35.7825785,-6.4834331],[-35.7799261,-6.4832759],[-35.7893382,-6.4782956],[-35.7900477,-6.4779201],[-35.8386953,-6.4525829],[-35.8460829,-6.452414],[-35.8481035,-6.4516578],[-35.8495021,-6.4477192],[-35.849956,-6.4407064],[-35.8472695,-6.4398699],[-35.847266,-6.4391252],[-35.8480279,-6.438059],[-35.8545738,-6.4345178],[-35.8480639,-6.413351],[-35.8478099,-6.4125254],[-35.8447896,-6.4027068],[-35.8457395,-6.4007937],[-35.8474298,-6.3994855],[-35.8477257,-6.3938523],[-35.8467642,-6.3881191],[-35.8449929,-6.3843039],[-35.8434425,-6.3777729],[-35.8431886,-6.3766958],[-35.8448053,-6.3779272],[-35.8475787,-6.3774937],[-35.8492333,-6.3794969],[-35.8503329,-6.3800233],[-35.8518099,-6.3796988],[-35.854984,-6.3802095],[-35.8561842,-6.3795646],[-35.8582641,-6.3794473],[-35.8602919,-6.3799687],[-35.8649076,-6.3833443],[-35.868469,-6.3841731],[-35.8705459,-6.3627822]]]},"properties":{"CD_MUN":"2405405","NM_MUN":"Japi","CD_RGI":"240004","NM_RGI":"Santa Cruz","CD_RGINT":"2401","NM_RGINT":"Natal","CD_UF":"24","NM_UF":"Rio Grande do Norte","SIGLA_UF":"RN","CD_REGIA":"2","NM_REGIA":"Nordeste","SIGLA_RG":"NE","CD_CONCU":"","NM_CONCU":"","AREA_KM2":188.99}},
{"type":"Feature","geometry":{"type":"Polygon","coordinates":[[[-36.4699073,-5.5983724],[-36.4928073,-5.5956033],[-36.5727254,-5.5859276],[-36.576839,-5.5824985],[-36.5784715,-5.5803637],[-36.5788542,-5.5795383],[-36.5789406,-5.5789241],[-36.5790477,-5.5735619],[-36.5796101,-5.569553],[-36.5803737,-5.5287884],[-36.5874613,-5.5285123],[-36.5878798,-5.528496],[-36.6448214,-5.5262775],[-36.6459142,-5.5262657],[-36.6652771,-5.5260583],[-36.6990453,-5.5261481],[-36.7138298,-5.5569109],[-36.7253385,-5.5737517],[-36.7351114,-5.5832123],[-36.7369501,-5.5835946],[-36.7387606,-5.5842202],[-36.7411316,-5.5856958],[-36.7417675,-5.5865844],[-36.7430517,-5.5894222],[-36.7438487,-5.5916197],[-36.7445104,-5.5920442],[-36.7449648,-5.5920674],[-36.7467094,-5.5914068],[-36.7489722,-5.5912584],[-36.7502613,-5.5918399],[-36.7519822,-5.5931027],[-36.7527848,-5.5941553],[-36.7534791,-5.595622],[-36.7543298,-5.5984028],[-36.7550276,-5.5994542],[-36.7559941,-5.6001912],[-36.7574444,-5.6008752],[-36.7587635,-5.6010924],[-36.765013,-5.6006442],[-36.7661694,-5.6008058],[-36.7672701,-5.6014652],[-36.7680499,-5.6022853],[-36.7689059,-5.6037524],[-36.771213,-5.6059356],[-36.7711567,-5.6064568],[-36.7695908,-5.6078635],[-36.7694059,-5.6084842],[-36.7696909,-5.6103758],[-36.7713294,-5.6129012],[-36.771738,-5.6139325],[-36.7717948,-5.6146206],[-36.771435,-5.6163936],[-36.7708443,-5.6169648],[-36.7674239,-5.6182688],[-36.7662245,-5.6192919],[-36.7648836,-5.6207766],[-36.7635271,-5.62123],[-36.7622266,-5.6214443],[-36.7592283,-5.621215],[-36.7579916,-5.6214389],[-36.7568139,-5.6218912],[-36.7559849,-5.6225169],[-36.7549671,-5.6269243],[-36.7539612,-5.6284088],[-36.7534262,-5.6295518],[-36.7533039,-5.6307541],[-36.7535325,-5.6324727],[-36.7535256,-5.6343058],[-36.7528115,-5.6359622],[-36.7503273,-5.6389887],[-36.7496157,-5.6405318],[-36.7495549,-5.6412822],[-36.7497263,-5.6425932],[-36.7507748,-5.6452889],[-36.7509838,-5.6468485],[-36.751141,-5.648031],[-36.7508564,-5.648718],[-36.7485141,-5.6514931],[-36.748561,-5.6523254],[-36.7484358,-5.6533484],[-36.7481618,-5.6537777],[-36.7476549,-5.6541709],[-36.7470165,-5.6543744],[-36.7447898,-5.6545707],[-36.7431265,-5.6554244],[-36.7422072,-5.6556614],[-36.7400139,-5.6556197],[-36.7394502,-5.655685],[-36.7391312,-5.655959],[-36.7388882,-5.6564921],[-36.7388448,-5.657057],[-36.7394403,-5.6588197],[-36.7396462,-5.6599118],[-36.7395731,-5.6605303],[-36.7385397,-5.6622518],[-36.7385036,-5.6629319],[-36.7387996,-5.6637357],[-36.7398007,-5.665169],[-36.7400187,-5.6657179],[-36.7397419,-5.6669114],[-36.7391031,-5.6673952],[-36.7384213,-5.6675696],[-36.7356473,-5.6672931],[-36.734645,-5.6679976],[-36.7343692,-5.6686588],[-36.7346807,-5.6703416],[-36.7346333,-5.6709158],[-36.7332612,-5.6729893],[-36.7328928,-5.6739602],[-36.7325102,-5.6788662],[-36.7327892,-5.6817537],[-36.7323461,-5.6834504],[-36.7317648,-5.6842923],[-36.728162,-5.6880043],[-36.7256295,-5.6911504],[-36.7251438,-5.6915259],[-36.7236867,-5.6921817],[-36.7213055,-5.693725],[-36.7169465,-5.693709],[-36.7161214,-5.6939874],[-36.7151498,-5.6945973],[-36.7146609,-5.6952548],[-36.7146597,-5.6958208],[-36.7152378,-5.6978123],[-36.7153276,-5.69865],[-36.7151304,-5.6994509],[-36.71474,-5.7000144],[-36.7140135,-5.7002003],[-36.7115897,-5.7001913],[-36.709653,-5.6998518],[-36.7082943,-5.6998933],[-36.7069881,-5.7000773],[-36.7045661,-5.70115],[-36.7035893,-5.70143],[-36.7026797,-5.7014333],[-36.699187,-5.6957868],[-36.6978686,-5.6963365],[-36.6950844,-5.6979405],[-36.6906866,-5.7020481],[-36.6884574,-5.7032534],[-36.6820943,-5.703817],[-36.6766649,-5.7053505],[-36.674714,-5.7060835],[-36.6730886,-5.7080293],[-36.6660729,-5.7191268],[-36.6644399,-5.7207002],[-36.6626746,-5.7218786],[-36.6614464,-5.7246386],[-36.6613524,-5.7306274],[-36.6606673,-5.7329955],[-36.6595738,-5.7358865],[-36.6592159,-5.7396371],[-36.6575814,-5.7425261],[-36.6548674,-5.7442271],[-36.6492376,-5.7470337],[-36.647068,-5.7478142],[-36.6457084,-5.748863],[-36.6451596,-5.7507036],[-36.6464216,-5.7565662],[-36.6458751,-5.7580106],[-36.6439758,-5.7589252],[-36.6411358,-5.7581227],[-36.63925,-5.7566706],[-36.6372888,-5.7554093],[-36.635664,-5.7554026],[-36.6340381,-5.7559237],[-36.6300979,-5.7586706],[-36.6278679,-5.7584637],[-36.6251629,-5.7575319],[-36.6208352,-5.7563288],[-36.6196159,-5.7563245],[-36.6164327,-5.757165],[-36.5679276,-5.7575931],[-36.5384618,-5.702199],[-36.539,-5.70178],[-36.5382,-5.69851],[-36.5373881,-5.6978861],[-36.5355183,-5.6964491],[-36.5347371,-5.6951963],[-36.534104,-5.6940072],[-36.5324853,-5.6909661],[-36.5233277,-5.691071],[-36.523836,-5.699628],[-36.5202333,-5.6993938],[-36.5111696,-5.6993201],[-36.5009952,-5.6987205],[-36.4940688,-5.6982012],[-36.4890204,-5.6972653],[-36.4873065,-5.6971991],[-36.4855048,-5.697311],[-36.4851287,-5.6975845],[-36.4834801,-5.7011775],[-36.482974,-5.7019382],[-36.4824702,-5.7023929],[-36.4812678,-5.7029501],[-36.479204,-5.7036758],[-36.477825,-5.7036996],[-36.4765637,-5.703484],[-36.4707238,-5.7018369],[-36.4639863,-5.70134],[-36.4613145,-5.7012908],[-36.4580145,-5.7009103],[-36.4460253,-5.6986745],[-36.4442084,-5.6985801],[-36.4357098,-5.7012813],[-36.4250229,-5.7051247],[-36.423169,-5.7055476],[-36.4120914,-5.7056061],[-36.4051634,-5.7058254],[-36.4025052,-5.7055153],[-36.3991272,-5.7048282],[-36.3963885,-5.7052104],[-36.3948994,-5.7058901],[-36.393823,-5.7061697],[-36.3924162,-5.7062728],[-36.3905634,-5.706229],[-36.3862322,-5.7055252],[-36.3848239,-5.7055895],[-36.382598,-5.7061196],[-36.378447,-5.7066056],[-36.3751821,-5.7076358],[-36.3743275,-5.7081006],[-36.3708095,-5.7090196],[-36.3668618,-5.7082708],[-36.3644385,-5.707297],[-36.3635146,-5.7072942],[-36.3618804,-5.7079348],[-36.3610984,-5.7087603],[-36.3603532,-5.7100524],[-36.3587036,-5.714441],[-36.357394,-5.7165553],[-36.3565584,-5.717304],[-36.3547819,-5.7178436],[-36.3514156,-5.7182458],[-36.3491477,-5.7181291],[-36.3464244,-5.7173339],[-36.3449422,-5.7171349],[-36.3409853,-5.7171621],[-36.3400578,-5.7173292],[-36.3368353,-5.7187816],[-36.3345023,-5.7189808],[-36.3324097,-5.7188053],[-36.3297197,-5.7203535],[-36.3280946,-5.7209898],[-36.3256783,-5.7214525],[-36.3226952,-5.7212439],[-36.3197431,-5.7200022],[-36.3190955,-5.7199175],[-36.3181372,-5.7199455],[-36.315723,-5.7205136],[-36.3146907,-5.720453],[-36.3131715,-5.7200265],[-36.3109672,-5.7187879],[-36.3103101,-5.7180319],[-36.3090903,-5.7143409],[-36.3079232,-5.7126052],[-36.3076123,-5.7115856],[-36.3077085,-5.7096598],[-36.307511,-5.7088215],[-36.3069695,-5.7080378],[-36.3062251,-5.7074459],[-36.3005749,-5.7067825],[-36.2977354,-5.706123],[-36.2935724,-5.7063288],[-36.292139,-5.7058739],[-36.2908459,-5.7059516],[-36.2895524,-5.7067832],[-36.2871587,-5.7093856],[-36.2860016,-5.7108965],[-36.282986,-5.7125737],[-36.2795677,-5.7140715],[-36.2788803,-5.7141601],[-36.2768774,-5.7134906],[-36.2761304,-5.7128382],[-36.275225,-5.7110293],[-36.2745942,-5.7102154],[-36.273546,-5.7092908],[-36.2682465,-5.6955097],[-36.2680013,-5.694872],[-36.2622376,-5.6798836],[-36.2691187,-5.6802233],[-36.2696077,-5.6800684],[-36.2712407,-5.678979],[-36.2739063,-5.676242],[-36.2769637,-5.673886],[-36.2776572,-5.6730842],[-36.2782502,-5.671865],[-36.2794956,-5.6704602],[-36.2847093,-5.6697723],[-36.285622,-5.6693534],[-36.286302,-5.668552],[-36.2869219,-5.6673041],[-36.288028,-5.6638355],[-36.2884759,-5.6630326],[-36.2893459,-5.6624206],[-36.2904286,-5.6619375],[-36.2945455,-5.6604824],[-36.2956336,-5.6597688],[-36.2966884,-5.6587917],[-36.2984728,-5.656088],[-36.2992252,-5.6552497],[-36.3014466,-5.6539629],[-36.305169,-5.6510848],[-36.306954,-5.6502609],[-36.317889,-5.6474238],[-36.3281327,-5.6441185],[-36.4699073,-5.5983724]]]},"properties":{"CD_MUN":"2400802","NM_MUN":"Angicos","CD_RGI":"240011","NM_RGI":"Açu","CD_RGINT":"2403","NM_RGINT":"Mossoró","CD_UF":"24","NM_UF":"Rio Grande do Norte","SIGLA_UF":"RN","CD_REGIA":"2","NM_REGIA":"Nordeste","SIGLA_RG":"NE","CD_CONCU":"","NM_CONCU":"","AREA_KM2":741.582}},
{"type":"Feature","geometry":{"type":"Polygon","coordinates":[[[-35.3651373,-6.0555335],[-35.3647224,-6.0557357],[-35.3605729,-6.0569997],[-35.3534207,-6.0499283],[-35.3232591,-6.0482488],[-35.3194725,-6.0490648],[-35.319519,-6.0548221],[-35.3101293,-6.0618918],[-35.2984258,-6.066399],[-35.2986584,-6.0720552],[-35.3052215,-6.085681],[-35.3115085,-6.098733],[-35.3142199,-6.1043616],[-35.3154413,-6.1068969],[-35.3220746,-6.1092622],[-35.3226091,-6.1094527],[-35.323549,-6.122124],[-35.3235928,-6.1227145],[-35.3260895,-6.1408299],[-35.3304638,-6.1434379],[-35.3425852,-6.1642111],[-35.3404228,-6.1648674],[-35.3523816,-6.1819666],[-35.3521007,-6.1820418],[-35.3516768,-6.1821554],[-35.3393719,-6.1854459],[-35.3189557,-6.1909586],[-35.2856764,-6.2053222],[-35.2933685,-6.1780024],[-35.2937372,-6.1766928],[-35.2937752,-6.1765579],[-35.294124,-6.1753191],[-35.2980691,-6.1613074],[-35.28944,-6.1633532],[-35.2597423,-6.1703928],[-35.2507424,-6.1669155],[-35.2506292,-6.1668964],[-35.2500514,-6.166799],[-35.2374864,-6.164681],[-35.2327603,-6.1663693],[-35.2288464,-6.166951],[-35.2247694,-6.1681064],[-35.222069,-6.1699649],[-35.2202691,-6.170779],[-35.2211825,-6.16968],[-35.226154,-6.1628889],[-35.2264375,-6.1623696],[-35.2268091,-6.1579573],[-35.2292656,-6.1229565],[-35.229243,-6.1223767],[-35.2302437,-6.1200246],[-35.2324403,-6.1169246],[-35.2334342,-6.1158357],[-35.2335491,-6.1157099],[-35.233611,-6.1156],[-35.2345613,-6.1022517],[-35.234549,-6.1014973],[-35.2337402,-6.1016423],[-35.232834,-6.1015788],[-35.2325326,-6.1021907],[-35.2312954,-6.1025586],[-35.229205,-6.1038268],[-35.2278783,-6.1053212],[-35.2273121,-6.1065822],[-35.2265507,-6.1068155],[-35.2260593,-6.1066309],[-35.2280195,-6.0840247],[-35.2281025,-6.0830678],[-35.2284516,-6.0790409],[-35.2283267,-6.0749148],[-35.228072,-6.0734489],[-35.2293319,-6.0727732],[-35.2304996,-6.0724419],[-35.2316633,-6.0721117],[-35.2320585,-6.0719996],[-35.2321553,-6.0719721],[-35.2321896,-6.0717915],[-35.2324719,-6.0715133],[-35.23346,-6.0712188],[-35.2336296,-6.0711026],[-35.2350239,-6.0701471],[-35.235049,-6.0701299],[-35.2353488,-6.0698276],[-35.235564,-6.0696902],[-35.2364826,-6.0692421],[-35.2370339,-6.0689731],[-35.2371236,-6.0689014],[-35.2374164,-6.0683995],[-35.2375449,-6.0682521],[-35.2375777,-6.0668219],[-35.2375387,-6.0666387],[-35.2373237,-6.0656279],[-35.2367819,-6.0600588],[-35.236478,-6.0569348],[-35.2362993,-6.0550986],[-35.2362143,-6.0542248],[-35.2361069,-6.0536593],[-35.2356535,-6.0489344],[-35.2347276,-6.0453436],[-35.2344777,-6.0443744],[-35.2342652,-6.0433814],[-35.2331893,-6.0383555],[-35.2328043,-6.0365566],[-35.2325215,-6.0341619],[-35.2320836,-6.0304535],[-35.2319262,-6.0299352],[-35.2310621,-6.0270888],[-35.2307384,-6.025384],[-35.2297084,-6.019958],[-35.2297483,-6.0196535],[-35.2310775,-6.0159728],[-35.2328333,-6.0079615],[-35.2331576,-6.0049573],[-35.2322372,-6.0006882],[-35.2326088,-5.9978565],[-35.2325915,-5.9977513],[-35.2327285,-5.9974295],[-35.2323805,-5.9967663],[-35.2310742,-5.994275],[-35.2291478,-5.991378],[-35.2292519,-5.9862384],[-35.2299517,-5.982165],[-35.2303182,-5.9738052],[-35.2334424,-5.9555852],[-35.2353832,-5.9516831],[-35.2375291,-5.951359],[-35.2393379,-5.9515488],[-35.2447167,-5.9542744],[-35.24624,-5.9541644],[-35.2474978,-5.957768],[-35.2490925,-5.9592455],[-35.2495911,-5.9601772],[-35.2498822,-5.9613755],[-35.2502809,-5.9617551],[-35.2506406,-5.9620975],[-35.2509857,-5.9620837],[-35.2516281,-5.962058],[-35.2575217,-5.9618225],[-35.2604554,-5.9618922],[-35.2647943,-5.9616298],[-35.2649538,-5.9616201],[-35.2651226,-5.9616099],[-35.2651461,-5.9616085],[-35.2653497,-5.9615962],[-35.2655526,-5.9615839],[-35.2656073,-5.9615806],[-35.2656538,-5.9615778],[-35.2657031,-5.9615748],[-35.2657531,-5.9615718],[-35.2657783,-5.9615703],[-35.2657908,-5.9615695],[-35.2658285,-5.9615672],[-35.2673907,-5.9614727],[-35.2674357,-5.96147],[-35.2706791,-5.9612741],[-35.2740227,-5.9602702],[-35.2784106,-5.9579469],[-35.2788355,-5.9577219],[-35.2812197,-5.9574088],[-35.2839061,-5.9572344],[-35.2867336,-5.9574702],[-35.2875006,-5.9575342],[-35.2895611,-5.957706],[-35.2919978,-5.958051],[-35.2951362,-5.958195],[-35.2959157,-5.9582308],[-35.2960851,-5.9582385],[-35.2981903,-5.9583179],[-35.3019155,-5.9581037],[-35.3039486,-5.9583161],[-35.305216,-5.9588459],[-35.308892,-5.9617139],[-35.3106697,-5.9626906],[-35.3121091,-5.9637784],[-35.3129477,-5.964577],[-35.3130947,-5.9647673],[-35.3153587,-5.9676983],[-35.3168129,-5.9685415],[-35.317378,-5.9688692],[-35.3179431,-5.9691969],[-35.3214405,-5.9702017],[-35.3297734,-5.9742258],[-35.3310923,-5.9746524],[-35.331391,-5.9746664],[-35.3324149,-5.9747166],[-35.3337285,-5.9741368],[-35.3345011,-5.9735962],[-35.3355789,-5.9734007],[-35.336822,-5.9737201],[-35.3378829,-5.9736718],[-35.3389189,-5.9733528],[-35.3416234,-5.9730249],[-35.3438079,-5.9734812],[-35.3449705,-5.9739871],[-35.3485629,-5.9765591],[-35.3522989,-5.977796],[-35.35492,-5.9784057],[-35.3575437,-5.979379],[-35.3587841,-5.9801659],[-35.359614,-5.9810848],[-35.3601409,-5.9812891],[-35.3621082,-5.9815262],[-35.3625171,-5.9817034],[-35.3629396,-5.9818865],[-35.3643702,-5.9833035],[-35.3662006,-5.9845573],[-35.3705245,-5.985626],[-35.3715551,-5.9860279],[-35.37344,-5.9873764],[-35.3731762,-5.9874992],[-35.3713996,-5.9880008],[-35.3702842,-6.0052655],[-35.3742191,-6.0129983],[-35.382233,-6.017915],[-35.3821223,-6.0217713],[-35.3809953,-6.0234376],[-35.3801714,-6.0236047],[-35.3784981,-6.0252099],[-35.3781542,-6.025847],[-35.3773574,-6.0273233],[-35.3768769,-6.0285315],[-35.3766847,-6.0287328],[-35.3766584,-6.0287603],[-35.3766536,-6.0287654],[-35.3765554,-6.0288686],[-35.3758894,-6.0295672],[-35.3756023,-6.0298663],[-35.3749668,-6.0304851],[-35.3740889,-6.0313361],[-35.3727207,-6.0326673],[-35.3721645,-6.0332082],[-35.3718567,-6.0335499],[-35.3716964,-6.0339253],[-35.3712807,-6.0357751],[-35.3707809,-6.0361782],[-35.369122,-6.0389637],[-35.3693848,-6.0391068],[-35.3707547,-6.0398253],[-35.3718796,-6.0405917],[-35.3729141,-6.0409649],[-35.3728767,-6.0410073],[-35.3728564,-6.0410303],[-35.371882,-6.0421358],[-35.3718035,-6.0422533],[-35.3716736,-6.0442266],[-35.3712526,-6.0455906],[-35.3712356,-6.045646],[-35.3711356,-6.0459696],[-35.3711106,-6.0460505],[-35.3710163,-6.046361],[-35.3708278,-6.0469821],[-35.3702021,-6.0492908],[-35.3701935,-6.0493026],[-35.3698158,-6.0498184],[-35.3693293,-6.0511027],[-35.3690878,-6.0535548],[-35.3668801,-6.0543329],[-35.3651373,-6.0555335]]]},"properties":{"CD_MUN":"2412203","NM_MUN":"São José de Mipibu","CD_RGI":"240001","NM_RGI":"Natal","CD_RGINT":"2401","NM_RGINT":"Natal","CD_UF":"24","NM_UF":"Rio Grande do Norte","SIGLA_UF":"RN","CD_REGIA":"2","NM_REGIA":"Nordeste","SIGLA_RG":"NE","CD_CONCU":"","NM_CONCU":"","AREA_KM2":289.987}},
{"type":"Feature","geometry":{"type":"Polygon","coordinates":[[[-37.9470786,-6.1604761],[-37.9438643,-6.1575734],[-37.9415769,-6.1559479],[-37.9404166,-6.154853],[-37.9403817,-6.1536087],[-37.9412365,-6.1518573],[-37.9424029,-6.150465],[-37.9430257,-6.1502026],[-37.9443046,-6.1504695],[-37.946901,-6.1517182],[-37.9480649,-6.1520227],[-37.9493846,-6.1520809],[-37.9496158,-6.1517045],[-37.9493452,-6.1509522],[-37.9453589,-6.1471384],[-37.9440833,-6.1444121],[-37.9438142,-6.1435833],[-37.9437015,-6.1409855],[-37.9430106,-6.1387628],[-37.942733,-6.1369717],[-37.9438572,-6.1337976],[-37.943859,-6.1327093],[-37.9424063,-6.1295357],[-37.9420196,-6.1270267],[-37.9416814,-6.1262952],[-37.940417,-6.1252027],[-37.9399803,-6.1245868],[-37.9395572,-6.1227036],[-37.9395543,-6.1192315],[-37.939647,-6.1185135],[-37.9396123,-6.1185073],[-37.9396603,-6.1181401],[-37.9396606,-6.1181379],[-37.9396632,-6.1178889],[-37.9396656,-6.1176618],[-37.9396719,-6.1170669],[-37.9396721,-6.1170478],[-37.9396865,-6.1156666],[-37.939689,-6.1154433],[-37.9396751,-6.1151382],[-37.9396573,-6.1148112],[-37.939648,-6.1146421],[-37.9396399,-6.114492],[-37.9396307,-6.1143246],[-37.93963,-6.11431],[-37.939629,-6.1142993],[-37.9396266,-6.1142715],[-37.939625,-6.1142529],[-37.9396097,-6.1140766],[-37.9396116,-6.1138933],[-37.9396133,-6.1137317],[-37.9374817,-6.1085155],[-37.941054,-6.0992458],[-37.9809908,-6.0755549],[-37.9964602,-6.0871313],[-38.0009429,-6.0904859],[-38.0088087,-6.0963722],[-38.0337478,-6.1174926],[-38.0418151,-6.1243238],[-38.0437819,-6.1259893],[-38.0416603,-6.1691026],[-38.0438684,-6.171053],[-38.0466336,-6.1718732],[-38.0471525,-6.172139],[-38.0474164,-6.1724942],[-38.0474269,-6.1735642],[-38.0468855,-6.1756548],[-38.0466878,-6.1771752],[-38.0465149,-6.1803017],[-38.0461928,-6.1810781],[-38.044234,-6.1836625],[-38.0422275,-6.185682],[-38.0378384,-6.1893658],[-38.0316514,-6.1924071],[-38.0302364,-6.1940159],[-38.0290735,-6.1964774],[-38.0292278,-6.1991103],[-38.0282603,-6.2015785],[-38.0276374,-6.2027224],[-38.0241584,-6.2057229],[-38.0228662,-6.207754],[-38.0223749,-6.2094921],[-38.0219421,-6.2097478],[-38.0195907,-6.2099239],[-38.0178768,-6.2099239],[-38.0153059,-6.2098896],[-38.0120151,-6.2099582],[-38.0105754,-6.2096497],[-38.0080045,-6.2091698],[-38.007319,-6.2092383],[-38.0064277,-6.2096154],[-38.005605,-6.2102324],[-38.0040044,-6.2112283],[-38.0019029,-6.2111922],[-38.0003604,-6.2108837],[-37.9988521,-6.2107123],[-37.9970011,-6.210678],[-37.9932368,-6.2102669],[-37.9921548,-6.2097982],[-37.9907206,-6.2088777],[-37.9872419,-6.2059628],[-37.9849087,-6.2046496],[-37.984382,-6.2042287],[-37.9840831,-6.2039898],[-37.9827505,-6.2020352],[-37.9823217,-6.2016657],[-37.9818481,-6.2014452],[-37.980265,-6.2007081],[-37.9771438,-6.1953272],[-37.9760057,-6.1927862],[-37.9752623,-6.1918616],[-37.9731155,-6.1906898],[-37.9717829,-6.1874493],[-37.9715633,-6.1855159],[-37.9712374,-6.1848899],[-37.9686646,-6.1826723],[-37.9678059,-6.1814988],[-37.9660541,-6.1772823],[-37.9637814,-6.1747409],[-37.9608673,-6.1729515],[-37.9580906,-6.1719471],[-37.9574775,-6.1715462],[-37.9559454,-6.169729],[-37.95475,-6.1688045],[-37.9545655,-6.1682811],[-37.9532797,-6.1667715],[-37.9526234,-6.1652479],[-37.9519471,-6.1647834],[-37.9496473,-6.1637964],[-37.9470786,-6.1604761]]]},"properties":{"CD_MUN":"2413557","NM_MUN":"Serrinha dos Pintos","CD_RGI":"240010","NM_RGI":"Pau dos Ferros","CD_RGINT":"2403","NM_RGINT":"Mossoró","CD_UF":"24","NM_UF":"Rio Grande do Norte","SIGLA_UF":"RN","CD_REGIA":"2","NM_REGIA":"Nordeste","SIGLA_RG":"NE","CD_CONCU":"","NM_CONCU":"","AREA_KM2":122.375}},
{"type":"Feature","geometry":{"type":"Polygon","coordinates":[[[-38.189437,-6.046281],[-38.1777079,-6.0563141],[-38.1696222,-6.0670165],[-38.1687981,-6.0681073],[-38.1476678,-6.0960639],[-38.1035182,-6.1138375],[-38.0850356,-6.1168617],[-38.0654358,-6.1183919],[-38.0437819,-6.1259893],[-38.0418151,-6.1243238],[-38.0337478,-6.1174926],[-38.0088087,-6.0963722],[-38.0096989,-6.0963732],[-38.0104392,-6.0958953],[-38.0104395,-6.095081],[-38.0100967,-6.0943144],[-38.0088648,-6.0933064],[-38.0088905,-6.0921924],[-38.0096552,-6.0905517],[-38.0099847,-6.0892826],[-38.0105328,-6.0884361],[-38.0134748,-6.0885479],[-38.0138432,-6.0885039],[-38.0152181,-6.0883398],[-38.0165316,-6.0877049],[-38.0189206,-6.0871285],[-38.0237248,-6.0850184],[-38.0252531,-6.0838548],[-38.0260202,-6.0814737],[-38.0272236,-6.0788306],[-38.029738,-6.0744915],[-38.0298481,-6.07354],[-38.031162,-6.0707345],[-38.0311642,-6.0694638],[-38.030297,-6.0670265],[-38.030408,-6.0662859],[-38.0316085,-6.0650178],[-38.0317437,-6.0647468],[-38.0319826,-6.0642679],[-38.0331398,-6.0619484],[-38.0329241,-6.0602011],[-38.0333598,-6.0599888],[-38.0355381,-6.0600985],[-38.0376096,-6.0604211],[-38.0390278,-6.0609526],[-38.041419,-6.0630229],[-38.0440295,-6.0656743],[-38.0455524,-6.0677958],[-38.0464226,-6.0682185],[-38.0466418,-6.0679042],[-38.046643,-6.067055],[-38.0476245,-6.0666351],[-38.0505653,-6.0669032],[-38.0521984,-6.0678598],[-38.0535056,-6.0693446],[-38.055028,-6.070406],[-38.0593861,-6.0716856],[-38.0598204,-6.0722685],[-38.0603601,-6.0748118],[-38.0609043,-6.0757654],[-38.0658087,-6.0755622],[-38.0673336,-6.0760942],[-38.0679851,-6.0760953],[-38.0680996,-6.0728989],[-38.0700706,-6.0681016],[-38.0700723,-6.0667262],[-38.0690953,-6.0653482],[-38.0675722,-6.064339],[-38.0651748,-6.0639113],[-38.0629977,-6.0625308],[-38.0618006,-6.061469],[-38.061586,-6.0593522],[-38.0610417,-6.0586086],[-38.0602843,-6.0559068],[-38.0578986,-6.0494429],[-38.0545791,-6.0467105],[-38.0542018,-6.0452522],[-38.0543652,-6.0445651],[-38.0555646,-6.0437184],[-38.0590514,-6.0440965],[-38.0598143,-6.0443628],[-38.0621015,-6.0443926],[-38.0632485,-6.0440268],[-38.068478,-6.0442442],[-38.0739278,-6.0433805],[-38.0759993,-6.0428013],[-38.0763816,-6.041744],[-38.0759483,-6.0403118],[-38.0757335,-6.038884],[-38.0759542,-6.0374006],[-38.0756299,-6.03613],[-38.075902,-6.0357326],[-38.0762841,-6.0358914],[-38.0768808,-6.0368456],[-38.077908,-6.0393295],[-38.0787271,-6.0401323],[-38.0800344,-6.0407171],[-38.0795978,-6.0415647],[-38.0794323,-6.0425958],[-38.0800302,-6.0440815],[-38.0799169,-6.0461447],[-38.0805114,-6.0476233],[-38.0802385,-6.048316],[-38.0786632,-6.0491044],[-38.0780567,-6.0497415],[-38.0785459,-6.0509349],[-38.0795268,-6.0512536],[-38.0808352,-6.0507783],[-38.0820355,-6.0497763],[-38.0831826,-6.0472378],[-38.0840604,-6.0442439],[-38.0849902,-6.0422873],[-38.0852674,-6.03955],[-38.0851617,-6.0384903],[-38.0845629,-6.0372712],[-38.0830953,-6.0353115],[-38.0810267,-6.0341677],[-38.078794,-6.0335821],[-38.0755789,-6.033577],[-38.0745438,-6.0332577],[-38.074055,-6.0326211],[-38.073624,-6.0307769],[-38.0730585,-6.029686],[-38.071403,-6.0279921],[-38.0717205,-6.0271368],[-38.0727029,-6.0267681],[-38.0733021,-6.026345],[-38.0736855,-6.0251284],[-38.0741235,-6.024652],[-38.0756491,-6.0244954],[-38.0761946,-6.0240212],[-38.0766882,-6.0226238],[-38.0776303,-6.0211545],[-38.0796776,-6.0195342],[-38.0867294,-6.0149677],[-38.0880866,-6.0122432],[-38.0907123,-6.0069711],[-38.0914465,-6.005497],[-38.0914586,-6.0054727],[-38.0918265,-6.004734],[-38.1145312,-5.959146],[-38.116874,-5.9609876],[-38.1184239,-5.961191],[-38.1199218,-5.9610426],[-38.1218785,-5.9586964],[-38.1237154,-5.9590933],[-38.124746,-5.9601475],[-38.126957,-5.9647137],[-38.1273925,-5.9674714],[-38.1280614,-5.9686253],[-38.1289869,-5.9697803],[-38.1307914,-5.9707872],[-38.1365562,-5.9719486],[-38.144436,-5.9722608],[-38.1459325,-5.9727128],[-38.1473233,-5.9738686],[-38.1484283,-5.9765362],[-38.1478841,-5.979972],[-38.148369,-5.9813902],[-38.1516158,-5.9838003],[-38.1556638,-5.9859137],[-38.1566895,-5.9889654],[-38.1561183,-5.9914785],[-38.1577852,-5.9947258],[-38.1605849,-5.9967612],[-38.1619149,-5.9979538],[-38.1622618,-5.997989],[-38.1634669,-5.9981114],[-38.1644804,-5.9989618],[-38.1654752,-6.000478],[-38.165643,-6.00224],[-38.1660341,-6.0024998],[-38.1660099,-6.0029425],[-38.1651281,-6.0051278],[-38.1627495,-6.0084333],[-38.1630326,-6.0091863],[-38.1654565,-6.0096906],[-38.1665906,-6.0106949],[-38.1670529,-6.0120499],[-38.1699945,-6.0131055],[-38.1719257,-6.0144127],[-38.1734217,-6.0145163],[-38.1757979,-6.0130662],[-38.1778107,-6.0128696],[-38.1808274,-6.0140764],[-38.1834557,-6.0157351],[-38.1843308,-6.0180414],[-38.1842256,-6.0200971],[-38.1836547,-6.0213999],[-38.1838795,-6.025975],[-38.1829999,-6.0306116],[-38.1833567,-6.032682],[-38.1862655,-6.0353006],[-38.1879685,-6.0351025],[-38.1897729,-6.0362068],[-38.1921485,-6.041802],[-38.1915764,-6.0433531],[-38.1894603,-6.0449821],[-38.189437,-6.046281]]]},"properties":{"CD_MUN":"2403905","NM_MUN":"Francisco Dantas","CD_RGI":"240010","NM_RGI":"Pau dos Ferros","CD_RGINT":"2403","NM_RGINT":"Mossoró","CD_UF":"24","NM_UF":"Rio Grande do Norte","SIGLA_UF":"RN","CD_REGIA":"2","NM_REGIA":"Nordeste","SIGLA_RG":"NE","CD_CONCU":"","NM_CONCU":"","AREA_KM2":181.558}},
{"type":"Feature","geometry":{"type":"Polygon","coordinates":[[[-36.9368996,-6.5776849],[-36.9370049,-6.5777794],[-36.9806201,-6.6171364],[-36.9799693,-6.6370514],[-36.9798218,-6.6415649],[-36.990788,-6.6729509],[-37.0035912,-6.7096123],[-36.9998335,-6.7077129],[-36.9935337,-6.7075374],[-36.9899411,-6.7091501],[-36.9887966,-6.7108136],[-36.9861628,-6.711983],[-36.9833945,-6.7165588],[-36.9802202,-6.7189703],[-36.9776218,-6.7218552],[-36.9737204,-6.733914],[-36.971798,-6.7406454],[-36.97178,-6.7448729],[-36.9733324,-6.7581995],[-36.9728358,-6.7632148],[-36.9718868,-6.7654826],[-36.9707082,-6.7682991],[-36.9692314,-6.7704963],[-36.9636879,-6.773088],[-36.9581444,-6.7756797],[-36.9542771,-6.7756173],[-36.9526628,-6.7751531],[-36.9553389,-6.7793704],[-36.9590977,-6.7833034],[-36.9571355,-6.7904782],[-36.9373148,-6.7726098],[-36.9315221,-6.7685749],[-36.9198666,-6.7616429],[-36.9102162,-6.7569298],[-36.9034284,-6.7536148],[-36.8808178,-6.7455081],[-36.8743336,-6.7431834],[-36.8350296,-6.7310709],[-36.8384235,-6.7258933],[-36.8389221,-6.7206599],[-36.8412684,-6.717816],[-36.8404148,-6.7155621],[-36.8413336,-6.713099],[-36.8406659,-6.7074705],[-36.8398913,-6.7066901],[-36.8382938,-6.7062927],[-36.8413383,-6.7024984],[-36.8410008,-6.7001595],[-36.841354,-6.6986919],[-36.8442642,-6.6959081],[-36.8449623,-6.6946165],[-36.8491773,-6.6917853],[-36.8494856,-6.6905828],[-36.850764,-6.6896111],[-36.8426458,-6.6746238],[-36.8169325,-6.6818731],[-36.8166882,-6.679581],[-36.8186556,-6.6767106],[-36.8213224,-6.6768628],[-36.8234484,-6.6759992],[-36.8240723,-6.6742756],[-36.8267537,-6.6714773],[-36.8284417,-6.6710641],[-36.8304854,-6.6693159],[-36.8331747,-6.664548],[-36.8360669,-6.6615408],[-36.8378982,-6.6602842],[-36.8435944,-6.6582691],[-36.8445931,-6.6537997],[-36.8524257,-6.6492461],[-36.8581035,-6.6487779],[-36.8635138,-6.653119],[-36.8664174,-6.6557623],[-36.8665744,-6.6555709],[-36.8684569,-6.6532822],[-36.8694663,-6.6512166],[-36.8699012,-6.6486892],[-36.8687325,-6.6427118],[-36.8694483,-6.6394842],[-36.8684842,-6.6351224],[-36.8705394,-6.6305625],[-36.8736411,-6.6280479],[-36.8832058,-6.6225851],[-36.8856051,-6.6226192],[-36.8910811,-6.6241801],[-36.8923394,-6.6233482],[-36.8924229,-6.623214],[-36.8932567,-6.6218744],[-36.8925723,-6.6178005],[-36.89306,-6.6142252],[-36.8930806,-6.6140769],[-36.8953301,-6.6136649],[-36.8985581,-6.6142417],[-36.9025612,-6.6139056],[-36.9045166,-6.6088397],[-36.9052177,-6.6083316],[-36.9066206,-6.6088301],[-36.909994,-6.6076473],[-36.9103963,-6.6049441],[-36.9144723,-6.6032064],[-36.9164132,-6.6009999],[-36.9182996,-6.6007984],[-36.9184523,-6.6004464],[-36.9174769,-6.5990349],[-36.9192746,-6.5962699],[-36.9194964,-6.594162],[-36.9186619,-6.5919094],[-36.9187394,-6.5905065],[-36.9195199,-6.5891803],[-36.9218272,-6.5875333],[-36.9253884,-6.5876872],[-36.9262306,-6.5871281],[-36.9269413,-6.5846462],[-36.9293968,-6.5799917],[-36.9309749,-6.5775926],[-36.9365394,-6.5780987],[-36.9368996,-6.5776849]]]},"properties":{"CD_MUN":"2408508","NM_MUN":"Ouro Branco","CD_RGI":"240007","NM_RGI":"Caicó","CD_RGINT":"2402","NM_RGINT":"Caicó","CD_UF":"24","NM_UF":"Rio Grande do Norte","SIGLA_UF":"RN","CD_REGIA":"2","NM_REGIA":"Nordeste","SIGLA_RG":"NE","CD_CONCU":"","NM_CONCU":"","AREA_KM2":253.21}},
{"type":"Feature","geometry":{"type":"Polygon","coordinates":[[[-36.4068217,-5.0806932],[-36.4072512,-5.0805618],[-36.4091471,-5.0799866],[-36.4097159,-5.0799031],[-36.4102868,-5.0797951],[-36.4106883,-5.0797042],[-36.4114466,-5.0794765],[-36.4129938,-5.0790014],[-36.4155308,-5.0782562],[-36.4180577,-5.0774387],[-36.421994,-5.0760844],[-36.4252006,-5.0750037],[-36.4281505,-5.073793],[-36.4295921,-5.0731469],[-36.4331794,-5.0718041],[-36.4354252,-5.0709881],[-36.4384066,-5.0700107],[-36.4411752,-5.0691347],[-36.4432648,-5.0683986],[-36.4460365,-5.0675219],[-36.446896,-5.0672371],[-36.4481929,-5.0668072],[-36.4492302,-5.0664439],[-36.4497038,-5.0663704],[-36.4504803,-5.0662999],[-36.4524944,-5.06619],[-36.4533779,-5.0661424],[-36.4543481,-5.0660177],[-36.4552344,-5.0658591],[-36.4559174,-5.0657322],[-36.4562863,-5.0656656],[-36.4565461,-5.0656709],[-36.4567328,-5.065708],[-36.456972,-5.0657657],[-36.4572916,-5.0657369],[-36.4575652,-5.0656775],[-36.4577955,-5.0656646],[-36.458011,-5.0657431],[-36.4580547,-5.0658792],[-36.4580271,-5.0660803],[-36.4580054,-5.0663028],[-36.4580019,-5.0663387],[-36.4580129,-5.0665501],[-36.4580345,-5.066848],[-36.4580431,-5.0671305],[-36.4580849,-5.0673588],[-36.4582317,-5.067684],[-36.4584034,-5.0679991],[-36.4586393,-5.0681877],[-36.4589417,-5.0683656],[-36.4593708,-5.0685227],[-36.4598851,-5.0686508],[-36.4602144,-5.0687203],[-36.4610344,-5.0687969],[-36.4619363,-5.0688342],[-36.462937,-5.0688787],[-36.4643841,-5.0688852],[-36.4659689,-5.0687933],[-36.4675448,-5.0687435],[-36.4691912,-5.0686773],[-36.4704294,-5.068677],[-36.4709878,-5.0687866],[-36.4714431,-5.068851],[-36.4723119,-5.0688799],[-36.4727181,-5.0688936],[-36.4735036,-5.0689522],[-36.4737465,-5.0690422],[-36.4738722,-5.0691358],[-36.4739068,-5.0692417],[-36.4738896,-5.0694066],[-36.4738302,-5.0694782],[-36.4737813,-5.069504],[-36.4739123,-5.0696945],[-36.4741634,-5.0695258],[-36.4744715,-5.0693951],[-36.4748067,-5.0692998],[-36.475122,-5.0692429],[-36.4754143,-5.0691408],[-36.4756616,-5.0690582],[-36.4764137,-5.0688241],[-36.4772269,-5.0684826],[-36.478254,-5.0680555],[-36.4794746,-5.0676157],[-36.4802235,-5.0674247],[-36.4807463,-5.067242],[-36.4814147,-5.0669948],[-36.482626,-5.0666258],[-36.4831751,-5.0664486],[-36.4840966,-5.0661293],[-36.4850563,-5.0658155],[-36.4854995,-5.0657059],[-36.4859247,-5.0655716],[-36.4864737,-5.0653944],[-36.4868799,-5.0652485],[-36.4883772,-5.0648068],[-36.4893213,-5.064496],[-36.4907006,-5.0640951],[-36.4919374,-5.0637588],[-36.4934429,-5.0634097],[-36.4946158,-5.0631578],[-36.4958854,-5.0629193],[-36.4971014,-5.062711],[-36.4985685,-5.0624806],[-36.4996926,-5.0623592],[-36.5002076,-5.0623089],[-36.5014571,-5.0620523],[-36.5022029,-5.0619179],[-36.5031242,-5.0618056],[-36.5031805,-5.0617987],[-36.5035414,-5.0618025],[-36.5040361,-5.0618566],[-36.5046204,-5.0618593],[-36.5050542,-5.0618561],[-36.5056965,-5.061902],[-36.5062921,-5.0619266],[-36.5065198,-5.0619775],[-36.5067805,-5.0620674],[-36.5069563,-5.0621649],[-36.5071267,-5.0622237],[-36.5073233,-5.062274],[-36.5074996,-5.0622915],[-36.5076271,-5.0622993],[-36.5077622,-5.0623101],[-36.5078674,-5.0623472],[-36.5080089,-5.0624196],[-36.5081533,-5.0625279],[-36.5082519,-5.06259],[-36.5083838,-5.0626924],[-36.5085176,-5.0627644],[-36.5087042,-5.0628523],[-36.5088742,-5.0629188],[-36.5090057,-5.062988],[-36.5092086,-5.0631024],[-36.5095488,-5.0633287],[-36.5097729,-5.0634725],[-36.5099369,-5.0635947],[-36.510097,-5.0637397],[-36.5102275,-5.063865],[-36.510382,-5.0640172],[-36.5104211,-5.0640459],[-36.5105265,-5.064123],[-36.5106519,-5.0642071],[-36.510824,-5.064302],[-36.5109556,-5.0643687],[-36.5110761,-5.0644066],[-36.5112169,-5.0644484],[-36.5114317,-5.0644947],[-36.5114534,-5.0644982],[-36.5116599,-5.0645316],[-36.5118442,-5.0645734],[-36.5120145,-5.0646349],[-36.512216,-5.0647286],[-36.5123687,-5.0648191],[-36.512525,-5.0649518],[-36.5126197,-5.0650366],[-36.5127533,-5.0651516],[-36.5128507,-5.0652287],[-36.5129119,-5.0653137],[-36.5129993,-5.0654659],[-36.5159058,-5.0675889],[-36.5170438,-5.0675625],[-36.5179804,-5.067495],[-36.519244,-5.0674071],[-36.5204523,-5.0673347],[-36.5214631,-5.0673113],[-36.5220785,-5.0672924],[-36.5230564,-5.0673263],[-36.5237461,-5.0673667],[-36.5246623,-5.0674337],[-36.5257745,-5.0676211],[-36.527164,-5.0678824],[-36.5282885,-5.0681787],[-36.529219,-5.0685646],[-36.5301687,-5.0690096],[-36.5318541,-5.0698468],[-36.5330868,-5.0704109],[-36.5339226,-5.070849],[-36.5344406,-5.0711595],[-36.5348673,-5.0715644],[-36.5352283,-5.0721043],[-36.5354886,-5.0726097],[-36.5357612,-5.0732865],[-36.5358263,-5.0736206],[-36.5358365,-5.0738261],[-36.5358704,-5.0739249],[-36.5360777,-5.0740856],[-36.5362503,-5.0741587],[-36.5371596,-5.0745159],[-36.5379766,-5.0749394],[-36.5394237,-5.0756368],[-36.5402439,-5.0761463],[-36.5409055,-5.0766912],[-36.5414643,-5.0772979],[-36.5420634,-5.0780554],[-36.5424751,-5.078745],[-36.5425171,-5.0790623],[-36.5425792,-5.0795312],[-36.5427221,-5.0800913],[-36.5428713,-5.0806658],[-36.5429244,-5.0811851],[-36.542899,-5.0817136],[-36.5428117,-5.0818638],[-36.5422676,-5.0885449],[-36.5424116,-5.0885607],[-36.5425939,-5.088573],[-36.5428187,-5.0885778],[-36.5430388,-5.0886036],[-36.5432198,-5.0886918],[-36.5434053,-5.0887673],[-36.5437306,-5.0888371],[-36.5440385,-5.088894],[-36.5444531,-5.0888991],[-36.5446775,-5.0889041],[-36.5450656,-5.0888286],[-36.5451155,-5.0887638],[-36.5451364,-5.0887125],[-36.5451911,-5.0886738],[-36.5452722,-5.0886453],[-36.5454274,-5.0886087],[-36.5456395,-5.088581],[-36.5459898,-5.0885225],[-36.5462287,-5.0884918],[-36.5463928,-5.0884992],[-36.5464737,-5.0885269],[-36.5465109,-5.0886132],[-36.54654,-5.088715],[-36.5465575,-5.0888123],[-36.5465771,-5.0888994],[-36.5466166,-5.0888927],[-36.5470649,-5.0888332],[-36.5477043,-5.088713],[-36.5481158,-5.0886427],[-36.5485615,-5.088588],[-36.5495313,-5.088455],[-36.5503828,-5.0883245],[-36.5515385,-5.0881356],[-36.5522631,-5.088006],[-36.5528597,-5.0879142],[-36.55354,-5.0878126],[-36.5540846,-5.0877396],[-36.554743,-5.0876339],[-36.5551909,-5.0875875],[-36.555627,-5.0875216],[-36.5560728,-5.0874673],[-36.5564631,-5.0874122],[-36.5569121,-5.0873462],[-36.5573019,-5.0873219],[-36.557761,-5.0873051],[-36.558217,-5.0872995],[-36.5586772,-5.0872944],[-36.559279,-5.0872675],[-36.559848,-5.0872504],[-36.5604827,-5.0872161],[-36.561404,-5.0871386],[-36.5617715,-5.087123],[-36.5621846,-5.0871009],[-36.5624881,-5.0870851],[-36.5629071,-5.087051],[-36.5633552,-5.0870271],[-36.5636455,-5.0870123],[-36.5640561,-5.0869397],[-36.5643272,-5.0868925],[-36.5648783,-5.0867657],[-36.5653715,-5.0866573],[-36.5656945,-5.0866112],[-36.5662874,-5.0865151],[-36.5671143,-5.0864161],[-36.5679842,-5.0863416],[-36.5691257,-5.0862386],[-36.5696265,-5.0862177],[-36.5699837,-5.0861937],[-36.5710276,-5.0861579],[-36.5713972,-5.0861292],[-36.5718354,-5.086115],[-36.572215,-5.0860941],[-36.5722863,-5.0860878],[-36.5729464,-5.08596],[-36.573576,-5.0858436],[-36.5738465,-5.0857965],[-36.5742068,-5.08577],[-36.5747257,-5.0857987],[-36.5752083,-5.0858066],[-36.5755665,-5.0858384],[-36.5759141,-5.0858968],[-36.5765655,-5.0860406],[-36.5772987,-5.0861934],[-36.5777325,-5.0863166],[-36.5780862,-5.0864567],[-36.5784058,-5.0866942],[-36.5786892,-5.0870407],[-36.5788851,-5.0872119],[-36.5793373,-5.0875761],[-36.5797022,-5.0877445],[-36.5800897,-5.0879304],[-36.5805672,-5.0881521],[-36.5809921,-5.088384],[-36.5811418,-5.0886504],[-36.5812429,-5.0890186],[-36.5823506,-5.0887439],[-36.5837637,-5.0883935],[-36.583594,-5.0880889],[-36.583387,-5.0876971],[-36.5832655,-5.08736],[-36.5831559,-5.0869543],[-36.5831178,-5.0866525],[-36.5831055,-5.0863286],[-36.583119,-5.0859818],[-36.5831769,-5.0857472],[-36.5832452,-5.0855537],[-36.5833668,-5.0853371],[-36.5835489,-5.0851579],[-36.583705,-5.0850198],[-36.5839535,-5.0848614],[-36.5842576,-5.0846719],[-36.5845399,-5.0844948],[-36.584855,-5.084349],[-36.5853031,-5.0842172],[-36.5855854,-5.0841706],[-36.5860088,-5.0841281],[-36.5865872,-5.0840595],[-36.5868445,-5.0840248],[-36.5871085,-5.0839585],[-36.5874946,-5.0838632],[-36.5879612,-5.0837507],[-36.588347,-5.0836412],[-36.5885066,-5.0835929],[-36.588893,-5.0834546],[-36.5892534,-5.0833187],[-36.5897644,-5.0831184],[-36.590077,-5.0830103],[-36.5903996,-5.0828899],[-36.5908158,-5.0827228],[-36.5913656,-5.0824938],[-36.5917305,-5.0823315],[-36.5920607,-5.0821884],[-36.5926216,-5.0819805],[-36.5929955,-5.0818201],[-36.5934201,-5.0816671],[-36.5938445,-5.0815124],[-36.5945365,-5.081265],[-36.5950592,-5.0810725],[-36.5955103,-5.0808894],[-36.5959834,-5.0807444],[-36.5965787,-5.080544],[-36.5971506,-5.0803752],[-36.5976724,-5.0802512],[-36.5983169,-5.0800725],[-36.5987764,-5.0799255],[-36.5991674,-5.0797951],[-36.5994792,-5.0797001],[-36.5997529,-5.0796516],[-36.5999964,-5.0796085],[-36.6005496,-5.0795054],[-36.6010739,-5.0794299],[-36.6015885,-5.0793695],[-36.6020521,-5.0793079],[-36.6023311,-5.0792792],[-36.6025906,-5.0792097],[-36.6028821,-5.0791437],[-36.6033311,-5.0790521],[-36.6036487,-5.0789982],[-36.6039075,-5.0789557],[-36.6040796,-5.0789189],[-36.604312,-5.0789094],[-36.6045245,-5.078885],[-36.6046437,-5.0788731],[-36.6047366,-5.078875],[-36.6049189,-5.0788992],[-36.6051485,-5.0788896],[-36.6054067,-5.0788951],[-36.6057275,-5.0788557],[-36.6059401,-5.0788226],[-36.6061704,-5.0787755],[-36.6063569,-5.0787447],[-36.6065399,-5.0787371],[-36.6066763,-5.07874],[-36.6067892,-5.0787539],[-36.6069689,-5.0787664],[-36.6071284,-5.0787727],[-36.6073429,-5.0787437],[-36.6075067,-5.07871],[-36.6077504,-5.0786502],[-36.6079282,-5.0786168],[-36.6081705,-5.078622],[-36.6084219,-5.0786366],[-36.6085663,-5.0786397],[-36.6088459,-5.0786457],[-36.6093088,-5.0785766],[-36.6097083,-5.0785294],[-36.6100826,-5.078463],[-36.6104093,-5.0784421],[-36.610758,-5.0784821],[-36.6110269,-5.0785528],[-36.6112379,-5.0787105],[-36.6115993,-5.0790292],[-36.6119796,-5.0793345],[-36.6124582,-5.0796205],[-36.612485,-5.0796367],[-36.6125841,-5.0796968],[-36.6127662,-5.079824],[-36.6129829,-5.0799722],[-36.613253,-5.0801372],[-36.613454,-5.0802446],[-36.6137819,-5.080467],[-36.6139732,-5.0806846],[-36.6140829,-5.0808268],[-36.6141359,-5.0810231],[-36.6141421,-5.0811681],[-36.6141066,-5.0812723],[-36.6140553,-5.0813374],[-36.6139898,-5.0813747],[-36.6139252,-5.0813715],[-36.6138535,-5.0813534],[-36.6137865,-5.0812894],[-36.6137415,-5.0812313],[-36.6136216,-5.0811349],[-36.6134893,-5.0810143],[-36.6133707,-5.08094],[-36.6132555,-5.0808841],[-36.6131967,-5.0808663],[-36.6131523,-5.0808709],[-36.6131185,-5.0808923],[-36.6130935,-5.0809377],[-36.6130774,-5.081],[-36.6130869,-5.0810775],[-36.6131127,-5.0811646],[-36.6131476,-5.0812629],[-36.6131884,-5.0813392],[-36.6132456,-5.0814307],[-36.6133412,-5.0815432],[-36.6134155,-5.0816957],[-36.6134873,-5.0817948],[-36.6136074,-5.0818838],[-36.6136437,-5.081914],[-36.6136616,-5.081942],[-36.6136493,-5.081997],[-36.6135948,-5.0820419],[-36.6135255,-5.0820809],[-36.6134569,-5.0820941],[-36.6133835,-5.0820705],[-36.6133221,-5.0820011],[-36.6132458,-5.0819387],[-36.6131211,-5.0818937],[-36.6129899,-5.0818946],[-36.6128467,-5.0819321],[-36.6127125,-5.0819881],[-36.6125776,-5.0820718],[-36.6124759,-5.0821616],[-36.6123637,-5.0822743],[-36.6122445,-5.0824043],[-36.6121759,-5.0824986],[-36.6121056,-5.0825891],[-36.6120193,-5.0826481],[-36.6119371,-5.0826886],[-36.6118665,-5.0827092],[-36.6117098,-5.0826893],[-36.6115458,-5.0826638],[-36.6114301,-5.0826337],[-36.6113674,-5.0826268],[-36.611332,-5.0826371],[-36.6113283,-5.0826389],[-36.6112761,-5.082658],[-36.6112207,-5.0826568],[-36.6111584,-5.0826316],[-36.611098,-5.0826064],[-36.6110355,-5.0825866],[-36.6109746,-5.0825835],[-36.6109385,-5.0826306],[-36.6108991,-5.0826555],[-36.6108602,-5.0826639],[-36.6108121,-5.0826629],[-36.6107237,-5.0826481],[-36.610652,-5.08263],[-36.6105746,-5.0826192],[-36.6105153,-5.0826222],[-36.6103421,-5.0826185],[-36.6101375,-5.082593],[-36.609969,-5.0825401],[-36.6099324,-5.0825999],[-36.608712,-5.0878189],[-36.608915,-5.0878232],[-36.6090062,-5.0879094],[-36.6093038,-5.0882361],[-36.6094606,-5.0884248],[-36.6095918,-5.0886215],[-36.6097208,-5.0889192],[-36.6098933,-5.0891589],[-36.6102089,-5.0894353],[-36.6103374,-5.0897583],[-36.6103608,-5.0902477],[-36.6102898,-5.0907941],[-36.6100497,-5.0913368],[-36.6098384,-5.09172],[-36.6097015,-5.0919492],[-36.6116266,-5.0931916],[-36.6133961,-5.0943336],[-36.6136065,-5.094266],[-36.6138881,-5.094256],[-36.6147409,-5.0942181],[-36.6153935,-5.0941439],[-36.6160458,-5.0940536],[-36.6165128,-5.094054],[-36.6169216,-5.0940982],[-36.61731,-5.0940882],[-36.6179231,-5.0940389],[-36.6185992,-5.0940032],[-36.6194461,-5.0938927],[-36.6203195,-5.0936739],[-36.6210268,-5.0934179],[-36.6218451,-5.0930734],[-36.6227796,-5.0926747],[-36.6236408,-5.0924156],[-36.6247325,-5.0921645],[-36.6264441,-5.091774],[-36.6268602,-5.0916856],[-36.6275671,-5.0915617],[-36.62828,-5.0914133],[-36.6292991,-5.0912189],[-36.6302334,-5.0910304],[-36.631022,-5.0908789],[-36.6315995,-5.0907768],[-36.6324241,-5.0906497],[-36.6329749,-5.0905667],[-36.6334565,-5.0904767],[-36.633916,-5.0903756],[-36.634822,-5.0900986],[-36.6351726,-5.0899782],[-36.6353336,-5.0899121],[-36.6355238,-5.0898111],[-36.6358297,-5.089668],[-36.6360712,-5.0895763],[-36.636451,-5.0894985],[-36.6375051,-5.0892945],[-36.6376985,-5.0892843],[-36.6378884,-5.0892984],[-36.6379853,-5.089363],[-36.6380594,-5.0894409],[-36.638099,-5.0895262],[-36.6381878,-5.0896509],[-36.6382689,-5.0897337],[-36.6383493,-5.0897824],[-36.6384938,-5.0898204],[-36.6386381,-5.0898185],[-36.6390661,-5.0897576],[-36.6403557,-5.0894957],[-36.641266,-5.0893297],[-36.642148,-5.0891608],[-36.6433389,-5.0889913],[-36.6440975,-5.0889075],[-36.6446522,-5.0887927],[-36.6451253,-5.0886916],[-36.6457188,-5.0884671],[-36.6468005,-5.0880715],[-36.6468268,-5.0880483],[-36.6474683,-5.0877703],[-36.6478401,-5.0876126],[-36.6481696,-5.0875332],[-36.6485381,-5.0875309],[-36.6488647,-5.0876005],[-36.6492181,-5.0877652],[-36.64952,-5.0879328],[-36.649825,-5.0880509],[-36.6503416,-5.0880823],[-36.6509085,-5.0881044],[-36.6515517,-5.0881001],[-36.6531973,-5.0880205],[-36.6544784,-5.0878997],[-36.6555275,-5.0877958],[-36.6567328,-5.0876761],[-36.6577632,-5.0875526],[-36.6586855,-5.087466],[-36.659612,-5.087305],[-36.6603179,-5.0871988],[-36.6612933,-5.0869604],[-36.6613021,-5.086958],[-36.6622128,-5.086704],[-36.6631614,-5.0865869],[-36.6641391,-5.086609],[-36.6646643,-5.0866411],[-36.6659389,-5.086944],[-36.6667682,-5.0873321],[-36.6675979,-5.0875332],[-36.6686728,-5.087599],[-36.66938,-5.0875166],[-36.6706116,-5.0873034],[-36.6706406,-5.0872963],[-36.6711858,-5.0871631],[-36.6721567,-5.0869035],[-36.6731544,-5.0865552],[-36.6739343,-5.0862786],[-36.6753208,-5.0858428],[-36.6760228,-5.0854428],[-36.6771005,-5.0849603],[-36.6782441,-5.0846083],[-36.6789629,-5.0844518],[-36.6797412,-5.0843622],[-36.6806724,-5.0843663],[-36.6814588,-5.0844881],[-36.6820812,-5.0846947],[-36.6828323,-5.0850463],[-36.6837949,-5.0854002],[-36.6853565,-5.0861702],[-36.686655,-5.0869923],[-36.6880398,-5.0877029],[-36.6886622,-5.088301],[-36.6944284,-5.0867159],[-36.7015002,-5.0847719],[-36.7155904,-5.0808986],[-36.7169655,-5.0827303],[-36.7221531,-5.0851893],[-36.7386379,-5.0876048],[-36.7442559,-5.0895064],[-36.7491207,-5.0930107],[-36.7514743,-5.0958093],[-36.751502,-5.0981813],[-36.7504194,-5.1004799],[-36.7479789,-5.1012376],[-36.7443532,-5.1028987],[-36.7399681,-5.1066491],[-36.7357738,-5.1074014],[-36.7288564,-5.1068876],[-36.7245557,-5.1070131],[-36.7206096,-5.1082536],[-36.7186708,-5.1093632],[-36.7173364,-5.1115215],[-36.7164654,-5.114866],[-36.7169553,-5.1178656],[-36.7194948,-5.1194083],[-36.7220734,-5.1197673],[-36.7240155,-5.11831],[-36.7265325,-5.1157383],[-36.7281466,-5.1156051],[-36.7295735,-5.1167954],[-36.7304294,-5.1184729],[-36.7310222,-5.1234961],[-36.7314317,-5.129077],[-36.7305574,-5.1330507],[-36.7291547,-5.1339499],[-36.7280076,-5.1342248],[-36.7255015,-5.1336589],[-36.7228483,-5.1336499],[-36.7214449,-5.1353875],[-36.721578,-5.1385261],[-36.7235991,-5.144532],[-36.7261129,-5.1521507],[-36.7262467,-5.1525561],[-36.7276363,-5.1538826],[-36.7291158,-5.1750295],[-36.5793803,-5.2158296],[-36.5780685,-5.2158839],[-36.5772237,-5.2153522],[-36.5765622,-5.2144968],[-36.5759876,-5.2141417],[-36.5754489,-5.2141698],[-36.5751134,-5.2147049],[-36.5752252,-5.2165479],[-36.575086,-5.2176052],[-36.5745119,-5.2182783],[-36.5733309,-5.218714],[-36.5722114,-5.2194642],[-36.5712467,-5.2190201],[-36.5706162,-5.2183134],[-36.5698933,-5.2178403],[-36.5681129,-5.2177135],[-36.5655159,-5.2180625],[-36.5650727,-5.2181221],[-36.5642921,-5.218227],[-36.5636208,-5.2184218],[-36.5614857,-5.2190414],[-36.5600911,-5.2194462],[-36.5575497,-5.2208167],[-36.5571397,-5.2214638],[-36.5576483,-5.2229324],[-36.5595379,-5.225906],[-36.5595947,-5.2266701],[-36.5591845,-5.2276371],[-36.5586374,-5.2283411],[-36.5573956,-5.2290396],[-36.556426,-5.2300341],[-36.5558139,-5.2312136],[-36.5550288,-5.2322908],[-36.5534723,-5.2331676],[-36.5515681,-5.2337749],[-36.5495439,-5.2336207],[-36.5482872,-5.2357556],[-36.5473431,-5.2378124],[-36.54543,-5.2407443],[-36.544631,-5.2417977],[-36.5425049,-5.2431848],[-36.5427763,-5.2453025],[-36.5432102,-5.2459711],[-36.5436234,-5.2484618],[-36.54346,-5.2499756],[-36.5439865,-5.251316],[-36.5455481,-5.2543829],[-36.545047,-5.2548658],[-36.5436734,-5.2555579],[-36.5432652,-5.2560726],[-36.5425032,-5.2591647],[-36.5417997,-5.2603753],[-36.5396694,-5.2623086],[-36.5381406,-5.2629696],[-36.5354407,-5.2637783],[-36.5351546,-5.2646265],[-36.5355241,-5.2659929],[-36.5366665,-5.2688186],[-36.5367643,-5.2714391],[-36.5371679,-5.2723085],[-36.538188,-5.2736119],[-36.5383747,-5.2745887],[-36.5393711,-5.2747737],[-36.5402423,-5.2752337],[-36.5405347,-5.2762341],[-36.5399077,-5.2774164],[-36.5389982,-5.2785047],[-36.5385262,-5.2794741],[-36.5385195,-5.280929],[-36.5393296,-5.2839707],[-36.5397921,-5.2866149],[-36.5399081,-5.2890034],[-36.541437,-5.2924986],[-36.5423309,-5.2953239],[-36.5431206,-5.2965997],[-36.54346,-5.2975668],[-36.5435515,-5.2982402],[-36.5430526,-5.2983884],[-36.5421022,-5.3015108],[-36.5147749,-5.3018874],[-36.5156261,-5.4022381],[-36.5150038,-5.4019723],[-36.4398685,-5.3698814],[-36.43266,-5.3613829],[-36.4212764,-5.3479622],[-36.4192416,-5.3426366],[-36.4145063,-5.3377376],[-36.410329,-5.33415],[-36.4072655,-5.3324635],[-36.4059223,-5.3313641],[-36.4035701,-5.3299849],[-36.4014794,-5.3285221],[-36.3989774,-5.3271128],[-36.3950132,-5.3259186],[-36.3862903,-5.3202524],[-36.3833405,-5.3180147],[-36.3812685,-5.3148664],[-36.3803412,-5.2712678],[-36.3801771,-5.2705473],[-36.3681851,-5.2507817],[-36.368249,-5.2506617],[-36.3683028,-5.2505603],[-36.3801959,-5.2281515],[-36.3802635,-5.2280241],[-36.4305181,-5.1333344],[-36.4306441,-5.1330971],[-36.4305582,-5.1329099],[-36.4068217,-5.0806932]]]},"properties":{"CD_MUN":"2407203","NM_MUN":"Macau","CD_RGI":"240011","NM_RGI":"Açu","CD_RGINT":"2403","NM_RGINT":"Mossoró","CD_UF":"24","NM_UF":"Rio Grande do Norte","SIGLA_UF":"RN","CD_REGIA":"2","NM_REGIA":"Nordeste","SIGLA_RG":"NE","CD_CONCU":"","NM_CONCU":"","AREA_KM2":775.302}},
{"type":"Feature","geometry":{"type":"Polygon","coordinates":[[[-35.3143609,-6.4496055],[-35.3133355,-6.4491409],[-35.3080148,-6.4488964],[-35.307099,-6.4485225],[-35.3059647,-6.4471844],[-35.3044299,-6.4468663],[-35.3027158,-6.4476273],[-35.3005634,-6.4474217],[-35.2983662,-6.4489934],[-35.293991,-6.4504118],[-35.2928104,-6.4503647],[-35.2883729,-6.4487552],[-35.2862118,-6.4479709],[-35.279174,-6.4485402],[-35.2781292,-6.4493011],[-35.2774897,-6.4504878],[-35.2777834,-6.4557077],[-35.2774433,-6.4592703],[-35.275532,-6.4792751],[-35.2753732,-6.4809371],[-35.2740026,-6.4820324],[-35.2610046,-6.4924199],[-35.2244294,-6.5216328],[-35.2239846,-6.5171638],[-35.2234604,-6.5162322],[-35.2228806,-6.5161344],[-35.2193742,-6.5175103],[-35.2182345,-6.5186048],[-35.2158168,-6.52532],[-35.2140762,-6.5287356],[-35.2101157,-6.5331699],[-35.209797,-6.5342997],[-35.2101259,-6.5386388],[-35.2095042,-6.540418],[-35.2073099,-6.5437185],[-35.2030563,-6.5478545],[-35.1994746,-6.5499441],[-35.1971978,-6.5505563],[-35.1956501,-6.5506164],[-35.1940068,-6.5503193],[-35.1933862,-6.5502073],[-35.1910443,-6.5497844],[-35.1891802,-6.5503236],[-35.1840266,-6.5545685],[-35.1736458,-6.5579271],[-35.1702989,-6.5583926],[-35.1688535,-6.5582613],[-35.1656175,-6.5565245],[-35.1634222,-6.5560633],[-35.1574849,-6.5517083],[-35.153211,-6.5534177],[-35.1516983,-6.553575],[-35.1458071,-6.5527598],[-35.1461718,-6.532846],[-35.1501383,-6.5198404],[-35.1723974,-6.4467784],[-35.1722068,-6.4435325],[-35.171443,-6.4305246],[-35.1726923,-6.4330372],[-35.174583,-6.4336031],[-35.1775338,-6.4339339],[-35.1794203,-6.433354],[-35.1804796,-6.4325451],[-35.1802824,-6.4279642],[-35.1810833,-6.4223464],[-35.183367,-6.4185992],[-35.1840401,-6.4165864],[-35.1841355,-6.4163012],[-35.184875,-6.4156648],[-35.1851062,-6.4154659],[-35.1879757,-6.4149106],[-35.1913065,-6.4153565],[-35.1924259,-6.4150107],[-35.1961442,-6.4159484],[-35.1965676,-6.4164226],[-35.1992631,-6.4161386],[-35.2079317,-6.4197749],[-35.2097541,-6.4199723],[-35.216057,-6.4188553],[-35.2189671,-6.4195906],[-35.2221965,-6.4212775],[-35.2275211,-6.4209836],[-35.2291647,-6.4203639],[-35.2306284,-6.4184519],[-35.2306469,-6.4183305],[-35.2317179,-6.411304],[-35.231384,-6.407224],[-35.2316469,-6.4030729],[-35.232832,-6.4017765],[-35.2357324,-6.4000637],[-35.2374731,-6.3974696],[-35.2410387,-6.3954824],[-35.2460436,-6.3947804],[-35.247298,-6.3933462],[-35.2509389,-6.3927867],[-35.2524378,-6.3910809],[-35.2567071,-6.3899038],[-35.2594179,-6.3851992],[-35.2603589,-6.384108],[-35.2626644,-6.3826678],[-35.2659321,-6.3767355],[-35.2712117,-6.3722041],[-35.2728678,-6.3707807],[-35.2900803,-6.3859224],[-35.2914396,-6.3871182],[-35.2915491,-6.3872131],[-35.3096188,-6.4031122],[-35.3081988,-6.4048626],[-35.3095076,-6.4083437],[-35.3117779,-6.4105055],[-35.3104784,-6.411576],[-35.3053027,-6.41354],[-35.3039068,-6.4145049],[-35.3003193,-6.4188655],[-35.3032858,-6.4207937],[-35.3050845,-6.424492],[-35.3076615,-6.4278205],[-35.3127043,-6.436361],[-35.3145812,-6.4415973],[-35.3151691,-6.4460876],[-35.3147925,-6.4491968],[-35.3143609,-6.4496055]]]},"properties":{"CD_MUN":"2409803","NM_MUN":"Pedro Velho","CD_RGI":"240003","NM_RGI":"Canguaretama","CD_RGINT":"2401","NM_RGINT":"Natal","CD_UF":"24","NM_UF":"Rio Grande do Norte","SIGLA_UF":"RN","CD_REGIA":"2","NM_REGIA":"Nordeste","SIGLA_RG":"NE","CD_CONCU":"","NM_CONCU":"","AREA_KM2":192.708}},
{"type":"Feature","geometry":{"type":"Polygon","coordinates":[[[-38.3365803,-6.3742009],[-38.3391825,-6.3841233],[-38.3392883,-6.3871715],[-38.3405854,-6.4246131],[-38.3437581,-6.435225],[-38.3437965,-6.4353536],[-38.34758,-6.4480136],[-38.3068367,-6.4260803],[-38.2995872,-6.4184485],[-38.2989116,-6.4168334],[-38.2976324,-6.4064384],[-38.2917181,-6.4018738],[-38.2892135,-6.3986578],[-38.2881919,-6.396942],[-38.2866993,-6.3917571],[-38.2752583,-6.3783546],[-38.2983518,-6.3795139],[-38.2988931,-6.3795411],[-38.3018985,-6.3785765],[-38.3021395,-6.3784992],[-38.3022728,-6.378456],[-38.3051894,-6.3775203],[-38.3095146,-6.3776673],[-38.3133693,-6.3812168],[-38.3147957,-6.3836127],[-38.3166429,-6.3838265],[-38.3213312,-6.3824204],[-38.3245348,-6.3797905],[-38.3346161,-6.3755992],[-38.3365803,-6.3742009]]]},"properties":{"CD_MUN":"2407252","NM_MUN":"Major Sales","CD_RGI":"240010","NM_RGI":"Pau dos Ferros","CD_RGINT":"2403","NM_RGINT":"Mossoró","CD_UF":"24","NM_UF":"Rio Grande do Norte","SIGLA_UF":"RN","CD_REGIA":"2","NM_REGIA":"Nordeste","SIGLA_RG":"NE","CD_CONCU":"","NM_CONCU":"","AREA_KM2":31.971}},
{"type":"Feature","geometry":{"type":"Polygon","coordinates":[[[-35.7213801,-6.1731356],[-35.7273286,-6.156366],[-35.7322502,-6.1424914],[-35.7323124,-6.1424891],[-35.7897352,-6.1403484],[-35.8082464,-6.1396583],[-35.8207566,-6.129362],[-35.8258004,-6.0788654],[-35.82321,-6.0743628],[-35.8950342,-6.1412121],[-35.9182066,-6.1627896],[-35.9175273,-6.1626719],[-35.9111582,-6.1898726],[-35.8939132,-6.2634038],[-35.8869705,-6.2929628],[-35.8802204,-6.3216807],[-35.8705459,-6.3627822],[-35.8682923,-6.3628249],[-35.8650324,-6.3626384],[-35.8612951,-6.3621721],[-35.858594,-6.3609631],[-35.8572457,-6.3606853],[-35.8555964,-6.3607766],[-35.8538621,-6.3614391],[-35.8499149,-6.3622473],[-35.8459839,-6.3603396],[-35.8416052,-6.3575612],[-35.8399505,-6.3562418],[-35.8393349,-6.3557509],[-35.8387192,-6.35526],[-35.8383711,-6.3549824],[-35.8383169,-6.3549392],[-35.8358921,-6.3524737],[-35.8332337,-6.3493635],[-35.8312091,-6.3464108],[-35.8301588,-6.3437216],[-35.8264748,-6.3422345],[-35.827776,-6.3386166],[-35.8233978,-6.3359466],[-35.8204582,-6.3338597],[-35.820044,-6.3333218],[-35.8196346,-6.3327902],[-35.8187237,-6.3316072],[-35.8134747,-6.3274849],[-35.80874,-6.32277],[-35.8067737,-6.32117],[-35.8040698,-6.3189698],[-35.8038344,-6.3180012],[-35.8029082,-6.3169287],[-35.8020272,-6.3126759],[-35.8014408,-6.3106317],[-35.7993581,-6.3079492],[-35.7981403,-6.3055334],[-35.7968545,-6.3014413],[-35.7959279,-6.3001527],[-35.7959706,-6.2970835],[-35.796419,-6.2953555],[-35.7964105,-6.2936312],[-35.795882,-6.2915322],[-35.79507,-6.2899226],[-35.7933174,-6.2845427],[-35.7940548,-6.2825434],[-35.7951953,-6.2813518],[-35.7987463,-6.2792871],[-35.7992023,-6.2788525],[-35.7994829,-6.2777366],[-35.7966891,-6.2763156],[-35.7950265,-6.2758048],[-35.7936055,-6.2755897],[-35.7928117,-6.2748535],[-35.7923739,-6.2740775],[-35.7911841,-6.2733428],[-35.7901522,-6.2723119],[-35.7883281,-6.2710609],[-35.7870994,-6.2697702],[-35.7867563,-6.2683184],[-35.7864525,-6.2670316],[-35.7844738,-6.2660797],[-35.7849777,-6.2644087],[-35.7860725,-6.2626987],[-35.7855186,-6.2621075],[-35.7854357,-6.2613681],[-35.7858058,-6.2606033],[-35.7846393,-6.2595939],[-35.7848279,-6.2585181],[-35.7857694,-6.2572518],[-35.7865556,-6.2566566],[-35.7863133,-6.25562],[-35.7851977,-6.2538472],[-35.7858637,-6.2527699],[-35.7856266,-6.2525855],[-35.7853896,-6.2524011],[-35.7842796,-6.2520362],[-35.783325,-6.2503369],[-35.7831592,-6.2489289],[-35.7827183,-6.2477824],[-35.7829469,-6.2465219],[-35.7840524,-6.2459975],[-35.7846128,-6.2453106],[-35.7859351,-6.2436896],[-35.7861243,-6.2423932],[-35.7874393,-6.2374201],[-35.7888901,-6.2352262],[-35.7908569,-6.2341037],[-35.7909339,-6.2337703],[-35.7910108,-6.2334368],[-35.7906873,-6.2317333],[-35.7907604,-6.2306959],[-35.7905191,-6.2298058],[-35.7899228,-6.2290315],[-35.7880219,-6.228154],[-35.7852016,-6.2242777],[-35.7836018,-6.2231707],[-35.7812421,-6.222507],[-35.7807685,-6.2223738],[-35.777574,-6.2232423],[-35.7734616,-6.2219313],[-35.7720374,-6.2211239],[-35.7714351,-6.219681],[-35.7712632,-6.2169421],[-35.7708269,-6.2165362],[-35.7703907,-6.2161304],[-35.7700664,-6.2146493],[-35.7689934,-6.2128379],[-35.7663791,-6.2104125],[-35.7664645,-6.2101365],[-35.7668398,-6.2089228],[-35.7682828,-6.2056167],[-35.7686601,-6.2024272],[-35.7692074,-6.2010178],[-35.7692018,-6.2000813],[-35.7691963,-6.1990896],[-35.7680392,-6.196539],[-35.7665393,-6.196844],[-35.7654386,-6.1974419],[-35.7649706,-6.1987049],[-35.7650547,-6.1995199],[-35.7643043,-6.2006278],[-35.7640729,-6.2009693],[-35.7633664,-6.2015664],[-35.7617948,-6.2016484],[-35.7612769,-6.201466],[-35.760759,-6.2012837],[-35.7602795,-6.200249],[-35.7600739,-6.1986565],[-35.7595823,-6.1977583],[-35.7578918,-6.1961038],[-35.7565802,-6.1948201],[-35.756463,-6.1941155],[-35.7561309,-6.192118],[-35.7565988,-6.190856],[-35.7562002,-6.1901909],[-35.754857,-6.1899023],[-35.7535928,-6.1898342],[-35.752608,-6.1901715],[-35.7515031,-6.1902534],[-35.7502357,-6.1898148],[-35.7492073,-6.188708],[-35.7480911,-6.1868618],[-35.7474175,-6.1864557],[-35.7464641,-6.1853496],[-35.7444081,-6.1847664],[-35.7429856,-6.1847767],[-35.7410113,-6.1844141],[-35.7406454,-6.1826753],[-35.7213801,-6.1731356]]]},"properties":{"CD_MUN":"2414001","NM_MUN":"Tangará","CD_RGI":"240004","NM_RGI":"Santa Cruz","CD_RGINT":"2401","NM_RGINT":"Natal","CD_UF":"24","NM_UF":"Rio Grande do Norte","SIGLA_UF":"RN","CD_REGIA":"2","NM_REGIA":"Nordeste","SIGLA_RG":"NE","CD_CONCU":"","NM_CONCU":"","AREA_KM2":339.484}},
{"type":"Feature","geometry":{"type":"Polygon","coordinates":[[[-37.2639208,-6.73217],[-37.2643846,-6.7345467],[-37.2642175,-6.7380019],[-37.2649477,-6.7389816],[-37.2652719,-6.7404922],[-37.267976,-6.7439603],[-37.2672889,-6.7476077],[-37.2680232,-6.7499938],[-37.2669879,-6.7526184],[-37.2680016,-6.7554868],[-37.2682827,-6.7580337],[-37.2692922,-6.7604814],[-37.269363,-6.7619855],[-37.2716548,-6.7648223],[-37.2739493,-6.7667904],[-37.2723105,-6.7694385],[-37.2710323,-6.7704657],[-37.2650726,-6.7732853],[-37.2578974,-6.7794678],[-37.2573268,-6.7803959],[-37.2570686,-6.7829513],[-37.2574912,-6.7839488],[-37.2605923,-6.7873594],[-37.2572301,-6.7928223],[-37.255417,-6.7984691],[-37.2552407,-6.7994042],[-37.2563972,-6.8041167],[-37.2551439,-6.8110615],[-37.2520401,-6.8130828],[-37.2358911,-6.8235977],[-37.2345993,-6.824636],[-37.2232378,-6.8253896],[-37.2169919,-6.8246265],[-37.2138963,-6.8248191],[-37.1969563,-6.8258727],[-37.1926573,-6.8261401],[-37.1906719,-6.8253657],[-37.1828964,-6.8183125],[-37.1808094,-6.817166],[-37.1728104,-6.8152606],[-37.1700793,-6.8106186],[-37.1663321,-6.8070733],[-37.1537077,-6.7997892],[-37.1522272,-6.7983639],[-37.1494152,-6.791707],[-37.1436921,-6.7832531],[-37.1424477,-6.7824127],[-37.138071,-6.7813586],[-37.1370037,-6.7805249],[-37.1349864,-6.7773036],[-37.1330835,-6.7714889],[-37.13019,-6.7668957],[-37.1289358,-6.765977],[-37.1276574,-6.7655563],[-37.1250882,-6.7664805],[-37.1200602,-6.7672917],[-37.0991378,-6.7605731],[-37.0754171,-6.754134],[-37.075509,-6.7503239],[-37.0769371,-6.7482251],[-37.0761651,-6.7462481],[-37.0764642,-6.7457299],[-37.0784703,-6.7455139],[-37.0828344,-6.7411077],[-37.0838068,-6.7395503],[-37.0840371,-6.7379917],[-37.0831141,-6.7363879],[-37.0831179,-6.7355719],[-37.0871465,-6.7314257],[-37.0874868,-6.7299782],[-37.0915877,-6.726796],[-37.0939398,-6.7236441],[-37.0955763,-6.7245057],[-37.1057356,-6.7254666],[-37.1120126,-6.7274369],[-37.1150989,-6.7290127],[-37.1187977,-6.7297302],[-37.1211836,-6.7309203],[-37.1252663,-6.7312532],[-37.1286209,-6.7308819],[-37.1508705,-6.7367518],[-37.1576955,-6.7396331],[-37.1748094,-6.7517689],[-37.1851289,-6.7558554],[-37.2043271,-6.7617324],[-37.2043318,-6.7617339],[-37.2387828,-6.7421469],[-37.2587412,-6.7391247],[-37.2639208,-6.73217]]]},"properties":{"CD_MUN":"2404804","NM_MUN":"Ipueira","CD_RGI":"240007","NM_RGI":"Caicó","CD_RGINT":"2402","NM_RGINT":"Caicó","CD_UF":"24","NM_UF":"Rio Grande do Norte","SIGLA_UF":"RN","CD_REGIA":"2","NM_REGIA":"Nordeste","SIGLA_RG":"NE","CD_CONCU":"","NM_CONCU":"","AREA_KM2":127.348}},
{"type":"Feature","geometry":{"type":"Polygon","coordinates":[[[-35.2722146,-6.3702075],[-35.2666912,-6.3242885],[-35.2667414,-6.3195682],[-35.2681568,-6.3132991],[-35.2683128,-6.3123395],[-35.26955,-6.3047258],[-35.271465,-6.2929482],[-35.2856764,-6.2053222],[-35.3189557,-6.1909586],[-35.3192159,-6.1912131],[-35.3194237,-6.1916893],[-35.3201294,-6.1927201],[-35.320437,-6.1940555],[-35.320854,-6.1949933],[-35.3210508,-6.1961695],[-35.3210379,-6.1968694],[-35.3205491,-6.1980029],[-35.3206631,-6.1984467],[-35.3225884,-6.2024807],[-35.3231531,-6.2040533],[-35.3242078,-6.205529],[-35.324578,-6.2063871],[-35.3243609,-6.2080736],[-35.3247166,-6.2091555],[-35.3247664,-6.2096488],[-35.3246119,-6.2105881],[-35.3259724,-6.2282609],[-35.3244366,-6.2327663],[-35.3240194,-6.2339902],[-35.3235775,-6.2565037],[-35.3234656,-6.2577048],[-35.3234702,-6.25834],[-35.3238737,-6.2595388],[-35.3238754,-6.2600339],[-35.3230819,-6.2614723],[-35.3231081,-6.2619906],[-35.3232994,-6.2628118],[-35.3236078,-6.2634238],[-35.3235994,-6.2666248],[-35.3231629,-6.2691212],[-35.3232354,-6.2711312],[-35.3233441,-6.2716],[-35.323353,-6.2716384],[-35.3325171,-6.3111381],[-35.333133,-6.3137929],[-35.3337849,-6.3137472],[-35.334296,-6.3138162],[-35.3372101,-6.3148824],[-35.3400641,-6.314983],[-35.342209,-6.3152563],[-35.3458246,-6.3346226],[-35.3462145,-6.337101],[-35.3460272,-6.3383231],[-35.3459685,-6.3387059],[-35.3450967,-6.3404072],[-35.3441461,-6.3413563],[-35.3444023,-6.3423449],[-35.3444052,-6.3432407],[-35.344711,-6.3441837],[-35.3445161,-6.3454105],[-35.344773,-6.3462582],[-35.3441982,-6.3474865],[-35.3446062,-6.3483806],[-35.3447073,-6.3490408],[-35.3443607,-6.3497028],[-35.3444211,-6.3520617],[-35.3447125,-6.3526738],[-35.345004,-6.3532859],[-35.3451486,-6.353392],[-35.3462153,-6.3541748],[-35.3460701,-6.3554024],[-35.345672,-6.3562054],[-35.3460288,-6.3574295],[-35.3465355,-6.3584182],[-35.345663,-6.359791],[-35.34527,-6.3620553],[-35.3449205,-6.3625763],[-35.3425146,-6.3639094],[-35.3419612,-6.3640511],[-35.3417404,-6.3651919],[-35.3414666,-6.3710401],[-35.3412687,-6.3722194],[-35.3423834,-6.3746996],[-35.342274,-6.3755674],[-35.3399766,-6.3781779],[-35.3391763,-6.3799132],[-35.3388928,-6.3811059],[-35.3306998,-6.3872648],[-35.3252278,-6.3913784],[-35.323595,-6.3926058],[-35.3153446,-6.3988079],[-35.3096188,-6.4031122],[-35.2915491,-6.3872131],[-35.2914396,-6.3871182],[-35.2900803,-6.3859224],[-35.2728678,-6.3707807],[-35.2712117,-6.3722041],[-35.2722146,-6.3702075]]]},"properties":{"CD_MUN":"2403509","NM_MUN":"Espírito Santo","CD_RGI":"240003","NM_RGI":"Canguaretama","CD_RGINT":"2401","NM_RGINT":"Natal","CD_UF":"24","NM_UF":"Rio Grande do Norte","SIGLA_UF":"RN","CD_REGIA":"2","NM_REGIA":"Nordeste","SIGLA_RG":"NE","CD_CONCU":"","NM_CONCU":"","AREA_KM2":135.837}},
{"type":"Feature","geometry":{"type":"Polygon","coordinates":[[[-36.8975261,-5.6034823],[-36.8957095,-5.6066658],[-36.8953285,-5.607931],[-36.8950609,-5.6122137],[-36.8948047,-5.6136816],[-36.894465,-5.6147401],[-36.8938736,-5.6157586],[-36.89261,-5.6171818],[-36.8921187,-5.6212408],[-36.8911282,-5.6232779],[-36.8914199,-5.6267274],[-36.8924623,-5.6301096],[-36.8922334,-5.6308429],[-36.8892069,-5.6350808],[-36.888137,-5.6363343],[-36.88534,-5.6377194],[-36.8842032,-5.6385223],[-36.8834449,-5.6396218],[-36.8833673,-5.6405758],[-36.8840329,-5.6441033],[-36.884106,-5.6455708],[-36.8839478,-5.6467434],[-36.8834907,-5.6480627],[-36.8818967,-5.6503355],[-36.8816669,-5.651215],[-36.8817382,-5.652977],[-36.8822258,-5.6561132],[-36.883276,-5.6692255],[-36.8835511,-5.6726601],[-36.8839692,-5.682352],[-36.8847151,-5.6849985],[-36.8860641,-5.6876465],[-36.8869648,-5.6888249],[-36.887565,-5.6904409],[-36.8874065,-5.6922034],[-36.8869482,-5.6938205],[-36.887073,-5.7005671],[-36.8878204,-5.7032172],[-36.8897734,-5.7055734],[-36.8935658,-5.7108361],[-36.8895724,-5.7140743],[-36.8877174,-5.7142163],[-36.8853999,-5.7138323],[-36.8838522,-5.7142039],[-36.8795573,-5.7161038],[-36.8763056,-5.7172928],[-36.873367,-5.7179607],[-36.8693034,-5.7194096],[-36.867214,-5.7204542],[-36.8652768,-5.7219517],[-36.8630253,-5.7244214],[-36.8616687,-5.7256574],[-36.8592693,-5.7261733],[-36.8560278,-5.7252604],[-36.8532483,-5.7242723],[-36.8513962,-5.7239647],[-36.8491923,-5.7241449],[-36.8477977,-5.7251165],[-36.8462416,-5.7272889],[-36.8442337,-5.7294388],[-36.8426841,-5.7304855],[-36.8407853,-5.7321708],[-36.8386072,-5.7356172],[-36.8377558,-5.7365167],[-36.8357413,-5.7372607],[-36.8317616,-5.737207],[-36.8299818,-5.7379534],[-36.8284275,-5.7398251],[-36.8274947,-5.7414011],[-36.826021,-5.7428221],[-36.823621,-5.7439411],[-36.8208759,-5.7442691],[-36.817246,-5.7440278],[-36.8155423,-5.744474],[-36.8140721,-5.7455192],[-36.8128648,-5.7475824],[-36.8120029,-5.75066],[-36.811304,-5.7515576],[-36.8073877,-5.7541513],[-36.8054826,-5.7558125],[-36.8050521,-5.7561879],[-36.803803,-5.7567692],[-36.8034156,-5.7569493],[-36.803035,-5.7571262],[-36.8009506,-5.7571172],[-36.7997014,-5.756301],[-36.7982448,-5.7560261],[-36.7964715,-5.7561203],[-36.7955688,-5.7566579],[-36.7944549,-5.7567209],[-36.7897429,-5.7551685],[-36.7880643,-5.7545685],[-36.7867102,-5.754893],[-36.7853972,-5.7556672],[-36.7798178,-5.7618707],[-36.7785467,-5.7628096],[-36.7760519,-5.7636222],[-36.7727756,-5.7639178],[-36.7711283,-5.7639125],[-36.7694796,-5.7636562],[-36.7674549,-5.7630331],[-36.7663158,-5.7624539],[-36.763273,-5.7573269],[-36.762176,-5.7565836],[-36.7612472,-5.7563317],[-36.7601494,-5.7565743],[-36.757053,-5.7591924],[-36.7563778,-5.7593546],[-36.7554698,-5.7590107],[-36.7548806,-5.7585556],[-36.7522914,-5.7533052],[-36.7446868,-5.7395962],[-36.7417369,-5.7360697],[-36.7377061,-5.7330832],[-36.729624,-5.7259408],[-36.7275074,-5.7231223],[-36.7252275,-5.7195082],[-36.7223949,-5.7158315],[-36.7207484,-5.7141345],[-36.7156966,-5.7099917],[-36.7141278,-5.7089401],[-36.7083357,-5.7039099],[-36.7046175,-5.7029688],[-36.7026797,-5.7014333],[-36.7035893,-5.70143],[-36.7045661,-5.70115],[-36.7069881,-5.7000773],[-36.7082943,-5.6998933],[-36.709653,-5.6998518],[-36.7115897,-5.7001913],[-36.7140135,-5.7002003],[-36.71474,-5.7000144],[-36.7151304,-5.6994509],[-36.7153276,-5.69865],[-36.7152378,-5.6978123],[-36.7146597,-5.6958208],[-36.7146609,-5.6952548],[-36.7151498,-5.6945973],[-36.7161214,-5.6939874],[-36.7169465,-5.693709],[-36.7213055,-5.693725],[-36.7236867,-5.6921817],[-36.7251438,-5.6915259],[-36.7256295,-5.6911504],[-36.728162,-5.6880043],[-36.7317648,-5.6842923],[-36.7323461,-5.6834504],[-36.7327892,-5.6817537],[-36.7325102,-5.6788662],[-36.7328928,-5.6739602],[-36.7332612,-5.6729893],[-36.7346333,-5.6709158],[-36.7346807,-5.6703416],[-36.7343692,-5.6686588],[-36.734645,-5.6679976],[-36.7356473,-5.6672931],[-36.7384213,-5.6675696],[-36.7391031,-5.6673952],[-36.7397419,-5.6669114],[-36.7400187,-5.6657179],[-36.7398007,-5.665169],[-36.7387996,-5.6637357],[-36.7385036,-5.6629319],[-36.7385397,-5.6622518],[-36.7395731,-5.6605303],[-36.7396462,-5.6599118],[-36.7394403,-5.6588197],[-36.7388448,-5.657057],[-36.7388882,-5.6564921],[-36.7391312,-5.655959],[-36.7394502,-5.655685],[-36.7400139,-5.6556197],[-36.7422072,-5.6556614],[-36.7431265,-5.6554244],[-36.7447898,-5.6545707],[-36.7470165,-5.6543744],[-36.7476549,-5.6541709],[-36.7481618,-5.6537777],[-36.7484358,-5.6533484],[-36.748561,-5.6523254],[-36.7485141,-5.6514931],[-36.7508564,-5.648718],[-36.751141,-5.648031],[-36.7509838,-5.6468485],[-36.8158933,-5.6426255],[-36.860365,-5.6213011],[-36.8975261,-5.6034823]]]},"properties":{"CD_MUN":"2404853","NM_MUN":"Itajá","CD_RGI":"240011","NM_RGI":"Açu","CD_RGINT":"2403","NM_RGINT":"Mossoró","CD_UF":"24","NM_UF":"Rio Grande do Norte","SIGLA_UF":"RN","CD_REGIA":"2","NM_REGIA":"Nordeste","SIGLA_RG":"NE","CD_CONCU":"","NM_CONCU":"","AREA_KM2":203.624}},
{"type":"Feature","geometry":{"type":"Polygon","coordinates":[[[-37.1407196,-6.1809518],[-37.1446985,-6.1836306],[-37.148442,-6.1842129],[-37.1506632,-6.1849865],[-37.1542272,-6.1892176],[-37.1546816,-6.1905595],[-37.1542384,-6.1923406],[-37.1544231,-6.1928867],[-37.1551896,-6.1938607],[-37.1578531,-6.1964582],[-37.1589396,-6.19843],[-37.163003,-6.2013452],[-37.1648167,-6.20156],[-37.1688327,-6.2010491],[-37.1721504,-6.2018294],[-37.1738594,-6.202231],[-37.1743701,-6.2029562],[-37.1750934,-6.2064439],[-37.1791587,-6.2087201],[-37.1812864,-6.2095362],[-37.1830944,-6.2097032],[-37.1879706,-6.2095169],[-37.1923181,-6.2117905],[-37.1930473,-6.2122717],[-37.1997,-6.2187862],[-37.2045869,-6.2227917],[-37.2070794,-6.2248347],[-37.2086447,-6.2257094],[-37.2162852,-6.2272544],[-37.2199109,-6.2306448],[-37.2214197,-6.2341079],[-37.2166198,-6.2454625],[-37.2173209,-6.274832],[-37.2183852,-6.3194211],[-37.2186586,-6.3309684],[-37.2193792,-6.3615894],[-37.2195321,-6.3680871],[-37.2608993,-6.4043234],[-37.2574398,-6.4062183],[-37.2548978,-6.4078814],[-37.2501979,-6.4113758],[-37.2469069,-6.4134978],[-37.2432552,-6.4152362],[-37.2372835,-6.417759],[-37.2357175,-6.418766],[-37.228336,-6.4247431],[-37.2222692,-6.4292452],[-37.2204882,-6.4303224],[-37.213227,-6.4333564],[-37.2125508,-6.4335069],[-37.2114374,-6.433346],[-37.2086934,-6.4323242],[-37.2069544,-6.4323432],[-37.2030224,-6.4335841],[-37.2013265,-6.4344938],[-37.1985444,-6.4364476],[-37.1978259,-6.4366714],[-37.1967682,-6.4366302],[-37.1944661,-6.435486],[-37.1930103,-6.4358219],[-37.1913693,-6.4365796],[-37.1900739,-6.43752],[-37.1884689,-6.4390067],[-37.1866066,-6.4377758],[-37.1833168,-6.4367931],[-37.1800075,-6.4368421],[-37.177111,-6.4374412],[-37.1673823,-6.4428656],[-37.1655011,-6.4431826],[-37.1624927,-6.4445709],[-37.1569348,-6.444886],[-37.1528043,-6.4470349],[-37.1476377,-6.447226],[-37.1403754,-6.4484809],[-37.139679,-6.440679],[-37.1408029,-6.4279706],[-37.101956,-6.41762],[-37.1001806,-6.4160705],[-37.0997924,-6.4129821],[-37.0965192,-6.4120253],[-37.09476,-6.4098138],[-37.0934215,-6.4092252],[-37.0916957,-6.4098948],[-37.090175,-6.4093464],[-37.088654,-6.4083782],[-37.0870866,-6.4061122],[-37.0858349,-6.4052575],[-37.081335,-6.403401],[-37.0814018,-6.4046865],[-37.0803773,-6.4050287],[-37.0792842,-6.4048043],[-37.0761694,-6.4023499],[-37.0751592,-6.4024012],[-37.0732894,-6.4036393],[-37.0728498,-6.3924812],[-37.0753092,-6.3842604],[-37.0757342,-6.382839],[-37.080993,-6.3652547],[-37.0818504,-6.3598793],[-37.0816173,-6.3542286],[-37.0753713,-6.3074549],[-37.0754479,-6.3060535],[-37.0809443,-6.2940197],[-37.0813563,-6.2923173],[-37.0808855,-6.2905728],[-37.0508145,-6.2399661],[-37.0486697,-6.2363566],[-37.0479016,-6.2347325],[-37.0457156,-6.2239157],[-37.0629434,-6.2182177],[-37.0700798,-6.2374759],[-37.0717662,-6.236535],[-37.0739673,-6.238493],[-37.0757026,-6.2381259],[-37.0792326,-6.2386621],[-37.0809101,-6.24065],[-37.0816263,-6.2406443],[-37.0826311,-6.2383886],[-37.0847847,-6.2368533],[-37.085421,-6.2349401],[-37.0866633,-6.2346072],[-37.0900317,-6.2353004],[-37.0935233,-6.2318186],[-37.0956223,-6.2324572],[-37.0965278,-6.232113],[-37.0970917,-6.2311868],[-37.0971579,-6.2270056],[-37.0974993,-6.2262477],[-37.0992328,-6.2243671],[-37.1022773,-6.223197],[-37.1040032,-6.2209146],[-37.1043937,-6.2200082],[-37.1044826,-6.2194195],[-37.103771,-6.2173597],[-37.1041781,-6.2157549],[-37.105944,-6.2148359],[-37.1107533,-6.2158366],[-37.1121514,-6.2156305],[-37.1131098,-6.2154361],[-37.1144728,-6.2141214],[-37.115629,-6.2139036],[-37.1161243,-6.21344],[-37.116567,-6.2114901],[-37.1161263,-6.2075298],[-37.1165698,-6.2061904],[-37.1184124,-6.2074279],[-37.1213019,-6.2074772],[-37.1232897,-6.2059916],[-37.1244029,-6.2064506],[-37.1249945,-6.208153],[-37.1263491,-6.2092186],[-37.1273258,-6.2086544],[-37.1304659,-6.2092803],[-37.1316561,-6.2087676],[-37.1319475,-6.2084262],[-37.1320904,-6.2076525],[-37.1317072,-6.2054404],[-37.1338855,-6.2031296],[-37.1341955,-6.2019985],[-37.1328269,-6.2003375],[-37.132673,-6.1993224],[-37.1331762,-6.197839],[-37.1321019,-6.1950525],[-37.1295144,-6.1932606],[-37.129195,-6.1925501],[-37.1308593,-6.1911655],[-37.1326712,-6.1880448],[-37.1328861,-6.1876747],[-37.1365224,-6.1843343],[-37.1369424,-6.1831258],[-37.1381849,-6.1827265],[-37.1398205,-6.1833817],[-37.1406016,-6.183075],[-37.1407196,-6.1809518]]]},"properties":{"CD_MUN":"2411809","NM_MUN":"São Fernando","CD_RGI":"240007","NM_RGI":"Caicó","CD_RGINT":"2402","NM_RGINT":"Caicó","CD_UF":"24","NM_UF":"Rio Grande do Norte","SIGLA_UF":"RN","CD_REGIA":"2","NM_REGIA":"Nordeste","SIGLA_RG":"NE","CD_CONCU":"","NM_CONCU":"","AREA_KM2":404.427}},
{"type":"Feature","geometry":{"type":"Polygon","coordinates":[[[-37.7766132,-6.2458749],[-37.7838514,-6.2516185],[-37.7860243,-6.2528923],[-37.789432,-6.2538878],[-37.791317,-6.2555481],[-37.7929115,-6.2561862],[-37.7944358,-6.2564733],[-37.8068478,-6.2562541],[-37.8153906,-6.2542771],[-37.8207238,-6.2539931],[-37.828045,-6.2528489],[-37.8349458,-6.2526501],[-37.8418409,-6.253264],[-37.8469172,-6.254475],[-37.8500784,-6.2558922],[-37.854748,-6.259394],[-37.8593111,-6.2639503],[-37.8696807,-6.2685567],[-37.8717844,-6.2690202],[-37.876287,-6.2681839],[-37.8783199,-6.2684007],[-37.879915,-6.2691077],[-37.8809271,-6.2705581],[-37.8817928,-6.2730975],[-37.884979,-6.2761348],[-37.8879527,-6.2779402],[-37.908096,-6.2851899],[-37.9024074,-6.2977753],[-37.9008456,-6.3180234],[-37.9008228,-6.3183184],[-37.8889515,-6.3222822],[-37.8671322,-6.3295675],[-37.8640558,-6.332386],[-37.8621077,-6.3327377],[-37.8605034,-6.3322606],[-37.8584127,-6.3307899],[-37.857149,-6.330551],[-37.8533036,-6.3325552],[-37.8431953,-6.3330881],[-37.842521,-6.3299915],[-37.8410325,-6.3277573],[-37.8401542,-6.3267737],[-37.8337316,-6.3217787],[-37.8313529,-6.3205218],[-37.8287325,-6.3195293],[-37.8234499,-6.3180033],[-37.8226736,-6.3177791],[-37.816476,-6.3162093],[-37.814755,-6.3151432],[-37.8143138,-6.3139492],[-37.814536,-6.3123121],[-37.8167289,-6.3110284],[-37.8227521,-6.3087166],[-37.823629,-6.308011],[-37.8240301,-6.3060337],[-37.8161741,-6.2966963],[-37.8121239,-6.2927268],[-37.810421,-6.291658],[-37.807014,-6.290964],[-37.8031165,-6.2913376],[-37.7974274,-6.2893669],[-37.794518,-6.2890329],[-37.7888363,-6.290085],[-37.7809578,-6.2908278],[-37.7763293,-6.2908879],[-37.771699,-6.290948],[-37.7648844,-6.2922364],[-37.7621254,-6.2920783],[-37.7583118,-6.2913066],[-37.7576625,-6.2907722],[-37.75743,-6.2893298],[-37.7577967,-6.287781],[-37.7580798,-6.2865855],[-37.7589759,-6.2855221],[-37.7627136,-6.2826378],[-37.7655672,-6.2782288],[-37.7700371,-6.275346],[-37.7714219,-6.2730651],[-37.7714011,-6.2680535],[-37.7704779,-6.2656362],[-37.7694901,-6.2645672],[-37.7624358,-6.25868],[-37.7605496,-6.2557801],[-37.7605164,-6.2540906],[-37.7617411,-6.2528734],[-37.7766132,-6.2458749]]]},"properties":{"CD_MUN":"2405900","NM_MUN":"João Dias","CD_RGI":"240010","NM_RGI":"Pau dos Ferros","CD_RGINT":"2403","NM_RGINT":"Mossoró","CD_UF":"24","NM_UF":"Rio Grande do Norte","SIGLA_UF":"RN","CD_REGIA":"2","NM_REGIA":"Nordeste","SIGLA_RG":"NE","CD_CONCU":"","NM_CONCU":"","AREA_KM2":88.173}},
{"type":"Feature","geometry":{"type":"Polygon","coordinates":[[[-35.2244294,-6.5216328],[-35.2610046,-6.4924199],[-35.2740026,-6.4820324],[-35.2753732,-6.4809371],[-35.275532,-6.4792751],[-35.2774433,-6.4592703],[-35.2777834,-6.4557077],[-35.2774897,-6.4504878],[-35.2781292,-6.4493011],[-35.279174,-6.4485402],[-35.2862118,-6.4479709],[-35.2883729,-6.4487552],[-35.2928104,-6.4503647],[-35.293991,-6.4504118],[-35.2983662,-6.4489934],[-35.3005634,-6.4474217],[-35.3027158,-6.4476273],[-35.3044299,-6.4468663],[-35.3059647,-6.4471844],[-35.307099,-6.4485225],[-35.3080148,-6.4488964],[-35.3133355,-6.4491409],[-35.3143609,-6.4496055],[-35.3144476,-6.4498938],[-35.318667,-6.4639881],[-35.3189425,-6.4649084],[-35.3280546,-6.4953499],[-35.329831,-6.5011691],[-35.3411562,-6.5382679],[-35.3412638,-6.5386169],[-35.3367656,-6.5420267],[-35.3339749,-6.5432932],[-35.3307729,-6.5443414],[-35.3137559,-6.5445176],[-35.308965,-6.5439306],[-35.3027151,-6.5441533],[-35.2935886,-6.5444786],[-35.2835028,-6.5437043],[-35.2745652,-6.5438778],[-35.273219,-6.5434758],[-35.2695306,-6.5423748],[-35.2532105,-6.5340104],[-35.235804,-6.5327296],[-35.2323484,-6.5317766],[-35.2297786,-6.5303291],[-35.2273973,-6.5276059],[-35.2253354,-6.5243459],[-35.2244294,-6.5216328]]]},"properties":{"CD_MUN":"2407708","NM_MUN":"Montanhas","CD_RGI":"240003","NM_RGI":"Canguaretama","CD_RGINT":"2401","NM_RGINT":"Natal","CD_UF":"24","NM_UF":"Rio Grande do Norte","SIGLA_UF":"RN","CD_REGIA":"2","NM_REGIA":"Nordeste","SIGLA_RG":"NE","CD_CONCU":"","NM_CONCU":"","AREA_KM2":82.214}},
{"type":"Feature","geometry":{"type":"Polygon","coordinates":[[[-35.0442889,-6.2838453],[-35.0470087,-6.2866025],[-35.0462226,-6.294122],[-35.046911,-6.2964275],[-35.0495262,-6.2962858],[-35.0508883,-6.2975333],[-35.0524504,-6.2977905],[-35.0538739,-6.2972577],[-35.0551674,-6.2980437],[-35.0564567,-6.2979079],[-35.058083,-6.2969126],[-35.059547,-6.2979748],[-35.0612442,-6.2981001],[-35.0628032,-6.2974998],[-35.0634095,-6.2978734],[-35.0606076,-6.3030327],[-35.0594645,-6.3171589],[-35.0698134,-6.3162872],[-35.0554957,-6.3269752],[-35.0572841,-6.3276816],[-35.0606392,-6.3278311],[-35.0620043,-6.3283735],[-35.0652814,-6.3303252],[-35.0707969,-6.3352201],[-35.0734329,-6.3355422],[-35.0783791,-6.3378162],[-35.0826349,-6.3384004],[-35.084469,-6.3399342],[-35.1174387,-6.333804],[-35.1187847,-6.3047453],[-35.1188533,-6.3032646],[-35.1189073,-6.3020994],[-35.1168495,-6.298636],[-35.1163272,-6.2959929],[-35.116398,-6.2926035],[-35.1174705,-6.2890493],[-35.117895,-6.2842736],[-35.1167638,-6.281753],[-35.1235157,-6.2845271],[-35.1285158,-6.2853216],[-35.13129,-6.2864159],[-35.1355949,-6.2908451],[-35.1357349,-6.2909892],[-35.1396552,-6.2950228],[-35.1438123,-6.2972748],[-35.1452516,-6.2990276],[-35.1461249,-6.3001952],[-35.1469635,-6.3025319],[-35.145477,-6.3168926],[-35.1471596,-6.3174571],[-35.1500772,-6.3153069],[-35.1518043,-6.3138903],[-35.1549447,-6.3130563],[-35.1559622,-6.3131513],[-35.1650903,-6.3186445],[-35.1664529,-6.3201005],[-35.1674415,-6.3220013],[-35.1653136,-6.3273542],[-35.1628287,-6.3361347],[-35.1630835,-6.3422986],[-35.166113,-6.3479315],[-35.1664698,-6.3520494],[-35.1673867,-6.3539994],[-35.1699697,-6.3553226],[-35.174886,-6.3564916],[-35.1766776,-6.3569176],[-35.178058,-6.3572458],[-35.1864053,-6.3572155],[-35.1882953,-6.3583036],[-35.1937229,-6.3580616],[-35.1986693,-6.3592854],[-35.1995496,-6.3591835],[-35.2025255,-6.3588388],[-35.2073807,-6.3576802],[-35.2103941,-6.3579251],[-35.2120279,-6.3580579],[-35.2216831,-6.3575216],[-35.2253422,-6.3563962],[-35.2269295,-6.3556984],[-35.2292742,-6.3531559],[-35.2316802,-6.352067],[-35.2348651,-6.349524],[-35.2360516,-6.3492848],[-35.245435,-6.3547137],[-35.2479615,-6.3561754],[-35.2722146,-6.3702075],[-35.2712117,-6.3722041],[-35.2659321,-6.3767355],[-35.2626644,-6.3826678],[-35.2603589,-6.384108],[-35.2594179,-6.3851992],[-35.2567071,-6.3899038],[-35.2524378,-6.3910809],[-35.2509389,-6.3927867],[-35.247298,-6.3933462],[-35.2460436,-6.3947804],[-35.2410387,-6.3954824],[-35.2374731,-6.3974696],[-35.2357324,-6.4000637],[-35.232832,-6.4017765],[-35.2316469,-6.4030729],[-35.231384,-6.407224],[-35.2317179,-6.411304],[-35.2306469,-6.4183305],[-35.2306284,-6.4184519],[-35.2291647,-6.4203639],[-35.2275211,-6.4209836],[-35.2221965,-6.4212775],[-35.2189671,-6.4195906],[-35.216057,-6.4188553],[-35.2097541,-6.4199723],[-35.2079317,-6.4197749],[-35.1992631,-6.4161386],[-35.1965676,-6.4164226],[-35.1961442,-6.4159484],[-35.1924259,-6.4150107],[-35.1913065,-6.4153565],[-35.1879757,-6.4149106],[-35.1851062,-6.4154659],[-35.184875,-6.4156648],[-35.1841355,-6.4163012],[-35.1840401,-6.4165864],[-35.183367,-6.4185992],[-35.1810833,-6.4223464],[-35.1802824,-6.4279642],[-35.1804796,-6.4325451],[-35.1794203,-6.433354],[-35.1775338,-6.4339339],[-35.174583,-6.4336031],[-35.1726923,-6.4330372],[-35.171443,-6.4305246],[-35.1722068,-6.4435325],[-35.1723974,-6.4467784],[-35.1501383,-6.5198404],[-35.1461718,-6.532846],[-35.1458071,-6.5527598],[-35.1454435,-6.5527097],[-35.1437397,-6.5508148],[-35.1432934,-6.5477856],[-35.139483,-6.5457198],[-35.1359808,-6.5401973],[-35.1346572,-6.5395177],[-35.1326306,-6.5357621],[-35.129901,-6.5330789],[-35.1253243,-6.5312461],[-35.1234536,-6.5298608],[-35.1222239,-6.5274628],[-35.1218915,-6.5252359],[-35.1186306,-6.5207835],[-35.1182643,-6.517769],[-35.1175854,-6.51619],[-35.1132913,-6.5103808],[-35.1122331,-6.5078517],[-35.1122327,-6.5078501],[-35.1125496,-6.5051175],[-35.1134015,-6.5014303],[-35.113727,-6.4977159],[-35.1101292,-6.4461166],[-35.1318449,-6.4077332],[-35.1316993,-6.4077324],[-35.1307026,-6.4077303],[-35.1297543,-6.4082595],[-35.1297582,-6.4098437],[-35.1288113,-6.4102442],[-35.1273247,-6.4119635],[-35.1256904,-6.4109157],[-35.1241984,-6.4114482],[-35.1230414,-6.410927],[-35.12222,-6.4094809],[-35.1211391,-6.4104073],[-35.1210069,-6.411596],[-35.119784,-6.4113352],[-35.1186896,-6.4093628],[-35.1175359,-6.4096324],[-35.1168624,-6.4109524],[-35.1150982,-6.4112222],[-35.1153617,-6.4095075],[-35.1148135,-6.408059],[-35.1126351,-6.4066187],[-35.112831,-6.4053001],[-35.1149947,-6.4025211],[-35.1149895,-6.4014676],[-35.1114587,-6.40148],[-35.1105653,-6.398979],[-35.1085335,-6.4001726],[-35.1073105,-6.3999136],[-35.1074372,-6.3982011],[-35.1056732,-6.3982065],[-35.1037778,-6.3996659],[-35.1030398,-6.4015149],[-35.1015419,-6.4009939],[-35.1009903,-6.3990183],[-35.1030168,-6.3963721],[-35.1031466,-6.3950529],[-35.1010407,-6.3945348],[-35.0998125,-6.3934859],[-35.1011655,-6.391896],[-35.1011597,-6.3903129],[-35.0998013,-6.3904527],[-35.0977695,-6.3916463],[-35.0963435,-6.3912575],[-35.0975454,-6.3865052],[-35.0944245,-6.387442],[-35.0936039,-6.3865215],[-35.0939394,-6.3850705],[-35.0956994,-6.3834802],[-35.0936524,-6.3812475],[-35.0936435,-6.3790068],[-35.0839128,-6.3742982],[-35.080656,-6.3751016],[-35.0768548,-6.3751169],[-35.0744729,-6.3736761],[-35.0726934,-6.3705192],[-35.0672498,-6.3672443],[-35.0625469,-6.363307],[-35.0628141,-6.361986],[-35.0703226,-6.3545732],[-35.0707144,-6.3507469],[-35.0677096,-6.3464071],[-35.0615094,-6.341422],[-35.0529233,-6.3332797],[-35.0488886,-6.3264394],[-35.0417255,-6.3176317],[-35.0371711,-6.3144906],[-35.0318745,-6.3108385],[-35.0316478,-6.3079392],[-35.0316449,-6.3079022],[-35.0315646,-6.3069273],[-35.0313222,-6.3063997],[-35.0312373,-6.3062149],[-35.0310643,-6.3056716],[-35.0312946,-6.3047086],[-35.0316108,-6.3033857],[-35.0320303,-6.30199],[-35.0322677,-6.300936],[-35.0324459,-6.2998037],[-35.0325961,-6.2984601],[-35.0328047,-6.2970073],[-35.0329016,-6.296083],[-35.0330708,-6.2946228],[-35.0331928,-6.293765],[-35.0332037,-6.2932978],[-35.0333041,-6.2928177],[-35.0333983,-6.2916185],[-35.0334646,-6.2907034],[-35.0334792,-6.2901587],[-35.0334057,-6.2893575],[-35.03328,-6.2889163],[-35.0333934,-6.288694],[-35.0333685,-6.2881721],[-35.0333335,-6.2874433],[-35.0333622,-6.2866035],[-35.033395,-6.2863985],[-35.0343088,-6.2863708],[-35.0349189,-6.2861936],[-35.0349512,-6.2861783],[-35.0353331,-6.2861958],[-35.0357149,-6.2862132],[-35.0380492,-6.2851951],[-35.0385406,-6.2851512],[-35.0414245,-6.2848933],[-35.0442889,-6.2838453]]]},"properties":{"CD_MUN":"2402204","NM_MUN":"Canguaretama","CD_RGI":"240003","NM_RGI":"Canguaretama","CD_RGINT":"2401","NM_RGINT":"Natal","CD_UF":"24","NM_UF":"Rio Grande do Norte","SIGLA_UF":"RN","CD_REGIA":"2","NM_REGIA":"Nordeste","SIGLA_RG":"NE","CD_CONCU":"","NM_CONCU":"","AREA_KM2":245.485}},
{"type":"Feature","geometry":{"type":"Polygon","coordinates":[[[-38.2719691,-6.2226205],[-38.2614737,-6.2284449],[-38.261461,-6.2284519],[-38.2610483,-6.2296073],[-38.256776,-6.2415651],[-38.2491037,-6.2470426],[-38.249128,-6.2492579],[-38.231596,-6.2391328],[-38.2203073,-6.232614],[-38.1943473,-6.220773],[-38.1939225,-6.2205792],[-38.1935712,-6.220006],[-38.1837285,-6.2039345],[-38.1719994,-6.1953022],[-38.1696401,-6.1940569],[-38.1661844,-6.1910335],[-38.1660688,-6.1886927],[-38.1655568,-6.1880513],[-38.1639674,-6.1867271],[-38.1618028,-6.1860069],[-38.1617269,-6.1847619],[-38.1631629,-6.1811863],[-38.1685282,-6.1748847],[-38.1734745,-6.1699835],[-38.1947291,-6.1608431],[-38.2071918,-6.1555703],[-38.2362676,-6.1638657],[-38.2388523,-6.1638513],[-38.2390671,-6.1638501],[-38.249116,-6.1637941],[-38.277554,-6.1810385],[-38.2701209,-6.1820865],[-38.2667535,-6.1841825],[-38.2711522,-6.1977398],[-38.2652831,-6.2092342],[-38.2719691,-6.2226205]]]},"properties":{"CD_MUN":"2410504","NM_MUN":"Rafael Fernandes","CD_RGI":"240010","NM_RGI":"Pau dos Ferros","CD_RGINT":"2403","NM_RGINT":"Mossoró","CD_UF":"24","NM_UF":"Rio Grande do Norte","SIGLA_UF":"RN","CD_REGIA":"2","NM_REGIA":"Nordeste","SIGLA_RG":"NE","CD_CONCU":"","NM_CONCU":"","AREA_KM2":78.231}},
{"type":"Feature","geometry":{"type":"Polygon","coordinates":[[[-37.797791,-6.2172636],[-37.7980834,-6.2165579],[-37.7979555,-6.2160826],[-37.7956538,-6.2143607],[-37.7981272,-6.2115102],[-37.7993061,-6.2062618],[-37.7986188,-6.2045997],[-37.7960075,-6.2018205],[-37.7964881,-6.1985701],[-37.7976212,-6.1959019],[-37.7972649,-6.1927026],[-37.7987357,-6.1893778],[-37.7999632,-6.1882244],[-37.8031988,-6.1833851],[-37.804278,-6.1785242],[-37.8049358,-6.1775777],[-37.8068281,-6.1766986],[-37.8085834,-6.173079],[-37.8083982,-6.1720904],[-37.8064793,-6.1710971],[-37.8061999,-6.1706102],[-37.8060832,-6.1704069],[-37.8062252,-6.169447],[-37.8083164,-6.1686223],[-37.809703,-6.1686533],[-37.8100101,-6.1686605],[-37.8107019,-6.16813],[-37.8091923,-6.1643261],[-37.8088227,-6.1640621],[-37.8064562,-6.1636284],[-37.8034027,-6.1641517],[-37.8021353,-6.1631985],[-37.8027161,-6.1618172],[-37.800464,-6.1602053],[-37.7999609,-6.1591761],[-37.8008986,-6.1575635],[-37.8012095,-6.1570288],[-37.8013149,-6.1568476],[-37.8014832,-6.1565582],[-37.8011535,-6.1559099],[-37.8008463,-6.1556179],[-37.8004169,-6.1552098],[-37.8000518,-6.1548606],[-37.8009533,-6.153688],[-37.8018617,-6.1522345],[-37.8030394,-6.1450489],[-37.8033396,-6.1442311],[-37.8038366,-6.1436522],[-37.8049792,-6.1434149],[-37.8058714,-6.1434156],[-37.807461,-6.1439509],[-37.8081054,-6.143807],[-37.8102219,-6.1426235],[-37.8118329,-6.1424407],[-37.8125762,-6.1427799],[-37.8133205,-6.143408],[-37.8145096,-6.1438307],[-37.8194917,-6.1387027],[-37.8202425,-6.1379298],[-37.8375524,-6.1201116],[-37.8510147,-6.1111164],[-37.8639581,-6.1039804],[-37.8658771,-6.1069435],[-37.8657765,-6.1076577],[-37.8650084,-6.1087426],[-37.8586602,-6.1137315],[-37.8578497,-6.1151623],[-37.8582453,-6.1177246],[-37.8576852,-6.1188311],[-37.8583421,-6.1200676],[-37.8581375,-6.1206083],[-37.8569704,-6.1219348],[-37.8573769,-6.122675],[-37.8576765,-6.1232189],[-37.8586893,-6.1236424],[-37.8607166,-6.1236454],[-37.861481,-6.1234491],[-37.8623931,-6.1236495],[-37.8626454,-6.1242895],[-37.8626419,-6.1261632],[-37.8628938,-6.1265839],[-37.8647662,-6.126391],[-37.8674088,-6.1268391],[-37.8689823,-6.1262266],[-37.8724374,-6.1242125],[-37.8752839,-6.1215323],[-37.8766549,-6.1204483],[-37.8783321,-6.1196647],[-37.879398,-6.1197172],[-37.8802074,-6.1204073],[-37.8804551,-6.1234904],[-37.8799433,-6.125609],[-37.8772992,-6.1279695],[-37.8769427,-6.1288313],[-37.8771399,-6.1317894],[-37.8767827,-6.1323813],[-37.8752616,-6.1322311],[-37.8727757,-6.1322975],[-37.8710995,-6.1331332],[-37.8702871,-6.133772],[-37.8701831,-6.1348587],[-37.8710407,-6.1363858],[-37.8710898,-6.1373724],[-37.8714956,-6.137842],[-37.8731166,-6.1383886],[-37.8731661,-6.1391272],[-37.8726986,-6.1396602],[-37.87002,-6.1397618],[-37.8696641,-6.1401058],[-37.8704228,-6.140824],[-37.8713374,-6.1411204],[-37.8724507,-6.1418611],[-37.8726033,-6.1423068],[-37.8722476,-6.1428492],[-37.8704173,-6.1439284],[-37.8700617,-6.1446431],[-37.8701575,-6.1455798],[-37.8704622,-6.1462205],[-37.871426,-6.1467655],[-37.8752299,-6.1470482],[-37.8760396,-6.1485757],[-37.8770019,-6.1494627],[-37.8780152,-6.1501066],[-37.8807992,-6.1506914],[-37.8809465,-6.1550172],[-37.8831249,-6.1569466],[-37.8838829,-6.1581559],[-37.8846878,-6.1615591],[-37.8855963,-6.1634848],[-37.8862049,-6.1641753],[-37.8890428,-6.1662024],[-37.8894967,-6.1668701],[-37.8872365,-6.168164],[-37.8606134,-6.1833938],[-37.8598286,-6.1832821],[-37.8550694,-6.1838027],[-37.797791,-6.2172636]]]},"properties":{"CD_MUN":"2404002","NM_MUN":"Frutuoso Gomes","CD_RGI":"240010","NM_RGI":"Pau dos Ferros","CD_RGINT":"2403","NM_RGINT":"Mossoró","CD_UF":"24","NM_UF":"Rio Grande do Norte","SIGLA_UF":"RN","CD_REGIA":"2","NM_REGIA":"Nordeste","SIGLA_RG":"NE","CD_CONCU":"","NM_CONCU":"","AREA_KM2":63.279}},
{"type":"Feature","geometry":{"type":"Polygon","coordinates":[[[-35.6599873,-6.2222146],[-35.6630497,-6.1998558],[-35.6631666,-6.1989997],[-35.6633165,-6.1979017],[-35.6893202,-6.1959027],[-35.7406454,-6.1826753],[-35.7410113,-6.1844141],[-35.7429856,-6.1847767],[-35.7444081,-6.1847664],[-35.7464641,-6.1853496],[-35.7474175,-6.1864557],[-35.7480911,-6.1868618],[-35.7492073,-6.188708],[-35.7502357,-6.1898148],[-35.7515031,-6.1902534],[-35.752608,-6.1901715],[-35.7535928,-6.1898342],[-35.754857,-6.1899023],[-35.7562002,-6.1901909],[-35.7565988,-6.190856],[-35.7561309,-6.192118],[-35.756463,-6.1941155],[-35.7565802,-6.1948201],[-35.7578918,-6.1961038],[-35.7595823,-6.1977583],[-35.7600739,-6.1986565],[-35.7602795,-6.200249],[-35.760759,-6.2012837],[-35.7612769,-6.201466],[-35.7617948,-6.2016484],[-35.7633664,-6.2015664],[-35.7640729,-6.2009693],[-35.7643043,-6.2006278],[-35.7650547,-6.1995199],[-35.7649706,-6.1987049],[-35.7654386,-6.1974419],[-35.7665393,-6.196844],[-35.7680392,-6.196539],[-35.7691963,-6.1990896],[-35.7692018,-6.2000813],[-35.7692074,-6.2010178],[-35.7686601,-6.2024272],[-35.7682828,-6.2056167],[-35.7668398,-6.2089228],[-35.7664645,-6.2101365],[-35.7663791,-6.2104125],[-35.7689934,-6.2128379],[-35.7700664,-6.2146493],[-35.7703907,-6.2161304],[-35.7708269,-6.2165362],[-35.7712632,-6.2169421],[-35.7714351,-6.219681],[-35.7720374,-6.2211239],[-35.7734616,-6.2219313],[-35.777574,-6.2232423],[-35.7807685,-6.2223738],[-35.7812421,-6.222507],[-35.7836018,-6.2231707],[-35.7852016,-6.2242777],[-35.7880219,-6.228154],[-35.7899228,-6.2290315],[-35.7905191,-6.2298058],[-35.7907604,-6.2306959],[-35.7906873,-6.2317333],[-35.7910108,-6.2334368],[-35.7909339,-6.2337703],[-35.7908569,-6.2341037],[-35.7888901,-6.2352262],[-35.7874393,-6.2374201],[-35.7861243,-6.2423932],[-35.7859351,-6.2436896],[-35.7846128,-6.2453106],[-35.7840524,-6.2459975],[-35.7829469,-6.2465219],[-35.7827183,-6.2477824],[-35.7831592,-6.2489289],[-35.783325,-6.2503369],[-35.7842796,-6.2520362],[-35.7853896,-6.2524011],[-35.7856266,-6.2525855],[-35.7858637,-6.2527699],[-35.7851977,-6.2538472],[-35.7863133,-6.25562],[-35.7865556,-6.2566566],[-35.7857694,-6.2572518],[-35.7848279,-6.2585181],[-35.7846393,-6.2595939],[-35.7858058,-6.2606033],[-35.7854357,-6.2613681],[-35.7855186,-6.2621075],[-35.7860725,-6.2626987],[-35.7849777,-6.2644087],[-35.7844738,-6.2660797],[-35.7864525,-6.2670316],[-35.7867563,-6.2683184],[-35.7870994,-6.2697702],[-35.7883281,-6.2710609],[-35.7901522,-6.2723119],[-35.7911841,-6.2733428],[-35.7923739,-6.2740775],[-35.7928117,-6.2748535],[-35.7936055,-6.2755897],[-35.7950265,-6.2758048],[-35.7966891,-6.2763156],[-35.7994829,-6.2777366],[-35.7992023,-6.2788525],[-35.7987463,-6.2792871],[-35.7951953,-6.2813518],[-35.7940548,-6.2825434],[-35.7933174,-6.2845427],[-35.79507,-6.2899226],[-35.795882,-6.2915322],[-35.7964105,-6.2936312],[-35.796419,-6.2953555],[-35.7959706,-6.2970835],[-35.7959279,-6.3001527],[-35.7968545,-6.3014413],[-35.7981403,-6.3055334],[-35.7993581,-6.3079492],[-35.8014408,-6.3106317],[-35.8020272,-6.3126759],[-35.8029082,-6.3169287],[-35.8038344,-6.3180012],[-35.8040698,-6.3189698],[-35.8067737,-6.32117],[-35.80874,-6.32277],[-35.8134747,-6.3274849],[-35.8187237,-6.3316072],[-35.8196346,-6.3327902],[-35.820044,-6.3333218],[-35.8204582,-6.3338597],[-35.8233978,-6.3359466],[-35.827776,-6.3386166],[-35.8264748,-6.3422345],[-35.8301588,-6.3437216],[-35.8312091,-6.3464108],[-35.8332337,-6.3493635],[-35.8358921,-6.3524737],[-35.8383169,-6.3549392],[-35.8383711,-6.3549824],[-35.8387192,-6.35526],[-35.8393349,-6.3557509],[-35.8399505,-6.3562418],[-35.8416052,-6.3575612],[-35.8459839,-6.3603396],[-35.8499149,-6.3622473],[-35.8538621,-6.3614391],[-35.8555964,-6.3607766],[-35.8572457,-6.3606853],[-35.858594,-6.3609631],[-35.8612951,-6.3621721],[-35.8650324,-6.3626384],[-35.8682923,-6.3628249],[-35.8705459,-6.3627822],[-35.868469,-6.3841731],[-35.8649076,-6.3833443],[-35.8602919,-6.3799687],[-35.8582641,-6.3794473],[-35.8561842,-6.3795646],[-35.854984,-6.3802095],[-35.8518099,-6.3796988],[-35.8503329,-6.3800233],[-35.8492333,-6.3794969],[-35.8475787,-6.3774937],[-35.8448053,-6.3779272],[-35.8431886,-6.3766958],[-35.8434425,-6.3777729],[-35.7913969,-6.3999888],[-35.7734498,-6.4076443],[-35.7646792,-6.4186136],[-35.7465091,-6.4040786],[-35.7321103,-6.3940281],[-35.7235352,-6.3880425],[-35.6830217,-6.3581066],[-35.6822989,-6.3525741],[-35.6699292,-6.3487003],[-35.6698382,-6.3317545],[-35.6708674,-6.3269399],[-35.671417,-6.3145531],[-35.6712461,-6.312462],[-35.6700618,-6.310288],[-35.6690539,-6.3094552],[-35.6673749,-6.3086258],[-35.6663703,-6.3087988],[-35.6658786,-6.3103097],[-35.664044,-6.3121656],[-35.6630204,-6.313582],[-35.6617986,-6.3145768],[-35.660186,-6.3153269],[-35.6595026,-6.3154185],[-35.6576385,-6.3152785],[-35.657197,-6.3156295],[-35.6572758,-6.3181366],[-35.6569267,-6.3187319],[-35.6563796,-6.3189555],[-35.6558514,-6.3189567],[-35.6547649,-6.3186946],[-35.6538342,-6.3182278],[-35.6524711,-6.3180839],[-35.6511229,-6.3182788],[-35.6500514,-6.3189196],[-35.6496124,-6.3194523],[-35.6494854,-6.3203331],[-35.6496256,-6.3216963],[-35.6493358,-6.325527],[-35.648331,-6.3265427],[-35.6474512,-6.3268119],[-35.6460499,-6.326751],[-35.6436755,-6.3262433],[-35.6432257,-6.3257564],[-35.6614118,-6.2677783],[-35.6638733,-6.246204],[-35.6641942,-6.2456042],[-35.6651526,-6.2447268],[-35.6657902,-6.2436657],[-35.6659701,-6.2425619],[-35.6657791,-6.2411833],[-35.6664121,-6.23902],[-35.6639953,-6.2338845],[-35.6636258,-6.2327427],[-35.6625879,-6.2278294],[-35.6599873,-6.2222146]]]},"properties":{"CD_MUN":"2412302","NM_MUN":"São José do Campestre","CD_RGI":"240002","NM_RGI":"Santo Antônio - Passa e Fica - Nova Cruz","CD_RGINT":"2401","NM_RGINT":"Natal","CD_UF":"24","NM_UF":"Rio Grande do Norte","SIGLA_UF":"RN","CD_REGIA":"2","NM_REGIA":"Nordeste","SIGLA_RG":"NE","CD_CONCU":"","NM_CONCU":"","AREA_KM2":341.115}},
{"type":"Feature","geometry":{"type":"Polygon","coordinates":[[[-38.014307,-5.8540763],[-38.0092915,-5.8483748],[-38.0088697,-5.8459536],[-38.007778,-5.8432084],[-38.0068695,-5.8419878],[-38.006933,-5.8406467],[-38.0065684,-5.8397319],[-38.005841,-5.8391199],[-38.004625,-5.8388445],[-38.0038432,-5.8382387],[-38.0028653,-5.837012],[-38.0021975,-5.8365844],[-38.0011624,-5.8365212],[-37.9996998,-5.8379816],[-37.9989105,-5.8382848],[-37.9982706,-5.8382333],[-37.997848,-5.8381991],[-37.997402,-5.8374449],[-37.9973551,-5.8368532],[-37.9968302,-5.8358305],[-37.9953164,-5.8347981],[-37.9947478,-5.8344107],[-37.9936744,-5.8321843],[-37.993004,-5.8312873],[-37.9905162,-5.8290824],[-37.9881849,-5.828052],[-37.9869717,-5.8281782],[-37.9843807,-5.8296163],[-37.9829101,-5.8302038],[-37.9801271,-5.8331795],[-37.9798206,-5.8321341],[-37.9777347,-5.8250304],[-37.975171,-5.8162992],[-37.9387981,-5.7984539],[-37.9385046,-5.7983099],[-37.9195345,-5.7890028],[-37.914584,-5.7865739],[-37.9132518,-5.7859207],[-37.9132249,-5.7859075],[-37.9128489,-5.785723],[-37.9117438,-5.785181],[-37.9097543,-5.7842051],[-37.9090327,-5.7810015],[-37.9084309,-5.7783301],[-37.9033504,-5.7557762],[-37.9029294,-5.753908],[-37.9020173,-5.7498596],[-37.8812264,-5.6971325],[-37.8813202,-5.6969462],[-37.8823134,-5.6972705],[-37.937505,-5.7152946],[-37.9388252,-5.7157257],[-37.9513652,-5.7198227],[-37.9518692,-5.7199873],[-37.9743769,-5.7273389],[-37.9904918,-5.7326024],[-37.9918927,-5.7330601],[-38.0585928,-5.7548514],[-38.0555743,-5.7612627],[-38.0457963,-5.7832702],[-38.014307,-5.8540763]]]},"properties":{"CD_MUN":"2413607","NM_MUN":"Severiano Melo","CD_RGI":"240009","NM_RGI":"Mossoró","CD_RGINT":"2403","NM_RGINT":"Mossoró","CD_UF":"24","NM_UF":"Rio Grande do Norte","SIGLA_UF":"RN","CD_REGIA":"2","NM_REGIA":"Nordeste","SIGLA_RG":"NE","CD_CONCU":"","NM_CONCU":"","AREA_KM2":157.85}},
{"type":"Feature","geometry":{"type":"Polygon","coordinates":[[[-35.3499311,-6.2248793],[-35.3494614,-6.2231333],[-35.348369,-6.2210588],[-35.3479019,-6.2195613],[-35.3476987,-6.2181673],[-35.3469748,-6.2167695],[-35.3467739,-6.2159084],[-35.345414,-6.2118439],[-35.3451275,-6.2087882],[-35.3456239,-6.207268],[-35.3452716,-6.206149],[-35.3451866,-6.2058791],[-35.3451861,-6.2058777],[-35.3450757,-6.2054107],[-35.344992,-6.2045418],[-35.3449519,-6.2041151],[-35.3449163,-6.2037356],[-35.3449157,-6.2037299],[-35.3451278,-6.2036515],[-35.345126,-6.2035799],[-35.3451057,-6.2028089],[-35.345727,-6.1984068],[-35.3457929,-6.1971146],[-35.3454269,-6.1953198],[-35.345283,-6.1950756],[-35.344336,-6.193469],[-35.341744,-6.190308],[-35.3393719,-6.1854459],[-35.3516768,-6.1821554],[-35.3521007,-6.1820418],[-35.3523816,-6.1819666],[-35.3813898,-6.1584597],[-35.4029444,-6.2101431],[-35.4029474,-6.2101504],[-35.40302,-6.2103246],[-35.4234444,-6.2366777],[-35.4364252,-6.2534265],[-35.4239299,-6.2700588],[-35.4227593,-6.2716171],[-35.4227476,-6.2716274],[-35.4221218,-6.2721821],[-35.4209384,-6.2732311],[-35.4173494,-6.2715413],[-35.4150678,-6.2697697],[-35.4119469,-6.2686198],[-35.4108038,-6.2677327],[-35.4098607,-6.2663502],[-35.4089654,-6.2656133],[-35.4082709,-6.2650955],[-35.4058934,-6.2640662],[-35.4051482,-6.2635261],[-35.4043462,-6.2612516],[-35.4044398,-6.2600786],[-35.4039868,-6.258447],[-35.4019441,-6.2551378],[-35.4014947,-6.2541494],[-35.4010916,-6.2524404],[-35.4011332,-6.2509063],[-35.4016668,-6.2484791],[-35.4016553,-6.2462218],[-35.4013823,-6.2454525],[-35.4013602,-6.24539],[-35.4011343,-6.2454131],[-35.3948726,-6.2460541],[-35.3581296,-6.2498125],[-35.3499311,-6.2248793]]]},"properties":{"CD_MUN":"2401800","NM_MUN":"Brejinho","CD_RGI":"240001","NM_RGI":"Natal","CD_RGINT":"2401","NM_RGINT":"Natal","CD_UF":"24","NM_UF":"Rio Grande do Norte","SIGLA_UF":"RN","CD_REGIA":"2","NM_REGIA":"Nordeste","SIGLA_RG":"NE","CD_CONCU":"","NM_CONCU":"","AREA_KM2":61.559}},
{"type":"Feature","geometry":{"type":"Polygon","coordinates":[[[-38.014307,-5.8540763],[-38.0457963,-5.7832702],[-38.0555743,-5.7612627],[-38.0585928,-5.7548514],[-38.059812,-5.7587394],[-38.0615092,-5.7620533],[-38.0657642,-5.7652436],[-38.0681384,-5.7685366],[-38.0735407,-5.777867],[-38.0761553,-5.7810562],[-38.0876102,-5.793051],[-38.1004934,-5.8045298],[-38.1115386,-5.8186478],[-38.114361,-5.8222554],[-38.1151037,-5.8237846],[-38.1158544,-5.8293916],[-38.1166394,-5.8311755],[-38.1188643,-5.8328348],[-38.1191223,-5.8348832],[-38.1188258,-5.8361403],[-38.1169761,-5.8402895],[-38.1161601,-5.843146],[-38.1162857,-5.8479868],[-38.1205458,-5.8583475],[-38.1225154,-5.8817401],[-38.1249373,-5.8876121],[-38.1267102,-5.8902032],[-38.1276392,-5.891561],[-38.1395189,-5.8991732],[-38.1425539,-5.9016407],[-38.1435119,-5.9031457],[-38.1441464,-5.905895],[-38.1441462,-5.9058972],[-38.1439129,-5.9089133],[-38.1446253,-5.9137543],[-38.1467201,-5.9161778],[-38.1580578,-5.9239066],[-38.1592981,-5.9245759],[-38.1600077,-5.9249589],[-38.1632086,-5.9266864],[-38.1640605,-5.9274628],[-38.1647024,-5.9289298],[-38.1654372,-5.9321039],[-38.1634901,-5.9388958],[-38.1575684,-5.9383446],[-38.1530397,-5.9388819],[-38.1491448,-5.9387848],[-38.1431665,-5.9400096],[-38.142099,-5.939811],[-38.1396489,-5.9374002],[-38.1374685,-5.9363919],[-38.1324244,-5.9390069],[-38.1321087,-5.9398809],[-38.1302392,-5.9396697],[-38.1274326,-5.940602],[-38.1230213,-5.9410455],[-38.1216262,-5.9416961],[-38.1230949,-5.9451506],[-38.123065,-5.9457056],[-38.1215407,-5.9458333],[-38.12027,-5.9435711],[-38.1197765,-5.9431784],[-38.1162105,-5.9422485],[-38.1144318,-5.9411929],[-38.1115819,-5.9361285],[-38.1074492,-5.9325963],[-38.1020508,-5.9233338],[-38.0986223,-5.9204303],[-38.0899709,-5.9152169],[-38.0803971,-5.9105237],[-38.0741039,-5.9092219],[-38.0603739,-5.9037767],[-38.0573137,-5.9018421],[-38.0510931,-5.8966777],[-38.0395161,-5.8844765],[-38.0042924,-5.8568598],[-38.0141118,-5.8556254],[-38.0139165,-5.8549521],[-38.0144351,-5.8542374],[-38.014307,-5.8540763]]]},"properties":{"CD_MUN":"2411007","NM_MUN":"Rodolfo Fernandes","CD_RGI":"240009","NM_RGI":"Mossoró","CD_RGINT":"2403","NM_RGINT":"Mossoró","CD_UF":"24","NM_UF":"Rio Grande do Norte","SIGLA_UF":"RN","CD_REGIA":"2","NM_REGIA":"Nordeste","SIGLA_RG":"NE","CD_CONCU":"","NM_CONCU":"","AREA_KM2":154.84}},
{"type":"Feature","geometry":{"type":"Polygon","coordinates":[[[-35.9248041,-6.0106325],[-35.881273,-6.0372638],[-35.8788395,-6.0387526],[-35.871654,-6.0431486],[-35.8225271,-6.0731758],[-35.8053532,-6.0433243],[-35.7986908,-6.0425774],[-35.7783375,-6.015875],[-35.834772,-5.9470964],[-35.8652004,-5.9685642],[-35.8984622,-5.9920383],[-35.9248041,-6.0106325]]]},"properties":{"CD_MUN":"2406403","NM_MUN":"Lagoa de Velhos","CD_RGI":"240006","NM_RGI":"São Paulo do Potengi","CD_RGINT":"2401","NM_RGINT":"Natal","CD_UF":"24","NM_UF":"Rio Grande do Norte","SIGLA_UF":"RN","CD_REGIA":"2","NM_REGIA":"Nordeste","SIGLA_RG":"NE","CD_CONCU":"","NM_CONCU":"","AREA_KM2":111.607}},
{"type":"Feature","geometry":{"type":"Polygon","coordinates":[[[-37.9211942,-5.9598024],[-37.9535874,-5.9558634],[-37.9704782,-5.9565601],[-37.9713519,-5.9585071],[-37.9725034,-5.9599499],[-37.9742538,-5.9613372],[-37.9759242,-5.9614989],[-37.9777698,-5.9614496],[-37.9799318,-5.9610634],[-37.9803245,-5.9611345],[-37.981857,-5.9623755],[-37.9823074,-5.9629402],[-37.9827855,-5.9639689],[-37.9829412,-5.9661127],[-37.9837437,-5.9674431],[-37.9835509,-5.9678173],[-37.9828098,-5.9684906],[-37.9824255,-5.9681672],[-37.9817525,-5.9680709],[-37.9811415,-5.9683193],[-37.9804679,-5.9689108],[-37.9793108,-5.9708707],[-37.9791476,-5.9720103],[-37.9785696,-5.9728178],[-37.9783743,-5.9741263],[-37.976826,-5.9790748],[-37.9758621,-5.9798262],[-37.974643,-5.9801342],[-37.9736811,-5.9806322],[-37.9731664,-5.9813161],[-37.973163,-5.9820648],[-37.9772633,-5.9850961],[-37.9787365,-5.9867188],[-37.979182,-5.9876535],[-37.9794364,-5.9890878],[-37.9793056,-5.9908039],[-37.9785334,-5.9924828],[-37.9771195,-5.9941636],[-37.9826828,-6.001868],[-37.9832607,-6.0022422],[-37.9850568,-6.0024042],[-37.9855081,-6.0027827],[-37.9866562,-6.0051479],[-37.987038,-6.0055844],[-37.9879356,-6.0061479],[-37.9879984,-6.0066469],[-37.9875467,-6.0074553],[-37.9878026,-6.0082044],[-37.9891455,-6.0102504],[-37.9915058,-6.0158213],[-37.9874701,-6.0148288],[-37.9851623,-6.0148559],[-37.9838779,-6.0152281],[-37.9816955,-6.0162828],[-37.9802765,-6.0167147],[-37.9778472,-6.0160905],[-37.9770133,-6.0160565],[-37.9766939,-6.0164297],[-37.9766908,-6.0168032],[-37.9763715,-6.0171146],[-37.975195,-6.0171737],[-37.9737431,-6.0160512],[-37.972911,-6.0151761],[-37.972013,-6.0149252],[-37.9715016,-6.014114],[-37.9715656,-6.0133661],[-37.9712453,-6.0129592],[-37.9687562,-6.0125214],[-37.9682349,-6.0116456],[-37.9677266,-6.0095258],[-37.9669572,-6.0090896],[-37.9656118,-6.0090229],[-37.9544159,-6.0295521],[-37.9525146,-6.02847],[-37.9506361,-6.0270533],[-37.950137,-6.0243044],[-37.9498356,-6.0235114],[-37.9489834,-6.022345],[-37.9475926,-6.0215377],[-37.9461747,-6.0202795],[-37.94467,-6.0168929],[-37.9438088,-6.0154207],[-37.9432481,-6.0134868],[-37.9430813,-6.0114309],[-37.943208,-6.0098317],[-37.9413951,-6.0100791],[-37.9402694,-6.0104329],[-37.9396195,-6.0109778],[-37.9388388,-6.0120274],[-37.9373242,-6.012991],[-37.9366699,-6.0135949],[-37.9364158,-6.0144992],[-37.935396,-6.0155664],[-37.9348752,-6.0171962],[-37.9339269,-6.00427],[-37.934009,-6.0021394],[-37.9211942,-5.9598024]]]},"properties":{"CD_MUN":"2414902","NM_MUN":"Viçosa","CD_RGI":"240010","NM_RGI":"Pau dos Ferros","CD_RGINT":"2403","NM_RGINT":"Mossoró","CD_UF":"24","NM_UF":"Rio Grande do Norte","SIGLA_UF":"RN","CD_REGIA":"2","NM_REGIA":"Nordeste","SIGLA_RG":"NE","CD_CONCU":"","NM_CONCU":"","AREA_KM2":37.905}},
{"type":"Feature","geometry":{"type":"Polygon","coordinates":[[[-36.2232316,-5.4338742],[-36.1599433,-5.4341125],[-36.1380237,-5.4499635],[-36.1285469,-5.4568166],[-36.0633023,-5.4053987],[-36.0280203,-5.4448549],[-36.0276707,-5.4452451],[-35.9924082,-5.4637876],[-35.9997448,-5.4160192],[-36.0004056,-5.4151343],[-36.012403,-5.3990501],[-36.0369144,-5.3012398],[-36.0382597,-5.3002967],[-36.0508177,-5.2987559],[-36.0623658,-5.3040149],[-36.0682574,-5.29705],[-36.0709201,-5.29657],[-36.0839089,-5.2923174],[-36.1035402,-5.2865186],[-36.1337894,-5.2669803],[-36.1505826,-5.2567209],[-36.1517303,-5.2571871],[-36.1543652,-5.256207],[-36.1568,-5.25553],[-36.1591,-5.2556],[-36.1598,-5.25614],[-36.1600976,-5.2585313],[-36.1601004,-5.2586817],[-36.1601185,-5.2596584],[-36.27584,-5.2894775],[-36.2756528,-5.2899916],[-36.2413034,-5.3843219],[-36.2232316,-5.4338742]]]},"properties":{"CD_MUN":"2405108","NM_MUN":"Jandaíra","CD_RGI":"240005","NM_RGI":"João Câmara","CD_RGINT":"2401","NM_RGINT":"Natal","CD_UF":"24","NM_UF":"Rio Grande do Norte","SIGLA_UF":"RN","CD_REGIA":"2","NM_REGIA":"Nordeste","SIGLA_RG":"NE","CD_CONCU":"","NM_CONCU":"","AREA_KM2":442.754}},
{"type":"Feature","geometry":{"type":"Polygon","coordinates":[[[-35.0978139,-6.1397538],[-35.0978309,-6.1374202],[-35.0978933,-6.1368086],[-35.098,-6.1357622],[-35.098166,-6.133155],[-35.0982364,-6.1299477],[-35.0982759,-6.1255977],[-35.0983309,-6.1251398],[-35.0984496,-6.1241513],[-35.0986148,-6.1229895],[-35.0984252,-6.12225],[-35.0983354,-6.1214939],[-35.0982676,-6.120306],[-35.0982087,-6.1184747],[-35.0983201,-6.1176057],[-35.0985266,-6.1172985],[-35.0985471,-6.117268],[-35.0989051,-6.1168338],[-35.0991982,-6.1160619],[-35.0994031,-6.1145754],[-35.0994085,-6.1145627],[-35.099784,-6.1136804],[-35.0999092,-6.113204],[-35.0999746,-6.112335],[-35.1000496,-6.1121389],[-35.100084,-6.1120489],[-35.1001611,-6.1118472],[-35.1001221,-6.1115866],[-35.1000868,-6.1113503],[-35.1001317,-6.1112905],[-35.1002281,-6.111162],[-35.100294,-6.110669],[-35.1002979,-6.1099146],[-35.100302,-6.1091161],[-35.1002797,-6.1079228],[-35.1002541,-6.1073904],[-35.1002093,-6.1064604],[-35.1001775,-6.1054202],[-35.1001841,-6.1049027],[-35.1001842,-6.1041017],[-35.100034,-6.1034947],[-35.1000223,-6.1026354],[-35.0999717,-6.1012745],[-35.0999512,-6.1003808],[-35.0999016,-6.0995457],[-35.0998547,-6.0983972],[-35.0998526,-6.0983456],[-35.0997828,-6.0973414],[-35.0997166,-6.09635],[-35.0995974,-6.0950639],[-35.0995156,-6.0941242],[-35.0993685,-6.0927417],[-35.0993892,-6.0921264],[-35.0994217,-6.0913658],[-35.0994365,-6.0911005],[-35.0993852,-6.090718],[-35.0993172,-6.0902044],[-35.0992921,-6.0894794],[-35.0992364,-6.088891],[-35.099284,-6.0883573],[-35.0993077,-6.0879344],[-35.0991938,-6.0873314],[-35.0991666,-6.0870338],[-35.0992408,-6.0866503],[-35.0990802,-6.0861286],[-35.0990062,-6.0854729],[-35.0989626,-6.0845607],[-35.098967,-6.0841102],[-35.0988889,-6.0836856],[-35.0987421,-6.0831119],[-35.0986604,-6.0826357],[-35.0987126,-6.0821379],[-35.0990134,-6.0817048],[-35.0993068,-6.0815168],[-35.0996578,-6.081084],[-35.0997565,-6.0809623],[-35.0999767,-6.0805275],[-35.1001643,-6.0799872],[-35.1002273,-6.0795205],[-35.1001321,-6.0790957],[-35.0999734,-6.0788071],[-35.0997879,-6.0785261],[-35.0996177,-6.0783587],[-35.0995525,-6.0782946],[-35.0993617,-6.0780137],[-35.0993545,-6.0777766],[-35.0995051,-6.0776606],[-35.0998502,-6.0773695],[-35.1001046,-6.0770449],[-35.1001136,-6.077017],[-35.1002819,-6.0764989],[-35.1004291,-6.0758013],[-35.1004674,-6.0752138],[-35.1005379,-6.0743796],[-35.1005338,-6.0738305],[-35.1005333,-6.073757],[-35.1002974,-6.0729554],[-35.0998854,-6.0720516],[-35.0994827,-6.0713256],[-35.0992357,-6.0711203],[-35.0991741,-6.0710692],[-35.098965,-6.0708955],[-35.0984696,-6.0705041],[-35.0980967,-6.0703654],[-35.0980699,-6.070361],[-35.09771,-6.0703012],[-35.0976032,-6.0701627],[-35.0975555,-6.069944],[-35.0975852,-6.069507],[-35.0976431,-6.0691351],[-35.097741,-6.0687944],[-35.0977201,-6.068608],[-35.0977068,-6.0684887],[-35.0976999,-6.0684713],[-35.0976684,-6.0683921],[-35.0975325,-6.0680499],[-35.0974209,-6.0677312],[-35.0974075,-6.0676928],[-35.0974349,-6.0676055],[-35.0974515,-6.0675526],[-35.0975833,-6.0674378],[-35.0976523,-6.0673776],[-35.09809,-6.0669406],[-35.0983341,-6.0665818],[-35.0984818,-6.0662879],[-35.098529,-6.066194],[-35.0985716,-6.0658374],[-35.0985462,-6.065333],[-35.0984635,-6.0646063],[-35.0984201,-6.064444],[-35.098283,-6.0639304],[-35.098218,-6.0637123],[-35.0980866,-6.063271],[-35.0980104,-6.0631406],[-35.0979303,-6.0630033],[-35.0977824,-6.06275],[-35.0976151,-6.0625573],[-35.0974189,-6.0623311],[-35.0970005,-6.0617772],[-35.0967137,-6.0613345],[-35.0965945,-6.0609183],[-35.0965554,-6.0603526],[-35.0965014,-6.0594439],[-35.0964228,-6.0588603],[-35.0963373,-6.0584426],[-35.0962929,-6.0580635],[-35.0962716,-6.0578816],[-35.0963025,-6.0572878],[-35.0963253,-6.0572425],[-35.0965824,-6.0567303],[-35.0968639,-6.0561962],[-35.0969724,-6.0558971],[-35.0970092,-6.0556175],[-35.0970197,-6.0555894],[-35.0970791,-6.0554316],[-35.0972996,-6.0552872],[-35.0973957,-6.0552242],[-35.0976931,-6.0552189],[-35.0979995,-6.0551881],[-35.0982523,-6.0551008],[-35.0984366,-6.0549727],[-35.0985683,-6.0548819],[-35.0988149,-6.0549082],[-35.0989175,-6.0550699],[-35.0990229,-6.0551972],[-35.0992377,-6.0552913],[-35.0995447,-6.0553792],[-35.0998194,-6.0556129],[-35.0999683,-6.0559017],[-35.1004779,-6.0564832],[-35.1007847,-6.0566553],[-35.101588,-6.0567283],[-35.1016861,-6.0566993],[-35.1024864,-6.0564626],[-35.1036669,-6.0558349],[-35.104378,-6.05516],[-35.1047985,-6.054772],[-35.1051347,-6.0546529],[-35.105424,-6.0544754],[-35.1059868,-6.0540544],[-35.106307,-6.0534644],[-35.1069485,-6.0525175],[-35.1071086,-6.0521701],[-35.1076356,-6.051027],[-35.1080915,-6.0498992],[-35.1088216,-6.0476368],[-35.1093723,-6.0455845],[-35.1094774,-6.0448889],[-35.1097589,-6.0430262],[-35.1099272,-6.0398702],[-35.1099388,-6.039588],[-35.1099605,-6.039066],[-35.1100369,-6.03722],[-35.1100419,-6.0349208],[-35.109993,-6.0337616],[-35.1099136,-6.0318783],[-35.1097931,-6.0297009],[-35.1097309,-6.0283056],[-35.1096566,-6.0272843],[-35.1093967,-6.0250963],[-35.1092931,-6.024278],[-35.1089965,-6.0219355],[-35.1089827,-6.0218606],[-35.1083605,-6.018492],[-35.107944,-6.0163005],[-35.1078799,-6.0160696],[-35.1076866,-6.0153737],[-35.1076726,-6.0153233],[-35.1073249,-6.0140709],[-35.1071202,-6.0139047],[-35.106817,-6.0135335],[-35.1065831,-6.0133601],[-35.106443,-6.0131257],[-35.106367,-6.0129481],[-35.1063459,-6.0127503],[-35.1063451,-6.0127431],[-35.1062894,-6.0126398],[-35.1061142,-6.0122978],[-35.1060553,-6.0119487],[-35.1060744,-6.0115314],[-35.1061086,-6.0110589],[-35.1061119,-6.0110131],[-35.1061434,-6.0107235],[-35.1061027,-6.0105589],[-35.1064579,-6.0100979],[-35.1065085,-6.0098295],[-35.1065285,-6.0092255],[-35.1064359,-6.0086409],[-35.1062721,-6.0082252],[-35.1062176,-6.0078936],[-35.1061964,-6.0073813],[-35.1062298,-6.0069172],[-35.1063193,-6.0065468],[-35.1066881,-6.0064342],[-35.1073489,-6.0060687],[-35.1080782,-6.0054487],[-35.1082549,-6.0050253],[-35.1086075,-6.0041802],[-35.1091656,-6.0026885],[-35.1097414,-6.0016714],[-35.1103252,-6.000916],[-35.1105573,-6.0006157],[-35.1108365,-6.0002253],[-35.1111258,-5.9998208],[-35.1111821,-5.9996971],[-35.1114568,-5.9990941],[-35.1115176,-5.99879],[-35.1115925,-5.9984153],[-35.111812,-5.9976106],[-35.1119592,-5.9971214],[-35.1123134,-5.9966459],[-35.1125178,-5.9961689],[-35.1126442,-5.9955468],[-35.1129003,-5.9937242],[-35.1128841,-5.9926328],[-35.1126358,-5.9919652],[-35.1125082,-5.991495],[-35.1124668,-5.9913422],[-35.1123379,-5.9907936],[-35.1124314,-5.9903287],[-35.1126246,-5.9898738],[-35.1126628,-5.9897838],[-35.1128374,-5.9895318],[-35.1129322,-5.9892515],[-35.112924,-5.9889637],[-35.1128573,-5.9886641],[-35.1128713,-5.9884754],[-35.112884,-5.9883049],[-35.1130318,-5.9879168],[-35.1131788,-5.9875311],[-35.1132687,-5.9872951],[-35.1136386,-5.9866853],[-35.1143447,-5.9859559],[-35.115076,-5.9856778],[-35.1155278,-5.9857483],[-35.115767,-5.9858202],[-35.1162156,-5.9859551],[-35.116782,-5.9859518],[-35.1173031,-5.9857991],[-35.1180959,-5.9852549],[-35.1188487,-5.9843311],[-35.1193929,-5.983671],[-35.1197491,-5.9832279],[-35.1198219,-5.9830288],[-35.1199024,-5.9829467],[-35.1199932,-5.9828541],[-35.1200106,-5.982845],[-35.1203041,-5.9826912],[-35.1205405,-5.9826292],[-35.1206995,-5.9825876],[-35.1209786,-5.9817212],[-35.1217168,-5.9829457],[-35.1218354,-5.9831425],[-35.1218527,-5.9831711],[-35.1218764,-5.9832129],[-35.1221732,-5.9837348],[-35.1226983,-5.9846582],[-35.1235299,-5.984721],[-35.1237569,-5.9846975],[-35.1250597,-5.9845441],[-35.1260781,-5.984249],[-35.1269983,-5.9839824],[-35.1272478,-5.9836486],[-35.1283344,-5.9821952],[-35.1297866,-5.9821204],[-35.1304223,-5.9815687],[-35.1330874,-5.9792677],[-35.1394204,-5.9742057],[-35.1421703,-5.9717145],[-35.1459436,-5.9687675],[-35.1514921,-5.9644339],[-35.1546635,-5.9612575],[-35.1548146,-5.9610896],[-35.1591577,-5.9562666],[-35.1593203,-5.9560441],[-35.1604538,-5.9544927],[-35.1604864,-5.9544771],[-35.1614316,-5.9540233],[-35.1621239,-5.9536909],[-35.1630548,-5.953244],[-35.165889,-5.9518834],[-35.1748875,-5.9475632],[-35.1756283,-5.9470549],[-35.1813476,-5.9391771],[-35.1814664,-5.9390557],[-35.1827162,-5.9377796],[-35.1889009,-5.9365372],[-35.2040499,-5.9334943],[-35.2059508,-5.9338159],[-35.2092364,-5.9340987],[-35.2108003,-5.9344625],[-35.2120436,-5.9347518],[-35.2130942,-5.9352554],[-35.2148422,-5.9366848],[-35.2167959,-5.9374368],[-35.2182973,-5.9377023],[-35.2207948,-5.9386134],[-35.2247082,-5.9411968],[-35.2257065,-5.9414898],[-35.2295451,-5.943396],[-35.2320429,-5.9456074],[-35.2327963,-5.945976],[-35.2342941,-5.9463999],[-35.2358755,-5.9466063],[-35.2363976,-5.9472746],[-35.2364787,-5.9473786],[-35.2367152,-5.9476813],[-35.2372814,-5.9480615],[-35.2373333,-5.9480963],[-35.2395705,-5.9486924],[-35.2402352,-5.949041],[-35.2414561,-5.9510982],[-35.2429664,-5.951121],[-35.2444027,-5.9518805],[-35.24624,-5.9541644],[-35.2447167,-5.9542744],[-35.2393379,-5.9515488],[-35.2375291,-5.951359],[-35.2353832,-5.9516831],[-35.2334424,-5.9555852],[-35.2303182,-5.9738052],[-35.2299517,-5.982165],[-35.2292519,-5.9862384],[-35.2291478,-5.991378],[-35.2310742,-5.994275],[-35.2323805,-5.9967663],[-35.2327285,-5.9974295],[-35.2325915,-5.9977513],[-35.2326088,-5.9978565],[-35.2322372,-6.0006882],[-35.2331576,-6.0049573],[-35.2328333,-6.0079615],[-35.2310775,-6.0159728],[-35.2297483,-6.0196535],[-35.2297084,-6.019958],[-35.2307384,-6.025384],[-35.2310621,-6.0270888],[-35.2319262,-6.0299352],[-35.2320836,-6.0304535],[-35.2325215,-6.0341619],[-35.2328043,-6.0365566],[-35.2331893,-6.0383555],[-35.2342652,-6.0433814],[-35.2344777,-6.0443744],[-35.2347276,-6.0453436],[-35.2356535,-6.0489344],[-35.2361069,-6.0536593],[-35.2362143,-6.0542248],[-35.2362993,-6.0550986],[-35.236478,-6.0569348],[-35.2367819,-6.0600588],[-35.2373237,-6.0656279],[-35.2375387,-6.0666387],[-35.2375777,-6.0668219],[-35.2375449,-6.0682521],[-35.2374164,-6.0683995],[-35.2371236,-6.0689014],[-35.2370339,-6.0689731],[-35.2364826,-6.0692421],[-35.235564,-6.0696902],[-35.2353488,-6.0698276],[-35.235049,-6.0701299],[-35.2350239,-6.0701471],[-35.2336296,-6.0711026],[-35.23346,-6.0712188],[-35.2324719,-6.0715133],[-35.2321896,-6.0717915],[-35.2321553,-6.0719721],[-35.2320585,-6.0719996],[-35.2316633,-6.0721117],[-35.2304996,-6.0724419],[-35.2293319,-6.0727732],[-35.228072,-6.0734489],[-35.2283267,-6.0749148],[-35.2284516,-6.0790409],[-35.2281025,-6.0830678],[-35.2280195,-6.0840247],[-35.2260593,-6.1066309],[-35.2265507,-6.1068155],[-35.2273121,-6.1065822],[-35.2278783,-6.1053212],[-35.229205,-6.1038268],[-35.2312954,-6.1025586],[-35.2325326,-6.1021907],[-35.232834,-6.1015788],[-35.2337402,-6.1016423],[-35.234549,-6.1014973],[-35.2345613,-6.1022517],[-35.233611,-6.1156],[-35.2335491,-6.1157099],[-35.2334342,-6.1158357],[-35.2324403,-6.1169246],[-35.2302437,-6.1200246],[-35.229243,-6.1223767],[-35.2292656,-6.1229565],[-35.2268091,-6.1579573],[-35.2264375,-6.1623696],[-35.226154,-6.1628889],[-35.2211825,-6.16968],[-35.2202691,-6.170779],[-35.2192554,-6.171604],[-35.2180743,-6.1722825],[-35.2167811,-6.1728386],[-35.2152522,-6.1732366],[-35.2140376,-6.1737929],[-35.2135283,-6.1743452],[-35.2123923,-6.1739378],[-35.2073089,-6.1708826],[-35.2043552,-6.168707],[-35.1980344,-6.1645043],[-35.1960174,-6.1635385],[-35.1941552,-6.1632606],[-35.1903773,-6.1645931],[-35.187633,-6.1651762],[-35.1827828,-6.1651948],[-35.175489,-6.16494],[-35.1745118,-6.1645423],[-35.1683934,-6.1606707],[-35.1644145,-6.1574806],[-35.1601605,-6.1543466],[-35.1569129,-6.1508102],[-35.1566494,-6.1499316],[-35.1570258,-6.1481618],[-35.1578536,-6.1432029],[-35.1585222,-6.1423409],[-35.159619,-6.1415779],[-35.1607168,-6.1411724],[-35.161811,-6.1401941],[-35.162842,-6.1386426],[-35.1631409,-6.1370375],[-35.1623146,-6.136068],[-35.1604802,-6.1355027],[-35.1584043,-6.1351106],[-35.1527296,-6.1350172],[-35.1476976,-6.1354965],[-35.1467453,-6.1357288],[-35.1453999,-6.1360459],[-35.1427624,-6.1376517],[-35.1414235,-6.1389162],[-35.1392465,-6.1415248],[-35.1392593,-6.1415329],[-35.1392241,-6.141575],[-35.1384181,-6.1422357],[-35.137717,-6.1421247],[-35.136553,-6.1410967],[-35.1360612,-6.140354],[-35.1361773,-6.1385808],[-35.1354426,-6.138351],[-35.1347106,-6.1378973],[-35.1338249,-6.1380144],[-35.1328482,-6.1375027],[-35.1322952,-6.1367022],[-35.1316849,-6.1367066],[-35.1312616,-6.1372806],[-35.1308393,-6.1385997],[-35.1301696,-6.1392889],[-35.1291103,-6.1395789],[-35.128619,-6.1398646],[-35.1280693,-6.1409056],[-35.1277706,-6.1422777],[-35.1270502,-6.1435894],[-35.1268909,-6.1442631],[-35.1275672,-6.1459932],[-35.111156,-6.1345829],[-35.1110009,-6.1346384],[-35.1075655,-6.1358694],[-35.1004451,-6.1384581],[-35.1004359,-6.1384614],[-35.0989369,-6.1390051],[-35.0984783,-6.1393108],[-35.0984318,-6.1393418],[-35.0978139,-6.1397538]]]},"properties":{"CD_MUN":"2408201","NM_MUN":"Nísia Floresta","CD_RGI":"240001","NM_RGI":"Natal","CD_RGINT":"2401","NM_RGINT":"Natal","CD_UF":"24","NM_UF":"Rio Grande do Norte","SIGLA_UF":"RN","CD_REGIA":"2","NM_REGIA":"Nordeste","SIGLA_RG":"NE","CD_CONCU":"","NM_CONCU":"","AREA_KM2":307.719}},
{"type":"Feature","geometry":{"type":"Polygon","coordinates":[[[-37.9633304,-6.2564547],[-37.9637063,-6.2592365],[-37.9651527,-6.2632827],[-37.9654871,-6.2700401],[-37.9661224,-6.2724421],[-37.9774155,-6.2923296],[-37.979366,-6.2983018],[-37.9791692,-6.3011728],[-37.9790082,-6.3035223],[-37.9795028,-6.3044966],[-37.9821634,-6.3069509],[-37.9839064,-6.3106321],[-37.9913692,-6.3123003],[-37.991623,-6.312357],[-38.0191182,-6.3185029],[-38.0310825,-6.3211771],[-38.035653,-6.3215892],[-38.0434827,-6.3205767],[-38.0434629,-6.3124872],[-38.0494551,-6.313029],[-38.0502635,-6.3135441],[-38.0521681,-6.3125245],[-38.0541502,-6.3123765],[-38.0554696,-6.3109867],[-38.0564576,-6.3111962],[-38.0617994,-6.3142842],[-38.0631215,-6.3145671],[-38.0697784,-6.3138686],[-38.0747381,-6.3140034],[-38.0849204,-6.3167088],[-38.0893925,-6.3170558],[-38.0889397,-6.3331348],[-38.0973747,-6.331222],[-38.0998415,-6.3302954],[-38.100661,-6.3359352],[-38.1036144,-6.3562599],[-38.1256088,-6.3672362],[-38.1212964,-6.3721652],[-38.1064508,-6.3784875],[-38.1096795,-6.3977708],[-38.1104048,-6.4021066],[-38.1055574,-6.4106852],[-38.0917193,-6.4152767],[-38.098036,-6.4294059],[-38.0978668,-6.4312541],[-38.0968109,-6.4428024],[-38.0898301,-6.455963],[-38.0848165,-6.4590019],[-38.0771317,-6.4636599],[-38.0708661,-6.4639266],[-38.0701512,-6.4627525],[-38.0671358,-6.4605488],[-38.0666175,-6.4604391],[-38.0619367,-6.4594478],[-38.0610363,-6.4583751],[-38.0606238,-6.4544859],[-38.0592428,-6.4531293],[-38.0576817,-6.45279],[-38.0550355,-6.4539124],[-38.0539548,-6.4536839],[-38.0519857,-6.4462407],[-38.0518707,-6.443365],[-38.051452,-6.4424055],[-38.0497113,-6.44105],[-38.0463476,-6.4409304],[-38.0453239,-6.4413795],[-38.0433971,-6.4433495],[-38.043092,-6.4459972],[-38.0444694,-6.4492697],[-38.0439231,-6.4519755],[-38.0370128,-6.4570546],[-38.0362567,-6.4599917],[-38.0364306,-6.4616041],[-38.0387,-6.4664646],[-38.0409231,-6.4702889],[-38.0410737,-6.4711741],[-38.0406445,-6.4730436],[-38.0374191,-6.4752327],[-38.0341729,-6.4758474],[-38.0337166,-6.4758466],[-38.0294771,-6.4758372],[-38.0271259,-6.4750639],[-38.0267585,-6.4747569],[-38.0250693,-6.4733466],[-38.0234879,-6.4700741],[-38.0218153,-6.4684556],[-38.0201385,-6.4681436],[-38.0188147,-6.4682865],[-38.0156372,-6.4693966],[-38.0142701,-6.4693935],[-38.0129466,-6.4688535],[-38.0128436,-6.4685821],[-38.0127922,-6.4684466],[-38.0127266,-6.4682737],[-38.0198493,-6.4469403],[-38.0199689,-6.4460049],[-38.019672,-6.4446319],[-38.0155213,-6.441993],[-38.0120776,-6.4382885],[-38.0082251,-6.4321923],[-38.0083789,-6.43109],[-38.0096273,-6.4300371],[-38.014393,-6.4303922],[-38.0148482,-6.4287754],[-38.0136957,-6.4274273],[-38.0066523,-6.428088],[-38.0028179,-6.4280092],[-37.9972783,-6.4264889],[-37.9911227,-6.4286402],[-37.9890182,-6.428636],[-37.9874,-6.4284935],[-37.9834366,-6.4281446],[-37.9802591,-6.4270849],[-37.9790842,-6.4266932],[-37.9710624,-6.4224308],[-37.9686783,-6.4187433],[-37.9677441,-6.4161768],[-37.9680225,-6.4051225],[-37.9657222,-6.4023956],[-37.9630769,-6.4007879],[-37.9606012,-6.4004627],[-37.9553956,-6.3982083],[-37.9555055,-6.4029422],[-37.9555518,-6.4049372],[-37.9552056,-6.4080615],[-37.9493759,-6.417983],[-37.9454375,-6.4226201],[-37.9422738,-6.4240557],[-37.9384313,-6.424048],[-37.9327091,-6.4232344],[-37.9281169,-6.4215929],[-37.9260514,-6.4211378],[-37.9241755,-6.4192912],[-37.9229325,-6.4146646],[-37.9194464,-6.4116462],[-37.9107425,-6.4063499],[-37.9069351,-6.4035924],[-37.9015321,-6.3996792],[-37.8988864,-6.398792],[-37.896837,-6.3986266],[-37.8939509,-6.3988599],[-37.8902563,-6.4001351],[-37.8882088,-6.3994892],[-37.8862495,-6.3970006],[-37.8848047,-6.393953],[-37.884433,-6.3923945],[-37.884262,-6.3916761],[-37.8844855,-6.3907706],[-37.8851547,-6.390147],[-37.8873146,-6.3891558],[-37.8885112,-6.3872089],[-37.8891361,-6.3704484],[-37.8885922,-6.3650647],[-37.8882247,-6.3643695],[-37.8875809,-6.3641395],[-37.8832877,-6.3670232],[-37.8747516,-6.3684093],[-37.8720961,-6.3692147],[-37.8624426,-6.3744869],[-37.8598275,-6.3748773],[-37.8588939,-6.374354],[-37.8542422,-6.3663165],[-37.8508899,-6.3650233],[-37.845417,-6.3647429],[-37.841531,-6.3630307],[-37.8407353,-6.3615139],[-37.840644,-6.3613396],[-37.8409224,-6.3592812],[-37.843398,-6.3576833],[-37.8443098,-6.3561511],[-37.8441168,-6.3543569],[-37.8425721,-6.3523279],[-37.8390653,-6.3497828],[-37.8352946,-6.3457164],[-37.83426,-6.3423854],[-37.8343227,-6.341725],[-37.8416869,-6.33721],[-37.8429325,-6.3357964],[-37.8431953,-6.3330881],[-37.8533036,-6.3325552],[-37.857149,-6.330551],[-37.8584127,-6.3307899],[-37.8605034,-6.3322606],[-37.8621077,-6.3327377],[-37.8640558,-6.332386],[-37.8671322,-6.3295675],[-37.8889515,-6.3222822],[-37.9008228,-6.3183184],[-37.9008456,-6.3180234],[-37.9024074,-6.2977753],[-37.908096,-6.2851899],[-37.8879527,-6.2779402],[-37.884979,-6.2761348],[-37.8817928,-6.2730975],[-37.9267072,-6.2639329],[-37.9292191,-6.26342],[-37.9633304,-6.2564547]]]},"properties":{"CD_MUN":"2400505","NM_MUN":"Alexandria","CD_RGI":"240010","NM_RGI":"Pau dos Ferros","CD_RGINT":"2403","NM_RGINT":"Mossoró","CD_UF":"24","NM_UF":"Rio Grande do Norte","SIGLA_UF":"RN","CD_REGIA":"2","NM_REGIA":"Nordeste","SIGLA_RG":"NE","CD_CONCU":"","NM_CONCU":"","AREA_KM2":381.205}},
{"type":"Feature","geometry":{"type":"Polygon","coordinates":[[[-36.1517303,-5.2571871],[-36.1505826,-5.2567209],[-36.1337894,-5.2669803],[-36.1035402,-5.2865186],[-36.0839089,-5.2923174],[-36.0709201,-5.29657],[-36.0682574,-5.29705],[-36.0623658,-5.3040149],[-36.0508177,-5.2987559],[-36.0019486,-5.2561093],[-36.0061229,-5.2529899],[-36.0086318,-5.2528648],[-36.0112189,-5.2518658],[-36.0116223,-5.2518683],[-36.012876,-5.2526839],[-36.0143572,-5.2529178],[-36.0156862,-5.2520463],[-36.0180701,-5.2510201],[-36.0203639,-5.2502665],[-36.0211521,-5.2497958],[-36.021925,-5.2480424],[-36.0229627,-5.2472862],[-36.0243072,-5.2472885],[-36.0250246,-5.2474729],[-36.0256312,-5.2474076],[-36.027431,-5.2466938],[-36.0287528,-5.2465231],[-36.0312595,-5.2465306],[-36.0359612,-5.245434],[-36.0369511,-5.2450386],[-36.0378468,-5.2442258],[-36.0384686,-5.2431873],[-36.0392147,-5.2412683],[-36.0397952,-5.2404339],[-36.041041,-5.2395332],[-36.0426522,-5.239153],[-36.0468325,-5.2394493],[-36.0496696,-5.2383238],[-36.0517992,-5.2380827],[-36.0549227,-5.2371556],[-36.0561647,-5.2370257],[-36.0570374,-5.2372997],[-36.0584355,-5.2381175],[-36.0587735,-5.2381336],[-36.0598384,-5.2376712],[-36.0610321,-5.2374347],[-36.0621964,-5.2362944],[-36.0646001,-5.2352949],[-36.0655937,-5.2346821],[-36.0659342,-5.2341187],[-36.0656409,-5.2336889],[-36.0629688,-5.2313882],[-36.0618339,-5.2301205],[-36.0609697,-5.2286989],[-36.0587915,-5.2217796],[-36.0539502,-5.2028133],[-36.0538342,-5.2007938],[-36.0552047,-5.1864985],[-36.0550332,-5.1803706],[-36.0523167,-5.1688859],[-36.0518044,-5.1652767],[-36.0510225,-5.1618431],[-36.0496778,-5.1588386],[-36.0490712,-5.1571984],[-36.0487865,-5.1558152],[-36.04666,-5.1354258],[-36.0425352,-5.1086161],[-36.0426344,-5.0904457],[-36.0424871,-5.0868622],[-36.0420676,-5.0838061],[-36.0413126,-5.082603],[-36.0335824,-5.073816],[-36.0396763,-5.0696146],[-36.0427,-5.06753],[-36.0427594,-5.0672819],[-36.0427714,-5.0672321],[-36.0427879,-5.0671631],[-36.0427949,-5.067134],[-36.0435,-5.0641902],[-36.0431171,-5.0633733],[-36.0428148,-5.0627286],[-36.038001,-5.0524621],[-36.0375353,-5.0514686],[-36.0378678,-5.0514833],[-36.0382889,-5.0515056],[-36.0387014,-5.0514805],[-36.0389729,-5.0514686],[-36.0391203,-5.0514172],[-36.0392767,-5.0513821],[-36.0394363,-5.0513964],[-36.0395558,-5.0514536],[-36.0395849,-5.0515338],[-36.0395816,-5.0515982],[-36.0395745,-5.0516777],[-36.0395256,-5.0517871],[-36.0394733,-5.0518781],[-36.0393809,-5.051981],[-36.0393032,-5.0520646],[-36.0391809,-5.0521829],[-36.0391031,-5.0523259],[-36.0390028,-5.0525452],[-36.0389627,-5.0527304],[-36.0389369,-5.0529013],[-36.0389381,-5.0529357],[-36.0389436,-5.0530855],[-36.0389796,-5.0532905],[-36.039021,-5.0534933],[-36.0390719,-5.0537015],[-36.0393954,-5.054318],[-36.039687,-5.0547322],[-36.0400737,-5.0551331],[-36.0405304,-5.0555206],[-36.0410317,-5.0559573],[-36.0416712,-5.0564969],[-36.0424566,-5.0571107],[-36.043454,-5.0577916],[-36.0446884,-5.0585788],[-36.0461048,-5.059398],[-36.0475605,-5.0601133],[-36.0478118,-5.060229],[-36.0483175,-5.0604618],[-36.0487814,-5.0606753],[-36.0506659,-5.0614279],[-36.0527427,-5.0622221],[-36.0529239,-5.0622821],[-36.0546446,-5.0628519],[-36.0562186,-5.0632452],[-36.0574023,-5.0635149],[-36.0587658,-5.0637265],[-36.0601354,-5.0638857],[-36.0607288,-5.0639817],[-36.061414,-5.0640925],[-36.0619996,-5.064196],[-36.0628821,-5.0643521],[-36.0640233,-5.0645367],[-36.0654746,-5.0647192],[-36.066955,-5.0648057],[-36.0680972,-5.0648791],[-36.0694501,-5.06494],[-36.0704896,-5.0649417],[-36.0716552,-5.0649127],[-36.0720872,-5.0648917],[-36.0728014,-5.064917],[-36.0738698,-5.0649499],[-36.074622,-5.06494],[-36.0750139,-5.064975],[-36.0753779,-5.0650462],[-36.0757969,-5.0651329],[-36.0766865,-5.0653126],[-36.0775313,-5.0655581],[-36.0789179,-5.0659353],[-36.0800543,-5.0663438],[-36.0808214,-5.0667838],[-36.0815256,-5.0672716],[-36.0818964,-5.0674799],[-36.0833212,-5.0682641],[-36.0849827,-5.0690749],[-36.0863486,-5.0696722],[-36.0882784,-5.0705228],[-36.0893359,-5.0710679],[-36.0905914,-5.0717386],[-36.0911921,-5.0721686],[-36.0917312,-5.0726002],[-36.0919993,-5.0728574],[-36.0924143,-5.0732407],[-36.0928312,-5.0735599],[-36.0935167,-5.0740896],[-36.0941307,-5.0745049],[-36.094827,-5.0749256],[-36.0954785,-5.0752737],[-36.0960632,-5.0755524],[-36.0967248,-5.0758758],[-36.0976606,-5.0763647],[-36.0988792,-5.0769126],[-36.0994547,-5.0771743],[-36.1517303,-5.2571871]]]},"properties":{"CD_MUN":"2401859","NM_MUN":"Caiçara do Norte","CD_RGI":"240005","NM_RGI":"João Câmara","CD_RGINT":"2401","NM_RGINT":"Natal","CD_UF":"24","NM_UF":"Rio Grande do Norte","SIGLA_UF":"RN","CD_REGIA":"2","NM_REGIA":"Nordeste","SIGLA_RG":"NE","CD_CONCU":"","NM_CONCU":"","AREA_KM2":225.633}},
{"type":"Feature","geometry":{"type":"Polygon","coordinates":[[[-37.2209958,-4.8814028],[-37.2213575,-4.8808921],[-37.2218316,-4.8802418],[-37.2226975,-4.8791352],[-37.2232262,-4.8783594],[-37.2239366,-4.8773375],[-37.2246681,-4.8762812],[-37.2256144,-4.8749061],[-37.2262935,-4.8737994],[-37.2271418,-4.8725752],[-37.2281675,-4.8709633],[-37.2291369,-4.8694858],[-37.2298925,-4.8684545],[-37.2306859,-4.8673797],[-37.2307934,-4.867225],[-37.2315998,-4.8660642],[-37.2321769,-4.8652569],[-37.2331083,-4.8636517],[-37.2345893,-4.8613254],[-37.2354351,-4.8599484],[-37.2362201,-4.8588141],[-37.2363292,-4.8586362],[-37.2373396,-4.8569888],[-37.2379919,-4.8559162],[-37.2388894,-4.8544771],[-37.2395865,-4.8532558],[-37.2405205,-4.851416],[-37.2410181,-4.850591],[-37.2412945,-4.8501328],[-37.2420408,-4.8488668],[-37.2429037,-4.8474093],[-37.243013,-4.8472065],[-37.2437675,-4.845806],[-37.2442961,-4.8450302],[-37.2444556,-4.8447776],[-37.2448159,-4.8442071],[-37.2454944,-4.8430892],[-37.2458968,-4.842458],[-37.2464268,-4.8416476],[-37.2466262,-4.8413544],[-37.2470162,-4.8407809],[-37.2473712,-4.8401079],[-37.2479228,-4.8392859],[-37.2490371,-4.8371675],[-37.2496296,-4.8359041],[-37.2502188,-4.8349489],[-37.2506812,-4.8341036],[-37.2508771,-4.8337228],[-37.2511076,-4.833313],[-37.2512676,-4.8330587],[-37.2514422,-4.832765],[-37.2515488,-4.8325803],[-37.2517426,-4.8322444],[-37.2523749,-4.8315683],[-37.2526246,-4.8313814],[-37.2526586,-4.8313903],[-37.2532911,-4.8315555],[-37.2543884,-4.8318362],[-37.2543908,-4.8318423],[-37.2578894,-4.8327317],[-37.2587067,-4.8329394],[-37.25945,-4.8331284],[-37.2638049,-4.8342448],[-37.2644787,-4.8344172],[-37.269934,-4.8358125],[-37.272286,-4.8364141],[-37.2748218,-4.8370627],[-37.2748853,-4.8370789],[-37.2784221,-4.8379836],[-37.278515,-4.8380074],[-37.2805587,-4.8385301],[-37.3567926,-4.8580295],[-37.3568099,-4.8580339],[-37.3568981,-4.8580565],[-37.4463159,-4.8809281],[-37.4464107,-4.8809524],[-37.4464459,-4.8809614],[-37.4272596,-4.9114941],[-37.4244645,-4.9099375],[-37.4229557,-4.9094387],[-37.4214175,-4.9070033],[-37.4161639,-4.9078023],[-37.4154212,-4.9070395],[-37.4115955,-4.9058404],[-37.4031448,-4.909392],[-37.4030852,-4.9097493],[-37.4030534,-4.9099402],[-37.4011771,-4.9104646],[-37.3992656,-4.9104797],[-37.3986218,-4.9105841],[-37.3979814,-4.9109413],[-37.3943154,-4.9118182],[-37.3932349,-4.9118211],[-37.3919601,-4.9115189],[-37.3761554,-4.909892],[-37.3742366,-4.9101577],[-37.3699274,-4.9079983],[-37.3684606,-4.9082237],[-37.367291,-4.9072608],[-37.3650723,-4.9074404],[-37.3644261,-4.9100802],[-37.3637349,-4.9117563],[-37.3628716,-4.9148432],[-37.3616538,-4.9169397],[-37.3589568,-4.920131],[-37.3562619,-4.9229229],[-37.3514008,-4.9288751],[-37.3504816,-4.9295473],[-37.3487587,-4.9313208],[-37.3472016,-4.9332693],[-37.3452639,-4.9350106],[-37.3390363,-4.9361981],[-37.3383137,-4.936205],[-37.3363738,-4.9370445],[-37.3344594,-4.9388556],[-37.3335112,-4.9392155],[-37.3323707,-4.9393772],[-37.3313135,-4.9398725],[-37.3298706,-4.941235],[-37.328596,-4.9427517],[-37.32751,-4.9432444],[-37.3248416,-4.9435098],[-37.3232877,-4.9429785],[-37.316439,-4.9429631],[-37.3161529,-4.9429625],[-37.3139172,-4.9427775],[-37.3120982,-4.943624],[-37.3083766,-4.945356],[-37.3078475,-4.9456022],[-37.3075023,-4.9435268],[-37.3046639,-4.9430903],[-37.2920242,-4.9411466],[-37.2902735,-4.9409385],[-37.2872432,-4.9409295],[-37.2856435,-4.941198],[-37.2703503,-4.945535],[-37.2703311,-4.9453439],[-37.2699693,-4.9417368],[-37.26908,-4.9380643],[-37.2689992,-4.935568],[-37.2692534,-4.933576],[-37.2708289,-4.9308845],[-37.2708891,-4.928369],[-37.270676,-4.9278519],[-37.2694703,-4.9267235],[-37.2687624,-4.9250727],[-37.268719,-4.9236748],[-37.2698022,-4.9192847],[-37.2698034,-4.9184302],[-37.2691301,-4.9161651],[-37.2691722,-4.914384],[-37.2694026,-4.9131723],[-37.2693041,-4.9121583],[-37.2689618,-4.9116512],[-37.2667181,-4.9103747],[-37.2662831,-4.9098958],[-37.2626838,-4.9041169],[-37.2623527,-4.9038739],[-37.2341736,-4.8929949],[-37.234278,-4.8911714],[-37.2333248,-4.8884542],[-37.231179,-4.8867737],[-37.2244949,-4.8832483],[-37.2216353,-4.8817401],[-37.2209958,-4.8814028]]]},"properties":{"CD_MUN":"2411056","NM_MUN":"Tibau","CD_RGI":"240009","NM_RGI":"Mossoró","CD_RGINT":"2403","NM_RGINT":"Mossoró","CD_UF":"24","NM_UF":"Rio Grande do Norte","SIGLA_UF":"RN","CD_REGIA":"2","NM_REGIA":"Nordeste","SIGLA_RG":"NE","CD_CONCU":"","NM_CONCU":"","AREA_KM2":169.365}},
{"type":"Feature","geometry":{"type":"Polygon","coordinates":[[[-38.2526778,-6.4183755],[-38.2511535,-6.4339075],[-38.2348532,-6.4703244],[-38.2290219,-6.4833466],[-38.2275808,-6.4838752],[-38.2271195,-6.4839476],[-38.2116586,-6.4863654],[-38.2057338,-6.4869704],[-38.2027344,-6.4876231],[-38.2005517,-6.4882794],[-38.1991596,-6.4895809],[-38.1960704,-6.4933542],[-38.193588,-6.4970968],[-38.1922642,-6.4983288],[-38.1917286,-6.4985856],[-38.1874545,-6.4991856],[-38.1731873,-6.4998323],[-38.1706834,-6.4999457],[-38.1690391,-6.5000201],[-38.16435,-6.4976353],[-38.1624145,-6.4989549],[-38.1611729,-6.4991136],[-38.1597937,-6.498597],[-38.1584778,-6.4963923],[-38.1567464,-6.4962573],[-38.1489632,-6.4917102],[-38.1478822,-6.4914876],[-38.1450853,-6.4941677],[-38.1414332,-6.5021836],[-38.1391152,-6.5059412],[-38.1381207,-6.512783],[-38.1372365,-6.5154666],[-38.1355176,-6.5184761],[-38.1332273,-6.5200146],[-38.1249976,-6.5219447],[-38.1202119,-6.5223809],[-38.1170574,-6.5226685],[-38.1132032,-6.5213185],[-38.1061252,-6.516881],[-38.1023444,-6.5119128],[-38.0979875,-6.5094908],[-38.0971299,-6.508149],[-38.0966349,-6.5054642],[-38.0958592,-6.4990251],[-38.0959362,-6.4960753],[-38.0953976,-6.4935862],[-38.09007,-6.4909993],[-38.0855845,-6.4881896],[-38.0830175,-6.4858876],[-38.0814268,-6.4834866],[-38.0790738,-6.4768344],[-38.078316,-6.4755918],[-38.0756361,-6.4733345],[-38.0734426,-6.4681584],[-38.0708661,-6.4639266],[-38.0771317,-6.4636599],[-38.0848165,-6.4590019],[-38.0898301,-6.455963],[-38.0968109,-6.4428024],[-38.0978668,-6.4312541],[-38.098036,-6.4294059],[-38.0917193,-6.4152767],[-38.1055574,-6.4106852],[-38.1104048,-6.4021066],[-38.1096795,-6.3977708],[-38.1064508,-6.3784875],[-38.1212964,-6.3721652],[-38.1256088,-6.3672362],[-38.1647079,-6.3867563],[-38.1822921,-6.3681532],[-38.1883577,-6.3617346],[-38.1914659,-6.3665717],[-38.1955244,-6.3681837],[-38.2031085,-6.3807817],[-38.2384518,-6.3855888],[-38.2526778,-6.4183755]]]},"properties":{"CD_MUN":"2414100","NM_MUN":"Tenente Ananias","CD_RGI":"240010","NM_RGI":"Pau dos Ferros","CD_RGINT":"2403","NM_RGINT":"Mossoró","CD_UF":"24","NM_UF":"Rio Grande do Norte","SIGLA_UF":"RN","CD_REGIA":"2","NM_REGIA":"Nordeste","SIGLA_RG":"NE","CD_CONCU":"","NM_CONCU":"","AREA_KM2":223.671}},
{"type":"Feature","geometry":{"type":"Polygon","coordinates":[[[-37.9510039,-5.8635046],[-37.9502588,-5.862482],[-37.9485834,-5.860988],[-37.9453898,-5.8606239],[-37.9423354,-5.8588725],[-37.9384031,-5.8569568],[-37.9369441,-5.8566815],[-37.935209,-5.8567338],[-37.933116,-5.8571017],[-37.9317543,-5.856864],[-37.930187,-5.8562157],[-37.929126,-5.8555222],[-37.9279351,-5.8544535],[-37.9270928,-5.8539732],[-37.925164,-5.8532706],[-37.9199089,-5.8531239],[-37.9171083,-5.8526985],[-37.9169086,-5.8526686],[-37.916795,-5.8549066],[-37.9154442,-5.8815097],[-37.9149457,-5.8833726],[-37.9144655,-5.8842768],[-37.9134935,-5.8847024],[-37.9133223,-5.8853],[-37.9134387,-5.8859492],[-37.9140706,-5.8865473],[-37.9145283,-5.887353],[-37.914936,-5.8885995],[-37.9158226,-5.8890777],[-37.9156298,-5.8913843],[-37.9167534,-5.8923443],[-37.9167021,-5.8930097],[-37.9160868,-5.8936219],[-37.9160161,-5.8947325],[-37.9170373,-5.8957601],[-37.9171219,-5.8964746],[-37.9162498,-5.8972773],[-37.9141857,-5.8983994],[-37.9128501,-5.8995417],[-37.9125408,-5.90065],[-37.9131199,-5.9012327],[-37.913595,-5.9023967],[-37.9131466,-5.903535],[-37.8722496,-5.8786529],[-37.8782393,-5.780873],[-37.8788778,-5.7704494],[-37.8798605,-5.7543189],[-37.8560841,-5.7473796],[-37.8563458,-5.7468559],[-37.8573651,-5.7448188],[-37.8574124,-5.7447243],[-37.8583844,-5.7427818],[-37.8812264,-5.6971325],[-37.9020173,-5.7498596],[-37.9029294,-5.753908],[-37.9033504,-5.7557762],[-37.9084309,-5.7783301],[-37.9090327,-5.7810015],[-37.9097543,-5.7842051],[-37.9117438,-5.785181],[-37.9128489,-5.785723],[-37.9132249,-5.7859075],[-37.9132518,-5.7859207],[-37.914584,-5.7865739],[-37.9195345,-5.7890028],[-37.9385046,-5.7983099],[-37.9387981,-5.7984539],[-37.975171,-5.8162992],[-37.9777347,-5.8250304],[-37.9798206,-5.8321341],[-37.9801271,-5.8331795],[-37.9829101,-5.8302038],[-37.9843807,-5.8296163],[-37.9869717,-5.8281782],[-37.9881849,-5.828052],[-37.9905162,-5.8290824],[-37.993004,-5.8312873],[-37.9936744,-5.8321843],[-37.9947478,-5.8344107],[-37.9953164,-5.8347981],[-37.9968302,-5.8358305],[-37.9973551,-5.8368532],[-37.997402,-5.8374449],[-37.997848,-5.8381991],[-37.9982706,-5.8382333],[-37.9989105,-5.8382848],[-37.9996998,-5.8379816],[-38.0011624,-5.8365212],[-38.0021975,-5.8365844],[-38.0028653,-5.837012],[-38.0038432,-5.8382387],[-38.004625,-5.8388445],[-38.005841,-5.8391199],[-38.0065684,-5.8397319],[-38.006933,-5.8406467],[-38.0068695,-5.8419878],[-38.007778,-5.8432084],[-38.0088697,-5.8459536],[-38.0092915,-5.8483748],[-38.014307,-5.8540763],[-38.0144351,-5.8542374],[-38.0139165,-5.8549521],[-38.0141118,-5.8556254],[-38.0042924,-5.8568598],[-37.9510039,-5.8635046]]]},"properties":{"CD_MUN":"2404903","NM_MUN":"Itaú","CD_RGI":"240009","NM_RGI":"Mossoró","CD_RGINT":"2403","NM_RGINT":"Mossoró","CD_UF":"24","NM_UF":"Rio Grande do Norte","SIGLA_UF":"RN","CD_REGIA":"2","NM_REGIA":"Nordeste","SIGLA_RG":"NE","CD_CONCU":"","NM_CONCU":"","AREA_KM2":133.031}},
{"type":"Feature","geometry":{"type":"Polygon","coordinates":[[[-35.3610347,-5.7285115],[-35.3605975,-5.7285729],[-35.358017,-5.7289356],[-35.3551055,-5.7292142],[-35.3514917,-5.7300134],[-35.3463313,-5.7309005],[-35.3444686,-5.7317908],[-35.3429079,-5.7330478],[-35.3418218,-5.7349382],[-35.3411325,-5.7369286],[-35.3406609,-5.7377897],[-35.339825,-5.7382287],[-35.3388552,-5.7383524],[-35.337551,-5.738159],[-35.336609,-5.7377011],[-35.3349432,-5.7364962],[-35.3342692,-5.7358051],[-35.3323554,-5.7349638],[-35.3292114,-5.7344703],[-35.3217185,-5.7343421],[-35.3208028,-5.7344684],[-35.3196354,-5.7350414],[-35.3189893,-5.7357182],[-35.3166034,-5.7373902],[-35.3153839,-5.7379014],[-35.3144403,-5.7380517],[-35.3132128,-5.7379698],[-35.3113226,-5.7369918],[-35.309628,-5.7357888],[-35.3081658,-5.7344967],[-35.3068787,-5.7326706],[-35.3042746,-5.7308724],[-35.301191,-5.7291512],[-35.298188,-5.7279327],[-35.2936314,-5.7253438],[-35.2896317,-5.7236546],[-35.2869905,-5.7219414],[-35.2864937,-5.7208942],[-35.2856072,-5.7179803],[-35.2854573,-5.7127812],[-35.2854066,-5.711025],[-35.2851557,-5.7101599],[-35.2840509,-5.7086035],[-35.2821025,-5.7063758],[-35.2814935,-5.7059808],[-35.2806317,-5.7052308],[-35.2803508,-5.7051637],[-35.2772114,-5.7044138],[-35.2764385,-5.7032225],[-35.2762405,-5.7013188],[-35.2760148,-5.7009124],[-35.2754402,-5.7006215],[-35.2741269,-5.7007021],[-35.2694395,-5.7018475],[-35.2655357,-5.7040489],[-35.2635645,-5.7050739],[-35.2615933,-5.7060989],[-35.2603745,-5.7071913],[-35.2603279,-5.7070679],[-35.2603233,-5.7070558],[-35.2599462,-5.7062076],[-35.2580676,-5.7078916],[-35.2580114,-5.707942],[-35.2572518,-5.7085507],[-35.2567364,-5.7089957],[-35.2564469,-5.7091686],[-35.2560579,-5.7093871],[-35.2553252,-5.7098059],[-35.2546827,-5.7100978],[-35.2540844,-5.7100278],[-35.2534226,-5.7099311],[-35.2531053,-5.7099052],[-35.252761,-5.7099066],[-35.2524624,-5.7100072],[-35.2522452,-5.7101256],[-35.2519734,-5.7101267],[-35.2515653,-5.7100379],[-35.2509302,-5.7098597],[-35.2505681,-5.7099696],[-35.2498983,-5.7101621],[-35.2492017,-5.7105626],[-35.2484691,-5.7110447],[-35.2475103,-5.7116361],[-35.2468772,-5.7120816],[-35.2467326,-5.7124438],[-35.2467325,-5.713402],[-35.2464433,-5.713801],[-35.2458463,-5.7142101],[-35.2449693,-5.7150272],[-35.2447072,-5.7153537],[-35.2443721,-5.7157778],[-35.2436504,-5.7163226],[-35.2432708,-5.716637],[-35.2430486,-5.7168273],[-35.2429009,-5.7168323],[-35.2424483,-5.7167755],[-35.2422145,-5.7165602],[-35.2419535,-5.7163545],[-35.2417274,-5.7160684],[-35.2411183,-5.716089],[-35.240614,-5.7160294],[-35.240407,-5.7160049],[-35.2401484,-5.7159776],[-35.2396937,-5.7157419],[-35.2390393,-5.7151391],[-35.2385948,-5.7149744],[-35.2381393,-5.7146943],[-35.2377214,-5.7144575],[-35.2375547,-5.7143913],[-35.2371107,-5.7145994],[-35.236384,-5.7153786],[-35.2362293,-5.7155445],[-35.2349167,-5.7170899],[-35.2340824,-5.7179228],[-35.2337575,-5.7180771],[-35.2335076,-5.7182029],[-35.2331682,-5.7185332],[-35.2330958,-5.7187366],[-35.2326762,-5.7200075],[-35.2320949,-5.7209752],[-35.2320526,-5.7210457],[-35.2320171,-5.7211049],[-35.2315522,-5.7214788],[-35.2314033,-5.7219374],[-35.2312739,-5.7220612],[-35.2310642,-5.7220384],[-35.2306677,-5.7222493],[-35.2303643,-5.7224599],[-35.2300431,-5.7229433],[-35.2296729,-5.7237109],[-35.2292026,-5.7239747],[-35.2285633,-5.7242311],[-35.2279638,-5.7246275],[-35.2275046,-5.7251021],[-35.2273343,-5.7252562],[-35.2272096,-5.7254547],[-35.2267485,-5.7258958],[-35.2264937,-5.7262101],[-35.2261537,-5.7263579],[-35.225938,-5.7264488],[-35.2258696,-5.7264789],[-35.2258012,-5.7265089],[-35.2257957,-5.7272582],[-35.2260651,-5.7272504],[-35.2130709,-5.7352412],[-35.2115547,-5.7362688],[-35.2115224,-5.7362908],[-35.2113894,-5.7364527],[-35.2112559,-5.7365593],[-35.2106477,-5.7370448],[-35.2071196,-5.739537],[-35.207564,-5.7399613],[-35.2078483,-5.7402327],[-35.2063255,-5.7410429],[-35.2056705,-5.7421863],[-35.205507,-5.7424719],[-35.2054703,-5.7425359],[-35.204246,-5.743007],[-35.2036321,-5.7432433],[-35.2035989,-5.7424184],[-35.2035467,-5.740163],[-35.2033247,-5.7377696],[-35.2031566,-5.7365935],[-35.2029632,-5.7361678],[-35.2025283,-5.7360868],[-35.2025347,-5.7356221],[-35.2030939,-5.7349002],[-35.2027783,-5.7333686],[-35.2020571,-5.730955],[-35.2017456,-5.7293115],[-35.2012687,-5.7265832],[-35.2010242,-5.7245695],[-35.2009504,-5.7239128],[-35.2003596,-5.7208622],[-35.1994771,-5.717698],[-35.1994312,-5.7175335],[-35.1986853,-5.7153313],[-35.1974585,-5.7134868],[-35.1970513,-5.7128117],[-35.196791,-5.7099007],[-35.1964121,-5.7089315],[-35.1961872,-5.7085946],[-35.1959434,-5.7080636],[-35.1958135,-5.7071938],[-35.1952952,-5.7062442],[-35.1949977,-5.7057026],[-35.1946881,-5.7049832],[-35.194203,-5.7043527],[-35.1936933,-5.7037433],[-35.1932517,-5.7035154],[-35.192842,-5.703151],[-35.1925621,-5.7025717],[-35.1924077,-5.7020841],[-35.1922434,-5.7013891],[-35.1922014,-5.7005941],[-35.1926411,-5.6997078],[-35.1928571,-5.6993522],[-35.1930777,-5.6989969],[-35.1931329,-5.6989081],[-35.1933205,-5.6985122],[-35.1935323,-5.6978641],[-35.1936711,-5.6973805],[-35.1938299,-5.6969521],[-35.1939528,-5.6963598],[-35.1942431,-5.6958171],[-35.1944168,-5.6953893],[-35.1945621,-5.6950523],[-35.1949957,-5.6944494],[-35.1952452,-5.6941731],[-35.1954405,-5.6940161],[-35.1954477,-5.6939011],[-35.1954094,-5.6937355],[-35.1954652,-5.6935223],[-35.19555,-5.6933292],[-35.1957124,-5.6931531],[-35.1958678,-5.6930847],[-35.1961462,-5.6930787],[-35.1965672,-5.6932025],[-35.1970651,-5.6934335],[-35.1973257,-5.6936854],[-35.1975014,-5.6937627],[-35.1977989,-5.6937447],[-35.198035,-5.6936566],[-35.1983402,-5.6936211],[-35.1987508,-5.6936461],[-35.1989805,-5.693733],[-35.1992459,-5.6938223],[-35.1994877,-5.6939825],[-35.1995887,-5.6940913],[-35.1996967,-5.6941883],[-35.1998775,-5.6942055],[-35.199996,-5.6942128],[-35.2000468,-5.694216],[-35.2001557,-5.694253],[-35.2003075,-5.6943346],[-35.200543,-5.6945237],[-35.2008274,-5.6947038],[-35.2012739,-5.6948042],[-35.201496,-5.6948243],[-35.201788,-5.6948133],[-35.2025541,-5.6945514],[-35.2033115,-5.6940955],[-35.2044742,-5.6932831],[-35.2056959,-5.6919236],[-35.2071628,-5.6902371],[-35.2081212,-5.6890764],[-35.2085732,-5.6885075],[-35.2101686,-5.6864271],[-35.2105849,-5.6858954],[-35.2110693,-5.6853416],[-35.2115442,-5.6849317],[-35.2120204,-5.6844339],[-35.2127591,-5.6831208],[-35.2135719,-5.6815197],[-35.2143317,-5.6801677],[-35.2151353,-5.678722],[-35.2152817,-5.6784134],[-35.2158596,-5.6771944],[-35.2161873,-5.6763806],[-35.2164769,-5.6748862],[-35.217004,-5.6734464],[-35.2173819,-5.6723256],[-35.2176193,-5.6710553],[-35.2175562,-5.6697243],[-35.2174922,-5.66897],[-35.2176422,-5.6673501],[-35.2177568,-5.6662421],[-35.217648,-5.6644543],[-35.2177218,-5.6630915],[-35.2176616,-5.6621572],[-35.2174571,-5.6609205],[-35.2173227,-5.660676],[-35.2169383,-5.659977],[-35.2164725,-5.6595148],[-35.2159689,-5.6591067],[-35.2157567,-5.6587032],[-35.2158706,-5.6583153],[-35.2160303,-5.6578764],[-35.2162332,-5.6575524],[-35.216515,-5.6570556],[-35.216615,-5.6564839],[-35.2165155,-5.6558306],[-35.2162722,-5.6549659],[-35.2160293,-5.6544418],[-35.2160258,-5.6542164],[-35.2163574,-5.6537633],[-35.2167955,-5.652833],[-35.216971,-5.6522904],[-35.2170192,-5.6509545],[-35.2171555,-5.6496454],[-35.2173693,-5.6491286],[-35.217511,-5.6485397],[-35.2176569,-5.6478626],[-35.2177191,-5.6471555],[-35.2177257,-5.6469028],[-35.2177308,-5.6467024],[-35.217723,-5.646213],[-35.2177668,-5.6450467],[-35.2177106,-5.6441053],[-35.2176054,-5.6433917],[-35.2175945,-5.6427281],[-35.2175387,-5.6420706],[-35.2175038,-5.6410875],[-35.2174876,-5.6402289],[-35.2175318,-5.6392581],[-35.2175045,-5.6384344],[-35.2174568,-5.6375121],[-35.2174197,-5.6371205],[-35.2173542,-5.6363379],[-35.2173408,-5.635851],[-35.2173333,-5.6354118],[-35.2173069,-5.634712],[-35.2172924,-5.6341866],[-35.2171225,-5.6329287],[-35.2171125,-5.6318386],[-35.2169846,-5.6314685],[-35.2166502,-5.6312436],[-35.2162721,-5.6309934],[-35.2157851,-5.6307322],[-35.2152433,-5.6306399],[-35.2150383,-5.6309068],[-35.2148389,-5.6305185],[-35.2144988,-5.6300253],[-35.2151942,-5.629616],[-35.2154757,-5.6294173],[-35.2158328,-5.6290477],[-35.2160521,-5.6286995],[-35.2162095,-5.6284907],[-35.2163591,-5.6284021],[-35.2165403,-5.6284135],[-35.2167352,-5.6284485],[-35.216816,-5.6287251],[-35.2168483,-5.6290515],[-35.2170325,-5.6292194],[-35.2173737,-5.6291948],[-35.2175465,-5.629112],[-35.2176731,-5.6290777],[-35.2179323,-5.6291584],[-35.2181171,-5.6294163],[-35.2181639,-5.6294775],[-35.2183307,-5.6296959],[-35.2185084,-5.6298807],[-35.2187059,-5.6301119],[-35.218826,-5.6302477],[-35.2190163,-5.6303503],[-35.2193666,-5.6304327],[-35.2198914,-5.6303829],[-35.2202331,-5.6302539],[-35.2206958,-5.6300267],[-35.2210641,-5.6298389],[-35.2214369,-5.6295709],[-35.2223824,-5.6285934],[-35.2232103,-5.6273979],[-35.2238361,-5.6262497],[-35.2244892,-5.6248343],[-35.2249959,-5.6236827],[-35.2250634,-5.6234845],[-35.2254117,-5.6224614],[-35.2256738,-5.6211491],[-35.2260393,-5.6194978],[-35.2263209,-5.6181257],[-35.2265183,-5.6162958],[-35.2268856,-5.6141533],[-35.2270986,-5.6130992],[-35.2271281,-5.6121493],[-35.2276991,-5.6122507],[-35.2283863,-5.6123728],[-35.2351828,-5.6138313],[-35.2691479,-5.6209885],[-35.2792878,-5.6231251],[-35.279366,-5.6231417],[-35.2804375,-5.623368],[-35.2848114,-5.6242916],[-35.2927524,-5.6351431],[-35.2932337,-5.6358004],[-35.3123105,-5.6618783],[-35.3255942,-5.680037],[-35.3257626,-5.6802672],[-35.3358468,-5.694058],[-35.3360251,-5.6943018],[-35.3515994,-5.7156033],[-35.3610347,-5.7285115]]]},"properties":{"CD_MUN":"2403608","NM_MUN":"Extremoz","CD_RGI":"240001","NM_RGI":"Natal","CD_RGINT":"2401","NM_RGINT":"Natal","CD_UF":"24","NM_UF":"Rio Grande do Norte","SIGLA_UF":"RN","CD_REGIA":"2","NM_REGIA":"Nordeste","SIGLA_RG":"NE","CD_CONCU":"2408102","NM_CONCU":"Natal/RN","AREA_KM2":140.639}},
{"type":"Feature","geometry":{"type":"Polygon","coordinates":[[[-36.7037035,-6.2207636],[-36.7029678,-6.2208669],[-36.702609,-6.2200577],[-36.7027407,-6.2198774],[-36.7135167,-6.2052418],[-36.7157725,-6.1989626],[-36.716037,-6.1962755],[-36.7150353,-6.1936338],[-36.7129171,-6.1918003],[-36.7123173,-6.1915489],[-36.7091255,-6.1902116],[-36.707208,-6.1883775],[-36.7056153,-6.1829748],[-36.7053708,-6.1802045],[-36.7056751,-6.1682882],[-36.6999605,-6.1637547],[-36.6999666,-6.1637059],[-36.7011464,-6.1543007],[-36.7013313,-6.1505399],[-36.7003051,-6.1481315],[-36.7005899,-6.1453327],[-36.6831582,-6.1280769],[-36.6828213,-6.1277437],[-36.6531817,-6.1120806],[-36.6532703,-6.111835],[-36.6687465,-6.1123386],[-36.6784226,-6.1089507],[-36.6784264,-6.1089493],[-36.6876502,-6.1057198],[-36.6934134,-6.1037019],[-36.6936568,-6.1040011],[-36.6954557,-6.1054152],[-36.7017522,-6.1044838],[-36.710162,-6.1018524],[-36.7149074,-6.099824],[-36.7198883,-6.0952562],[-36.7212403,-6.0964947],[-36.7223939,-6.0984595],[-36.7234788,-6.0996301],[-36.7247728,-6.100106],[-36.7256708,-6.1008581],[-36.7266139,-6.1037512],[-36.727173,-6.1038463],[-36.7278957,-6.1035577],[-36.7290272,-6.1034782],[-36.7300654,-6.1035716],[-36.7305289,-6.1039329],[-36.731055,-6.1053002],[-36.7320044,-6.1064694],[-36.7338361,-6.1076068],[-36.7359209,-6.1084949],[-36.7383033,-6.1102837],[-36.7388801,-6.1108797],[-36.7393106,-6.1117767],[-36.7391714,-6.1121879],[-36.7386165,-6.1122661],[-36.7369673,-6.1120622],[-36.7335559,-6.1103447],[-36.732675,-6.1101947],[-36.7322036,-6.1105118],[-36.7315285,-6.1129138],[-36.7313124,-6.1150227],[-36.7313355,-6.1165676],[-36.7320008,-6.1202011],[-36.7318938,-6.1212513],[-36.7301458,-6.1257237],[-36.7288911,-6.1281277],[-36.7286696,-6.1296556],[-36.7281988,-6.1310147],[-36.7281764,-6.1322362],[-36.7278082,-6.1338003],[-36.7268092,-6.1350574],[-36.7260375,-6.1365233],[-36.7281316,-6.1440159],[-36.728324,-6.1447044],[-36.7297386,-6.149766],[-36.7393963,-6.1591245],[-36.7455566,-6.1638842],[-36.7472894,-6.1644867],[-36.7492563,-6.1648999],[-36.7498946,-6.1648158],[-36.7512023,-6.1637404],[-36.7519461,-6.1633635],[-36.7533944,-6.1630621],[-36.7541448,-6.1633026],[-36.7550112,-6.1646513],[-36.7557852,-6.168365],[-36.7571729,-6.1715938],[-36.7589459,-6.1733214],[-36.759591,-6.1751508],[-36.7614497,-6.1790531],[-36.762784,-6.1807905],[-36.7679773,-6.1819637],[-36.7704468,-6.1832724],[-36.7728401,-6.1848349],[-36.775479,-6.1855921],[-36.7765842,-6.1863095],[-36.7779512,-6.1876342],[-36.7799816,-6.1885016],[-36.7808399,-6.1883551],[-36.782302,-6.1893485],[-36.7826732,-6.1903517],[-36.7833411,-6.1921567],[-36.7846424,-6.1938508],[-36.7857116,-6.1946183],[-36.7867586,-6.1951011],[-36.7854383,-6.1966835],[-36.7828789,-6.1970395],[-36.7791294,-6.1970251],[-36.7774396,-6.1972462],[-36.7749603,-6.1993406],[-36.7723021,-6.2011626],[-36.7700133,-6.2018845],[-36.7674983,-6.2018279],[-36.7638397,-6.2026369],[-36.747042,-6.207371],[-36.7427924,-6.2099285],[-36.7414514,-6.2107354],[-36.7398866,-6.2128343],[-36.7381026,-6.2135144],[-36.7302396,-6.2133882],[-36.7274497,-6.2137893],[-36.7126666,-6.2179993],[-36.7074685,-6.2202428],[-36.7037035,-6.2207636]]]},"properties":{"CD_MUN":"2414159","NM_MUN":"Tenente Laurentino Cruz","CD_RGI":"240008","NM_RGI":"Currais Novos","CD_RGINT":"2402","NM_RGINT":"Caicó","CD_UF":"24","NM_UF":"Rio Grande do Norte","SIGLA_UF":"RN","CD_REGIA":"2","NM_REGIA":"Nordeste","SIGLA_RG":"NE","CD_CONCU":"","NM_CONCU":"","AREA_KM2":68.556}},
{"type":"Feature","geometry":{"type":"Polygon","coordinates":[[[-35.79092,-5.0774035],[-35.7920084,-5.07758],[-35.7935394,-5.0777197],[-35.7947424,-5.0775917],[-35.7958223,-5.0773252],[-35.7970254,-5.0769445],[-35.7982643,-5.0764083],[-35.7989272,-5.0759901],[-35.7998658,-5.075428],[-35.8006793,-5.0748278],[-35.8013678,-5.0742409],[-35.8018397,-5.07383],[-35.8022542,-5.0734417],[-35.8026249,-5.0732479],[-35.8027575,-5.0731982],[-35.803058,-5.0730856],[-35.8035677,-5.0729307],[-35.8041031,-5.0729686],[-35.804412,-5.0730779],[-35.8048543,-5.0731869],[-35.8053478,-5.0732582],[-35.805656,-5.0732867],[-35.806135,-5.0732968],[-35.8065339,-5.0732171],[-35.8069662,-5.073128],[-35.8074267,-5.0729634],[-35.8078067,-5.0728886],[-35.8081492,-5.0728703],[-35.8083856,-5.0729458],[-35.8086842,-5.0730831],[-35.8089022,-5.0732015],[-35.8091157,-5.0732964],[-35.8095855,-5.0734207],[-35.8100286,-5.0735269],[-35.8104144,-5.0736131],[-35.8109238,-5.0737231],[-35.8118315,-5.0738697],[-35.8127817,-5.0739439],[-35.8137655,-5.074037],[-35.8153059,-5.073999],[-35.8161896,-5.0740211],[-35.8169876,-5.0740221],[-35.8176976,-5.0739785],[-35.8178011,-5.0739742],[-35.8188802,-5.0739298],[-35.8200211,-5.0739616],[-35.820995,-5.0740383],[-35.8217388,-5.0741344],[-35.8219219,-5.0741609],[-35.8224374,-5.0742355],[-35.8228383,-5.0742978],[-35.8236786,-5.0744286],[-35.8248451,-5.0746838],[-35.8261557,-5.0749253],[-35.8272619,-5.0751173],[-35.8282396,-5.0752212],[-35.8288205,-5.0752222],[-35.8295526,-5.075247],[-35.8306279,-5.0750824],[-35.8317835,-5.0749147],[-35.83281,-5.0747263],[-35.8338834,-5.0744198],[-35.8346482,-5.0741597],[-35.8352927,-5.0739465],[-35.8365387,-5.0737005],[-35.8375971,-5.0734701],[-35.8388005,-5.0732091],[-35.8400569,-5.0728527],[-35.8411933,-5.0725517],[-35.8426033,-5.0721346],[-35.8442387,-5.0716729],[-35.8450884,-5.0713882],[-35.8454223,-5.0712764],[-35.8471941,-5.0706273],[-35.8486641,-5.0701787],[-35.8501323,-5.0697297],[-35.8508707,-5.069511],[-35.8515779,-5.0693668],[-35.8523642,-5.0692163],[-35.8527456,-5.0691616],[-35.8528127,-5.069152],[-35.8536796,-5.0690555],[-35.8541546,-5.0690058],[-35.8545753,-5.0689171],[-35.8551599,-5.0687241],[-35.8559137,-5.0684668],[-35.8565729,-5.068266],[-35.856975,-5.0681928],[-35.8573037,-5.0681351],[-35.8578111,-5.0679996],[-35.8581999,-5.0678708],[-35.858376,-5.0678125],[-35.858762,-5.067708],[-35.8589841,-5.0676694],[-35.8596633,-5.0675692],[-35.8601507,-5.0675505],[-35.8607467,-5.0675146],[-35.8609106,-5.0675048],[-35.8614985,-5.0674418],[-35.862056,-5.0674083],[-35.8624547,-5.0673937],[-35.86276,-5.067406],[-35.8629319,-5.067488],[-35.8632522,-5.0677523],[-35.8635213,-5.0679782],[-35.8637163,-5.068134],[-35.8639271,-5.0682938],[-35.8641146,-5.0683915],[-35.8644155,-5.0684699],[-35.8647245,-5.0685172],[-35.8651116,-5.0685334],[-35.8655347,-5.0685378],[-35.866255,-5.0686271],[-35.8667081,-5.0686588],[-35.8671962,-5.0686981],[-35.8676369,-5.0686984],[-35.8681248,-5.068668],[-35.8687288,-5.0686377],[-35.8691504,-5.068615],[-35.8694744,-5.0685999],[-35.8697789,-5.0685731],[-35.8701227,-5.0685385],[-35.870404,-5.0685117],[-35.8705524,-5.0684998],[-35.8707393,-5.0684848],[-35.8711084,-5.0684736],[-35.8712257,-5.0684787],[-35.8715599,-5.0684934],[-35.8720081,-5.0684979],[-35.8724607,-5.0685369],[-35.8728139,-5.068541],[-35.8731981,-5.068522],[-35.873626,-5.0684762],[-35.8740822,-5.0684033],[-35.8743707,-5.0683456],[-35.8747089,-5.068315],[-35.8751297,-5.0682961],[-35.8755532,-5.0682615],[-35.8760898,-5.0682465],[-35.8764716,-5.0682353],[-35.8771652,-5.0681882],[-35.8779301,-5.0681483],[-35.8785516,-5.0680806],[-35.8791621,-5.0680083],[-35.8794146,-5.0679572],[-35.8800228,-5.0678341],[-35.8810119,-5.0676395],[-35.8819311,-5.0674585],[-35.8828739,-5.067291],[-35.8836188,-5.0671367],[-35.8848054,-5.0669414],[-35.885253,-5.0668499],[-35.886084,-5.06668],[-35.8871332,-5.0663979],[-35.8881561,-5.0660953],[-35.8892389,-5.0657799],[-35.8903479,-5.0654311],[-35.891972,-5.0649386],[-35.8935687,-5.0644889],[-35.8951405,-5.0639677],[-35.8957603,-5.0637622],[-35.8966527,-5.0635209],[-35.8971024,-5.0633993],[-35.8981654,-5.0631149],[-35.8992015,-5.062819],[-35.9001291,-5.0625636],[-35.9010626,-5.0622881],[-35.901915,-5.0619789],[-35.9028636,-5.0616165],[-35.903776,-5.0612686],[-35.9038169,-5.061253],[-35.9047041,-5.0607418],[-35.9054154,-5.0603929],[-35.9060699,-5.06007],[-35.9066821,-5.0598572],[-35.9071257,-5.0597008],[-35.9075322,-5.0595741],[-35.9079764,-5.0594997],[-35.9081738,-5.0594844],[-35.9082574,-5.059478],[-35.9138718,-5.0821901],[-35.9359667,-5.1717588],[-35.9355253,-5.1720881],[-35.936684,-5.1746665],[-35.9521544,-5.2373809],[-35.914642,-5.2288498],[-35.9120256,-5.2282547],[-35.8389857,-5.2116438],[-35.8318646,-5.2100244],[-35.8284796,-5.1990474],[-35.8055225,-5.1246652],[-35.79092,-5.0774035]]]},"properties":{"CD_MUN":"2409506","NM_MUN":"Pedra Grande","CD_RGI":"240005","NM_RGI":"João Câmara","CD_RGINT":"2401","NM_RGINT":"Natal","CD_UF":"24","NM_UF":"Rio Grande do Norte","SIGLA_UF":"RN","CD_REGIA":"2","NM_REGIA":"Nordeste","SIGLA_RG":"NE","CD_CONCU":"","NM_CONCU":"","AREA_KM2":221.167}},
{"type":"Feature","geometry":{"type":"Polygon","coordinates":[[[-37.4421202,-5.5869334],[-37.4932362,-5.5668447],[-37.57855959654923,-5.571604383072293],[-37.578560304616396,-5.5716044226409895],[-37.578643,-5.57201],[-37.5786429,-5.5720121],[-37.5787146,-5.5723645],[-37.5838868,-5.5756774],[-37.6582355,-5.6232987],[-37.6729792,-5.6327422],[-37.6733698,-5.6329924],[-37.673334,-5.6332057],[-37.6737957,-5.6333247],[-37.6739187,-5.633344],[-37.6742144,-5.6335334],[-37.6743498,-5.6334765],[-37.6744416,-5.6336789],[-37.6744976,-5.6337782],[-37.6745571,-5.6339275],[-37.6745839,-5.6340487],[-37.6746165,-5.6341327],[-37.6749617,-5.634107],[-37.6750428,-5.634064],[-37.6753687,-5.6342727],[-37.6761648,-5.6347827],[-37.6761983,-5.6347615],[-37.6764527,-5.6351368],[-37.6763488,-5.6379084],[-37.6776761,-5.640776],[-37.6781458,-5.6450803],[-37.6792258,-5.6469345],[-37.6799839,-5.6496207],[-37.6816122,-5.6506516],[-37.6841071,-5.6502807],[-37.6854083,-5.6505011],[-37.6867144,-5.6493903],[-37.6896415,-5.6511388],[-37.6915875,-5.6532121],[-37.6912594,-5.6551709],[-37.6915816,-5.6563691],[-37.6928806,-5.6581146],[-37.6915723,-5.6603965],[-37.691774,-5.667692],[-37.6937471,-5.6728913],[-37.6942549,-5.6742294],[-37.6944341,-5.6744915],[-37.6946133,-5.6747536],[-37.6950842,-5.6754424],[-37.6972972,-5.6786795],[-37.6979864,-5.6799565],[-37.6997421,-5.6856736],[-37.7052609,-5.7084884],[-37.7075104,-5.7177881],[-37.707721,-5.7212644],[-37.7095579,-5.7251808],[-37.7107491,-5.7262725],[-37.714556,-5.7316082],[-37.7208689,-5.7404556],[-37.7233337,-5.7735632],[-37.7258445,-5.8072895],[-37.7299873,-5.8631458],[-37.7336682,-5.9117114],[-37.7337899,-5.9118705],[-37.7129948,-5.9190553],[-37.6485763,-5.9413121],[-37.593097,-5.9819198],[-37.5860264,-5.9808529],[-37.583168,-5.9793002],[-37.5747922,-5.9684513],[-37.5727423,-5.9664909],[-37.5707957,-5.9655825],[-37.5688447,-5.9651763],[-37.565393,-5.9656188],[-37.5601455,-5.96336],[-37.5578478,-5.9618506],[-37.5546052,-5.9589446],[-37.549778,-5.949673],[-37.537041,-5.928431],[-37.5349515,-5.9244733],[-37.5340566,-5.923094],[-37.5302192,-5.9198347],[-37.5296984,-5.9188085],[-37.5281056,-5.9165769],[-37.5279543,-5.9166812],[-37.5282279,-5.9176057],[-37.5290474,-5.9187334],[-37.5293201,-5.9199855],[-37.5296188,-5.9203859],[-37.5302668,-5.9206146],[-37.5310185,-5.9214468],[-37.532135,-5.9223458],[-37.5322085,-5.9227206],[-37.5316332,-5.9230709],[-37.5321565,-5.9237462],[-37.5321299,-5.9241452],[-37.5317568,-5.9243205],[-37.5307066,-5.9242436],[-37.5297131,-5.9223905],[-37.5288896,-5.9224365],[-37.5286404,-5.9223113],[-37.5288673,-5.9215357],[-37.5285198,-5.9206343],[-37.5279466,-5.9204068],[-37.5269974,-5.9207803],[-37.5269483,-5.9204053],[-37.5273992,-5.9197804],[-37.5273918,-5.9192519],[-37.5257568,-5.91755],[-37.5240132,-5.9172179],[-37.5232581,-5.9164065],[-37.522247,-5.9159667],[-37.5210905,-5.9175116],[-37.5208647,-5.9173601],[-37.5203204,-5.9158588],[-37.5203705,-5.9154588],[-37.5208212,-5.9149581],[-37.5208717,-5.9146346],[-37.5195769,-5.9137775],[-37.5206241,-5.9130314],[-37.520603,-5.9126572],[-37.5193344,-5.9118287],[-37.5186821,-5.9126007],[-37.518031,-5.9131252],[-37.5178564,-5.9130733],[-37.5186101,-5.9107489],[-37.518661,-5.9101751],[-37.5183883,-5.9098728],[-37.5176887,-5.9099711],[-37.5172901,-5.9102447],[-37.5162149,-5.9102167],[-37.5157408,-5.9105663],[-37.5155156,-5.91099],[-37.5154119,-5.911842],[-37.5133856,-5.9137374],[-37.5135651,-5.9121117],[-37.5134431,-5.9109848],[-37.5131928,-5.9106597],[-37.5128134,-5.9105985],[-37.5125141,-5.9114084],[-37.5113764,-5.9132266],[-37.5108926,-5.9136567],[-37.5106915,-5.9135537],[-37.5105929,-5.9129045],[-37.5110446,-5.9117792],[-37.510842,-5.9106561],[-37.5098954,-5.9108263],[-37.5089719,-5.9113361],[-37.5086748,-5.9111234],[-37.5088504,-5.9106984],[-37.5095774,-5.9101743],[-37.5089094,-5.9075705],[-37.5046683,-5.9066834],[-37.5028917,-5.9061323],[-37.5021311,-5.9056224],[-37.5014314,-5.9048345],[-37.5009506,-5.9035897],[-37.4998694,-5.9033443],[-37.4991167,-5.9029623],[-37.4988221,-5.9023397],[-37.4989307,-5.9012916],[-37.4988257,-5.9006448],[-37.4967563,-5.8977181],[-37.495357,-5.8965228],[-37.4951428,-5.8956601],[-37.4945786,-5.8945763],[-37.4941238,-5.894169],[-37.4930988,-5.8939495],[-37.4909668,-5.8939723],[-37.4895086,-5.8942114],[-37.4885124,-5.8939936],[-37.4876752,-5.8940715],[-37.4865128,-5.8953102],[-37.4846231,-5.8956847],[-37.4821654,-5.8970611],[-37.480711,-5.8961657],[-37.4799027,-5.8962452],[-37.4792292,-5.8966742],[-37.4776839,-5.8989131],[-37.4766317,-5.8995868],[-37.4732858,-5.8993889],[-37.4717513,-5.89887],[-37.4709445,-5.8982745],[-37.4704593,-5.8982181],[-37.4698634,-5.8992435],[-37.4694314,-5.8994848],[-37.4689176,-5.8995657],[-37.4675183,-5.8989664],[-37.4666797,-5.8992083],[-37.4653308,-5.9001288],[-37.4638472,-5.9000161],[-37.4623349,-5.9006062],[-37.460314,-5.9006007],[-37.4580504,-5.9001078],[-37.4571332,-5.9003214],[-37.4558935,-5.9002096],[-37.4537933,-5.8993948],[-37.4523898,-5.8998229],[-37.4512588,-5.8998193],[-37.4498567,-5.8994918],[-37.4492617,-5.9001896],[-37.4495818,-5.9015433],[-37.4488249,-5.9025136],[-37.4475132,-5.9027185],[-37.4544495,-5.8504964],[-37.4605894,-5.804173],[-37.4606251,-5.8039032],[-37.4674526,-5.7522805],[-37.4486747,-5.6273117],[-37.4459801,-5.6276213],[-37.4454055,-5.6216223],[-37.4444827,-5.6119897],[-37.4421202,-5.5869334]]]},"properties":{"CD_MUN":"2402303","NM_MUN":"Caraúbas","CD_RGI":"240009","NM_RGI":"Mossoró","CD_RGINT":"2403","NM_RGINT":"Mossoró","CD_UF":"24","NM_UF":"Rio Grande do Norte","SIGLA_UF":"RN","CD_REGIA":"2","NM_REGIA":"Nordeste","SIGLA_RG":"NE","CD_CONCU":"","NM_CONCU":"","AREA_KM2":1094.488}},
{"type":"Feature","geometry":{"type":"Polygon","coordinates":[[[-37.7773568,-6.0677772],[-37.773256,-6.067853],[-37.7721799,-6.0706962],[-37.765112,-6.077295],[-37.7619413,-6.0843192],[-37.7586061,-6.0859669],[-37.7571879,-6.0879066],[-37.7595022,-6.0887964],[-37.7612759,-6.0901605],[-37.7623208,-6.0927917],[-37.7592639,-6.0931512],[-37.7570224,-6.094472],[-37.7550446,-6.0949487],[-37.7528558,-6.0973105],[-37.7509812,-6.1012528],[-37.7507534,-6.1017319],[-37.7500281,-6.104871],[-37.7479648,-6.1082522],[-37.747955,-6.1113129],[-37.7459524,-6.1149185],[-37.7442902,-6.1165245],[-37.7421951,-6.1217356],[-37.7110631,-6.1308165],[-37.7080439,-6.1280392],[-37.7049067,-6.1284415],[-37.7038346,-6.1280684],[-37.7037174,-6.1278572],[-37.6942823,-6.1183294],[-37.6876376,-6.1093116],[-37.6744157,-6.0675992],[-37.6725584,-6.0490222],[-37.6724496,-6.0479335],[-37.6748817,-6.0470456],[-37.6797636,-6.0469292],[-37.6810907,-6.046738],[-37.6835795,-6.0470907],[-37.6854046,-6.0478677],[-37.6892536,-6.0487484],[-37.694449,-6.0496611],[-37.6983339,-6.0496967],[-37.7003003,-6.0502283],[-37.7008055,-6.050582],[-37.7021947,-6.0492837],[-37.7046264,-6.048439],[-37.7061776,-6.0485724],[-37.7086411,-6.0493679],[-37.7099484,-6.0478202],[-37.7116595,-6.0472799],[-37.7136753,-6.0457325],[-37.715093,-6.0455638],[-37.7156259,-6.0452191],[-37.7163958,-6.0440741],[-37.7174019,-6.0432708],[-37.7188023,-6.0424275],[-37.7216618,-6.0411279],[-37.7219586,-6.0405546],[-37.7220834,-6.0372219],[-37.7225591,-6.0367085],[-37.7249834,-6.036513],[-37.7255763,-6.0354794],[-37.7261131,-6.0334144],[-37.726999,-6.0328432],[-37.7285362,-6.0329613],[-37.7318397,-6.0351854],[-37.7328521,-6.0324912],[-37.7333471,-6.0325002],[-37.734144,-6.0331241],[-37.7346769,-6.0332803],[-37.7349443,-6.0330201],[-37.7355329,-6.0314158],[-37.7357529,-6.0298634],[-37.7356992,-6.0286955],[-37.7354356,-6.0281261],[-37.7346901,-6.0275037],[-37.7342662,-6.0268279],[-37.7352821,-6.0254315],[-37.7359759,-6.0247599],[-37.7398713,-6.0232912],[-37.7399809,-6.0227211],[-37.7408911,-6.0213242],[-37.7409439,-6.0208074],[-37.7407321,-6.0200802],[-37.7394044,-6.0177459],[-37.7394159,-6.0173105],[-37.7397262,-6.0167079],[-37.7407476,-6.0131745],[-37.7426707,-6.0120135],[-37.7438183,-6.0116002],[-37.7450703,-6.0115264],[-37.7471,-6.0102475],[-37.7474736,-6.0099372],[-37.7478769,-6.0083579],[-37.7485822,-6.0086981],[-37.7524643,-6.0077461],[-37.7541169,-6.0077246],[-37.7563869,-6.0062655],[-37.7600921,-6.0063783],[-37.7637204,-6.0052136],[-37.7665483,-6.0037442],[-37.768793,-6.0029952],[-37.7694905,-6.0027625],[-37.7713761,-6.0019402],[-37.7722402,-6.0018422],[-37.7717406,-6.0028493],[-37.7715883,-6.0047109],[-37.7720943,-6.0059598],[-37.7724304,-6.0063773],[-37.7734804,-6.006944],[-37.7744829,-6.0071701],[-37.7756282,-6.0076908],[-37.7766821,-6.0092303],[-37.77767,-6.0116291],[-37.7785003,-6.0131212],[-37.7794712,-6.0144748],[-37.7797306,-6.0153922],[-37.7796404,-6.0169016],[-37.7792595,-6.0178372],[-37.7786165,-6.0184782],[-37.7767176,-6.0195549],[-37.7768906,-6.0204315],[-37.7778525,-6.0213977],[-37.7780043,-6.0215502],[-37.7781778,-6.0217245],[-37.7790142,-6.0231934],[-37.7795651,-6.0246577],[-37.7796212,-6.025899],[-37.7802201,-6.028753],[-37.7814704,-6.0335345],[-37.7820546,-6.0345865],[-37.7819322,-6.0359915],[-37.7827486,-6.0371041],[-37.7822774,-6.038506],[-37.782974,-6.0407],[-37.7840898,-6.0414507],[-37.7836211,-6.0440402],[-37.7826903,-6.0463154],[-37.7804482,-6.0480884],[-37.7799057,-6.0495144],[-37.7793218,-6.0521162],[-37.7793582,-6.0529646],[-37.7802779,-6.0554808],[-37.7784953,-6.0589164],[-37.7777979,-6.0597619],[-37.7774503,-6.0606654],[-37.7772114,-6.0634467],[-37.7775565,-6.0644527],[-37.7773568,-6.0677772]]]},"properties":{"CD_MUN":"2410603","NM_MUN":"Rafael Godeiro","CD_RGI":"240010","NM_RGI":"Pau dos Ferros","CD_RGINT":"2403","NM_RGINT":"Mossoró","CD_UF":"24","NM_UF":"Rio Grande do Norte","SIGLA_UF":"RN","CD_REGIA":"2","NM_REGIA":"Nordeste","SIGLA_RG":"NE","CD_CONCU":"","NM_CONCU":"","AREA_KM2":100.073}},
{"type":"Feature","geometry":{"type":"Polygon","coordinates":[[[-37.7337899,-5.9118705],[-37.7336682,-5.9117114],[-37.7299873,-5.8631458],[-37.7258445,-5.8072895],[-37.7233337,-5.7735632],[-37.7208689,-5.7404556],[-37.714556,-5.7316082],[-37.7107491,-5.7262725],[-37.7095579,-5.7251808],[-37.707721,-5.7212644],[-37.7075104,-5.7177881],[-37.7052609,-5.7084884],[-37.6997421,-5.6856736],[-37.6979864,-5.6799565],[-37.6972972,-5.6786795],[-37.6950842,-5.6754424],[-37.6946133,-5.6747536],[-37.6944341,-5.6744915],[-37.6942549,-5.6742294],[-37.6937471,-5.6728913],[-37.691774,-5.667692],[-37.6915723,-5.6603965],[-37.6928806,-5.6581146],[-37.6915816,-5.6563691],[-37.6912594,-5.6551709],[-37.6915875,-5.6532121],[-37.6896415,-5.6511388],[-37.6867144,-5.6493903],[-37.6854083,-5.6505011],[-37.6841071,-5.6502807],[-37.6816122,-5.6506516],[-37.6799839,-5.6496207],[-37.6792258,-5.6469345],[-37.6781458,-5.6450803],[-37.6776761,-5.640776],[-37.6763488,-5.6379084],[-37.6764527,-5.6351368],[-37.6761983,-5.6347615],[-37.6995165,-5.6199075],[-37.7016516,-5.6185475],[-37.7026668,-5.6179008],[-37.7184152,-5.607869],[-37.7338807,-5.5970396],[-37.7610586,-5.5780089],[-37.7614362,-5.5777445],[-37.71162,-5.5092891],[-37.6916799,-5.4818882],[-37.6556591,-5.43239],[-37.643645,-5.4158806],[-37.6430997,-5.4163935],[-37.6422062,-5.4151599],[-37.8128023,-5.3165692],[-37.8228742,-5.3229399],[-37.8357125,-5.3353866],[-37.8474704,-5.3400231],[-37.8576574,-5.3567237],[-37.858463,-5.3653051],[-37.8586405,-5.3671956],[-37.8637361,-5.3740914],[-37.8642752,-5.3783526],[-37.8627175,-5.3817186],[-37.8593159,-5.3957345],[-37.8606732,-5.4018933],[-37.8604816,-5.4066857],[-37.8632505,-5.4109051],[-37.8642119,-5.4123702],[-37.8709613,-5.4203063],[-37.876985,-5.4273892],[-37.8807982,-5.4352936],[-37.8812278,-5.4361841],[-37.8812426,-5.4362031],[-37.8837718,-5.4394451],[-37.8864846,-5.4438296],[-37.8888774,-5.4493539],[-37.8895409,-5.4522882],[-37.8922253,-5.4807596],[-37.8926718,-5.4816293],[-37.896856,-5.4843529],[-37.8984182,-5.4858791],[-37.9004203,-5.4904445],[-37.9006773,-5.4916041],[-37.9014865,-5.4952559],[-37.9015347,-5.4954732],[-37.9019868,-5.4975131],[-37.9015773,-5.4997924],[-37.9022457,-5.5006618],[-37.9047837,-5.5011411],[-37.9051259,-5.501283],[-37.9054681,-5.5014248],[-37.9099517,-5.5032833],[-37.9106207,-5.503936],[-37.9174904,-5.5053608],[-37.9203848,-5.5053692],[-37.9203953,-5.5053692],[-37.9245697,-5.50278],[-37.924591,-5.5027668],[-37.9272726,-5.5022296],[-37.9309602,-5.5022356],[-37.9326343,-5.5031077],[-37.9346995,-5.5052844],[-37.9381495,-5.5128975],[-37.9416508,-5.5235512],[-37.9444935,-5.5272501],[-37.9457149,-5.5312723],[-37.9480565,-5.5346449],[-37.9506213,-5.536606],[-37.9601702,-5.5402092],[-37.9642449,-5.5433643],[-37.9692689,-5.5459826],[-37.9718901,-5.5488127],[-37.9756855,-5.550774],[-37.9852032,-5.5543649],[-37.9872465,-5.5544896],[-37.9900372,-5.5557979],[-37.9931834,-5.5592915],[-37.9956964,-5.5651745],[-37.9977794,-5.5679387],[-37.9978934,-5.5680906],[-37.9996701,-5.5748272],[-37.9994956,-5.5753909],[-37.9986808,-5.5780226],[-37.9986802,-5.5780247],[-37.9990618,-5.5814776],[-37.9983274,-5.5853175],[-37.999435,-5.5865291],[-38.0101634,-5.5913942],[-38.0139641,-5.5943981],[-38.0240616,-5.6135623],[-38.027815,-5.6227075],[-38.0280679,-5.6233236],[-38.0319251,-5.6327216],[-38.0342697,-5.6371528],[-38.0357445,-5.6385804],[-38.0366829,-5.6394887],[-38.0371864,-5.6396862],[-38.0462765,-5.643252],[-38.0491808,-5.6440168],[-38.0533836,-5.646104],[-38.0642545,-5.6563235],[-38.067599,-5.6587158],[-38.0758499,-5.6630595],[-38.0792685,-5.6661238],[-38.0819854,-5.6701227],[-38.0827304,-5.6721423],[-38.0828404,-5.6724407],[-38.0828683,-5.6725487],[-38.0841181,-5.6773894],[-38.0845297,-5.6842612],[-38.082842,-5.6984034],[-38.0896939,-5.7148464],[-38.0901382,-5.7202334],[-38.090101,-5.7204805],[-38.0889527,-5.7280888],[-38.0882363,-5.7300377],[-38.0871672,-5.730522],[-38.0848449,-5.7293076],[-38.0801569,-5.7255148],[-38.075226,-5.7234691],[-38.0732426,-5.7235711],[-38.068352,-5.725449],[-38.0634187,-5.7248571],[-38.0617667,-5.7252449],[-38.0617577,-5.7252544],[-38.0575032,-5.7297463],[-38.057485,-5.7297424],[-38.0505907,-5.7282798],[-38.0505594,-5.7282971],[-38.0470084,-5.7302628],[-38.0468842,-5.732942],[-38.049654,-5.7398249],[-38.0511009,-5.7418191],[-38.0551826,-5.7449747],[-38.0575365,-5.7481631],[-38.0583831,-5.7510934],[-38.0585699,-5.754441],[-38.0585713,-5.7544656],[-38.0585827,-5.75467],[-38.0585895,-5.7547925],[-38.0585928,-5.7548514],[-37.9918927,-5.7330601],[-37.9904918,-5.7326024],[-37.9743769,-5.7273389],[-37.9518692,-5.7199873],[-37.9513652,-5.7198227],[-37.9388252,-5.7157257],[-37.937505,-5.7152946],[-37.8823134,-5.6972705],[-37.8813202,-5.6969462],[-37.8812264,-5.6971325],[-37.8583844,-5.7427818],[-37.8574124,-5.7447243],[-37.8573651,-5.7448188],[-37.8563458,-5.7468559],[-37.8560841,-5.7473796],[-37.8798605,-5.7543189],[-37.8788778,-5.7704494],[-37.8782393,-5.780873],[-37.8722496,-5.8786529],[-37.9131466,-5.903535],[-37.9124379,-5.9104416],[-37.9127017,-5.9137333],[-37.9120172,-5.9140554],[-37.9103193,-5.9168667],[-37.9078802,-5.9178318],[-37.9063897,-5.9220224],[-37.9034867,-5.9243063],[-37.9011837,-5.9271935],[-37.8991775,-5.9272367],[-37.8974166,-5.9279038],[-37.8973746,-5.9291943],[-37.9000484,-5.931278],[-37.900173,-5.9317968],[-37.8996257,-5.934217],[-37.8981933,-5.9363207],[-37.8980282,-5.9379194],[-37.8968448,-5.9398032],[-37.8831752,-5.9343686],[-37.8611243,-5.925602],[-37.825563,-5.9126594],[-37.7652197,-5.8958503],[-37.7641987,-5.8955659],[-37.7373384,-5.910064],[-37.7338487,-5.9119477],[-37.7337899,-5.9118705]]]},"properties":{"CD_MUN":"2401008","NM_MUN":"Apodi","CD_RGI":"240009","NM_RGI":"Mossoró","CD_RGINT":"2403","NM_RGINT":"Mossoró","CD_UF":"24","NM_UF":"Rio Grande do Norte","SIGLA_UF":"RN","CD_REGIA":"2","NM_REGIA":"Nordeste","SIGLA_RG":"NE","CD_CONCU":"","NM_CONCU":"","AREA_KM2":1569.146}},
{"type":"Feature","geometry":{"type":"Polygon","coordinates":[[[-38.189437,-6.046281],[-38.1894603,-6.0449821],[-38.1915764,-6.0433531],[-38.1921485,-6.041802],[-38.1897729,-6.0362068],[-38.1879685,-6.0351025],[-38.1862655,-6.0353006],[-38.1833567,-6.032682],[-38.1829999,-6.0306116],[-38.1838795,-6.025975],[-38.1836547,-6.0213999],[-38.1842256,-6.0200971],[-38.1843308,-6.0180414],[-38.1834557,-6.0157351],[-38.1808274,-6.0140764],[-38.1778107,-6.0128696],[-38.1757979,-6.0130662],[-38.1734217,-6.0145163],[-38.1719257,-6.0144127],[-38.1699945,-6.0131055],[-38.1670529,-6.0120499],[-38.1665906,-6.0106949],[-38.1654565,-6.0096906],[-38.1630326,-6.0091863],[-38.1627495,-6.0084333],[-38.1651281,-6.0051278],[-38.1660099,-6.0029425],[-38.1660341,-6.0024998],[-38.165643,-6.00224],[-38.1654752,-6.000478],[-38.1644804,-5.9989618],[-38.1634669,-5.9981114],[-38.1622618,-5.997989],[-38.1619149,-5.9979538],[-38.1605849,-5.9967612],[-38.1577852,-5.9947258],[-38.1561183,-5.9914785],[-38.1566895,-5.9889654],[-38.1556638,-5.9859137],[-38.1516158,-5.9838003],[-38.148369,-5.9813902],[-38.1478841,-5.979972],[-38.1484283,-5.9765362],[-38.1473233,-5.9738686],[-38.1459325,-5.9727128],[-38.144436,-5.9722608],[-38.1365562,-5.9719486],[-38.1307914,-5.9707872],[-38.1289869,-5.9697803],[-38.1280614,-5.9686253],[-38.1273925,-5.9674714],[-38.126957,-5.9647137],[-38.124746,-5.9601475],[-38.1237154,-5.9590933],[-38.1218785,-5.9586964],[-38.1199218,-5.9610426],[-38.1184239,-5.961191],[-38.116874,-5.9609876],[-38.1145312,-5.959146],[-38.1148504,-5.9556732],[-38.115467,-5.9546186],[-38.1176856,-5.9544205],[-38.1180116,-5.9524604],[-38.1178857,-5.9517363],[-38.1159669,-5.9501592],[-38.1161231,-5.9493044],[-38.1184442,-5.9479555],[-38.1189633,-5.9468041],[-38.1200985,-5.9460539],[-38.1215407,-5.9458333],[-38.123065,-5.9457056],[-38.1230949,-5.9451506],[-38.1216262,-5.9416961],[-38.1230213,-5.9410455],[-38.1274326,-5.940602],[-38.1302392,-5.9396697],[-38.1321087,-5.9398809],[-38.1324244,-5.9390069],[-38.1374685,-5.9363919],[-38.1396489,-5.9374002],[-38.142099,-5.939811],[-38.1431665,-5.9400096],[-38.1491448,-5.9387848],[-38.1530397,-5.9388819],[-38.1575684,-5.9383446],[-38.1634901,-5.9388958],[-38.1630132,-5.9405575],[-38.163145,-5.9436065],[-38.1631451,-5.943608],[-38.1637798,-5.9454434],[-38.1647923,-5.946532],[-38.1710767,-5.9496914],[-38.1739691,-5.9526717],[-38.1754313,-5.9534015],[-38.1775775,-5.9534686],[-38.177595,-5.9534692],[-38.1807731,-5.9508637],[-38.1807853,-5.9508537],[-38.1835821,-5.9502233],[-38.1895717,-5.9573396],[-38.1923688,-5.9595645],[-38.1985479,-5.9614489],[-38.202003,-5.9620978],[-38.2060156,-5.9643478],[-38.2085158,-5.9665333],[-38.2118272,-5.9713389],[-38.2144753,-5.9742992],[-38.2172787,-5.975883],[-38.2180239,-5.9769977],[-38.2184119,-5.9772692],[-38.2214264,-5.9793784],[-38.2214279,-5.9793797],[-38.2300333,-5.9868671],[-38.244501,-5.9994552],[-38.2445036,-5.9994574],[-38.2453121,-6.0020448],[-38.2494427,-6.0053529],[-38.2521719,-6.0101576],[-38.2154552,-6.0241085],[-38.195919,-6.0407588],[-38.1955292,-6.0410909],[-38.189437,-6.046281]]]},"properties":{"CD_MUN":"2411908","NM_MUN":"São Francisco do Oeste","CD_RGI":"240010","NM_RGI":"Pau dos Ferros","CD_RGINT":"2403","NM_RGINT":"Mossoró","CD_UF":"24","NM_UF":"Rio Grande do Norte","SIGLA_UF":"RN","CD_REGIA":"2","NM_REGIA":"Nordeste","SIGLA_RG":"NE","CD_CONCU":"","NM_CONCU":"","AREA_KM2":75.588}},
{"type":"Feature","geometry":{"type":"Polygon","coordinates":[[[-36.031832,-6.0693894],[-36.0295372,-6.0693884],[-36.0284119,-6.0693864],[-36.0274228,-6.0702676],[-36.0257826,-6.0725298],[-36.0247364,-6.0736516],[-36.0227345,-6.0750708],[-36.0193277,-6.0766317],[-36.0183826,-6.0774125],[-36.0167903,-6.0792758],[-36.0137829,-6.0822843],[-36.0071048,-6.0877385],[-36.0057159,-6.0886766],[-36.0047191,-6.0886699],[-36.0009792,-6.0866624],[-35.9995215,-6.0863133],[-35.9980209,-6.0865787],[-35.9960716,-6.0881207],[-35.9938901,-6.0918087],[-35.9915384,-6.09427],[-35.9906095,-6.0957306],[-35.9895545,-6.0966551],[-35.9871948,-6.0975871],[-35.9864623,-6.0982804],[-35.9864408,-6.1011824],[-35.9865597,-6.101396],[-35.9875925,-6.1032516],[-35.9876141,-6.1071553],[-35.9862091,-6.1111445],[-35.9845041,-6.112456],[-35.9829654,-6.1146075],[-35.980939,-6.124268],[-35.9812426,-6.1275581],[-35.9828309,-6.1344404],[-35.985342,-6.138561],[-35.9869961,-6.1429155],[-35.9868839,-6.1442192],[-35.98656,-6.1452161],[-35.9853036,-6.1466167],[-35.9846962,-6.1472931],[-35.9823296,-6.148746],[-35.9815639,-6.1483825],[-35.9804128,-6.1469356],[-35.9798402,-6.1465559],[-35.9787027,-6.1477093],[-35.9761817,-6.1488717],[-35.9743471,-6.1488835],[-35.9723222,-6.1495056],[-35.9714403,-6.1496238],[-35.9707597,-6.1492829],[-35.9703475,-6.148215],[-35.9697313,-6.1475304],[-35.9690775,-6.147305],[-35.9667969,-6.1481569],[-35.9653335,-6.1490083],[-35.9644306,-6.1480946],[-35.9633272,-6.1475642],[-35.9622703,-6.1478777],[-35.9617011,-6.1485707],[-35.9624161,-6.1523893],[-35.9621729,-6.152779],[-35.9601856,-6.1531246],[-35.9600144,-6.1532876],[-35.9594068,-6.153866],[-35.9595756,-6.1550139],[-35.9608843,-6.1556183],[-35.9624351,-6.1557631],[-35.9640246,-6.1555996],[-35.9662327,-6.1561811],[-35.967292,-6.1566533],[-35.9677065,-6.1574177],[-35.9681869,-6.159613],[-35.9678719,-6.1653801],[-35.9675525,-6.1668374],[-35.9680237,-6.1705854],[-35.9677023,-6.1714287],[-35.9668886,-6.1718172],[-35.9646027,-6.1716003],[-35.9585998,-6.1701777],[-35.9536666,-6.1705883],[-35.9492602,-6.1701537],[-35.9427944,-6.1667444],[-35.9405479,-6.1659158],[-35.9390794,-6.1656933],[-35.937351,-6.1657668],[-35.9315119,-6.168274],[-35.9306064,-6.1681335],[-35.9295232,-6.1654518],[-35.9283735,-6.1644121],[-35.927503,-6.1640745],[-35.9253265,-6.1640093],[-35.9182066,-6.1627896],[-35.8950342,-6.1412121],[-35.82321,-6.0743628],[-35.8225271,-6.0731758],[-35.871654,-6.0431486],[-35.8788395,-6.0387526],[-35.881273,-6.0372638],[-35.9248041,-6.0106325],[-35.9431778,-6.0209312],[-35.9679303,-6.0348054],[-36.031832,-6.0693894]]]},"properties":{"CD_MUN":"2413706","NM_MUN":"Sítio Novo","CD_RGI":"240004","NM_RGI":"Santa Cruz","CD_RGINT":"2401","NM_RGINT":"Natal","CD_UF":"24","NM_UF":"Rio Grande do Norte","SIGLA_UF":"RN","CD_REGIA":"2","NM_REGIA":"Nordeste","SIGLA_RG":"NE","CD_CONCU":"","NM_CONCU":"","AREA_KM2":213.456}},
{"type":"Feature","geometry":{"type":"Polygon","coordinates":[[[-35.3523816,-6.1819666],[-35.3404228,-6.1648674],[-35.3425852,-6.1642111],[-35.3304638,-6.1434379],[-35.3260895,-6.1408299],[-35.3235928,-6.1227145],[-35.323549,-6.122124],[-35.3226091,-6.1094527],[-35.3220746,-6.1092622],[-35.3154413,-6.1068969],[-35.3142199,-6.1043616],[-35.3115085,-6.098733],[-35.3052215,-6.085681],[-35.2986584,-6.0720552],[-35.2984258,-6.066399],[-35.3101293,-6.0618918],[-35.319519,-6.0548221],[-35.3194725,-6.0490648],[-35.3232591,-6.0482488],[-35.3534207,-6.0499283],[-35.3605729,-6.0569997],[-35.3647224,-6.0557357],[-35.3651373,-6.0555335],[-35.3663315,-6.058837],[-35.3678912,-6.0585166],[-35.370785,-6.0595205],[-35.3750045,-6.0600494],[-35.3794578,-6.0608911],[-35.3824226,-6.0601746],[-35.3871788,-6.0586673],[-35.3889558,-6.0544348],[-35.3912874,-6.0518424],[-35.3941734,-6.0511266],[-35.3991698,-6.0511054],[-35.4031606,-6.0527303],[-35.4068324,-6.0530261],[-35.4115977,-6.0537865],[-35.4148712,-6.0523644],[-35.4202394,-6.0478817],[-35.4222673,-6.0474824],[-35.4246038,-6.0464544],[-35.4267438,-6.0462229],[-35.426796,-6.0462172],[-35.4278361,-6.047946],[-35.428542,-6.0490966],[-35.4290089,-6.0498692],[-35.429209,-6.0501972],[-35.4293601,-6.0504305],[-35.4293922,-6.0504801],[-35.4295473,-6.0512989],[-35.4299626,-6.0534915],[-35.430689,-6.0573257],[-35.4322079,-6.0654621],[-35.4363547,-6.0641236],[-35.437428,-6.0637442],[-35.4426375,-6.0619025],[-35.4431769,-6.0677321],[-35.4443528,-6.0703862],[-35.4491297,-6.0749851],[-35.4512857,-6.0774013],[-35.4565571,-6.0784504],[-35.4565622,-6.0784492],[-35.4566197,-6.0784357],[-35.4578921,-6.0781371],[-35.4579764,-6.0781173],[-35.4580581,-6.0780982],[-35.4581393,-6.0780791],[-35.4582172,-6.0780608],[-35.4582996,-6.0780415],[-35.4583816,-6.0780222],[-35.4584616,-6.0780035],[-35.4585072,-6.0779928],[-35.4585477,-6.0779833],[-35.458588,-6.0779738],[-35.4586282,-6.0779644],[-35.4586689,-6.0779548],[-35.4587026,-6.0779469],[-35.4587829,-6.077928],[-35.4588616,-6.0779096],[-35.4589267,-6.0778943],[-35.4590054,-6.0778758],[-35.4590769,-6.0778591],[-35.4591539,-6.077841],[-35.4591589,-6.0778398],[-35.4591637,-6.0778387],[-35.459168,-6.0778377],[-35.459185,-6.0778337],[-35.4591913,-6.0778322],[-35.4591964,-6.077831],[-35.4591982,-6.0778306],[-35.4592071,-6.0778285],[-35.4592083,-6.0778282],[-35.4592182,-6.0778259],[-35.4592258,-6.0778241],[-35.4592454,-6.0778195],[-35.4597746,-6.0776953],[-35.4602758,-6.0775772],[-35.4602803,-6.0775761],[-35.4603878,-6.0775508],[-35.4603927,-6.0775497],[-35.4603952,-6.0775491],[-35.4604046,-6.0775469],[-35.4604137,-6.0775447],[-35.4604322,-6.0775403],[-35.4604437,-6.0775376],[-35.4604555,-6.0775349],[-35.460467,-6.0775321],[-35.4604894,-6.0775269],[-35.460512,-6.0775215],[-35.4605244,-6.0775186],[-35.4605356,-6.077516],[-35.4605464,-6.0775135],[-35.4605684,-6.0775083],[-35.460588,-6.0775036],[-35.4606097,-6.0774985],[-35.4606314,-6.0774934],[-35.4606362,-6.0774923],[-35.4606486,-6.0774894],[-35.4606596,-6.0774868],[-35.4606801,-6.0774819],[-35.4606985,-6.0774776],[-35.4607088,-6.0774752],[-35.460717,-6.0774732],[-35.4607327,-6.0774695],[-35.4608646,-6.0774385],[-35.4609917,-6.0774085],[-35.4611163,-6.0773791],[-35.4611987,-6.0773597],[-35.4612027,-6.0773588],[-35.4612067,-6.0773578],[-35.4612105,-6.0773569],[-35.4612138,-6.0773561],[-35.47105,-6.0731917],[-35.4740823,-6.0729955],[-35.4760762,-6.0719501],[-35.4783503,-6.0726674],[-35.4837806,-6.0723152],[-35.4861065,-6.0729224],[-35.4876555,-6.073697],[-35.4892373,-6.074108],[-35.4911085,-6.074027],[-35.491727,-6.0741332],[-35.4920356,-6.0741862],[-35.4926364,-6.0745291],[-35.4916331,-6.069642],[-35.4883849,-6.0629489],[-35.4896261,-6.0625075],[-35.4903662,-6.0613842],[-35.4914052,-6.0607574],[-35.4920262,-6.0607543],[-35.4925859,-6.0608765],[-35.4931165,-6.0611845],[-35.4940181,-6.061274],[-35.4953828,-6.0608942],[-35.4964965,-6.0598629],[-35.4983568,-6.0588593],[-35.4986353,-6.0585475],[-35.4996837,-6.0568311],[-35.4998676,-6.0563322],[-35.4999572,-6.0554302],[-35.5002353,-6.0551803],[-35.5006382,-6.0550833],[-35.5012584,-6.0547705],[-35.5020043,-6.0546115],[-35.503836,-6.0544163],[-35.5053266,-6.05413],[-35.5075281,-6.053342],[-35.5086789,-6.0533363],[-35.5087298,-6.05135],[-35.5104388,-6.0509942],[-35.5125679,-6.0511079],[-35.5138434,-6.0515389],[-35.515558,-6.0526198],[-35.5167411,-6.0530813],[-35.5189178,-6.053538],[-35.5214044,-6.0537132],[-35.5235169,-6.0535786],[-35.5257833,-6.0532571],[-35.5308286,-6.053078],[-35.5343404,-6.0530927],[-35.535676,-6.0530241],[-35.5373289,-6.0527197],[-35.5377914,-6.0528684],[-35.5377963,-6.05287],[-35.5382741,-6.0530237],[-35.5389491,-6.0536574],[-35.5389551,-6.0536611],[-35.539542,-6.0540311],[-35.5395504,-6.0540364],[-35.5399934,-6.0541237],[-35.5400002,-6.054125],[-35.5408364,-6.0541034],[-35.5414938,-6.0540864],[-35.5414952,-6.054087],[-35.5414966,-6.0540875],[-35.5431505,-6.0547441],[-35.543411,-6.0548475],[-35.5434432,-6.0548603],[-35.5435662,-6.0549091],[-35.5453893,-6.0556329],[-35.5453875,-6.0556351],[-35.5449268,-6.0562141],[-35.5449248,-6.0562166],[-35.5447362,-6.0564536],[-35.5433751,-6.0581642],[-35.5428623,-6.0593089],[-35.5424404,-6.0602504],[-35.5408616,-6.0664367],[-35.5379933,-6.0731704],[-35.5370538,-6.0744356],[-35.5366481,-6.0753558],[-35.5368115,-6.0767445],[-35.5379346,-6.0807807],[-35.536055,-6.0831225],[-35.5360265,-6.0840059],[-35.5363813,-6.0858371],[-35.5364186,-6.0870075],[-35.5360136,-6.0881075],[-35.5348449,-6.0896671],[-35.5341958,-6.0902336],[-35.5317208,-6.0916413],[-35.5311202,-6.0919831],[-35.5265216,-6.0905394],[-35.5264848,-6.0905717],[-35.5251838,-6.0917149],[-35.522861,-6.0932393],[-35.5218272,-6.0942543],[-35.5214537,-6.0950757],[-35.5208902,-6.0957739],[-35.5185648,-6.0966048],[-35.5176859,-6.0973022],[-35.5158384,-6.0993916],[-35.514333,-6.100472],[-35.513585,-6.1021164],[-35.5130844,-6.1027495],[-35.510662,-6.1030764],[-35.5094696,-6.1035872],[-35.5082142,-6.1044752],[-35.5057406,-6.1073904],[-35.5002211,-6.1121473],[-35.4951546,-6.1124236],[-35.4898717,-6.113521],[-35.485487,-6.1187152],[-35.4840565,-6.1155032],[-35.483233,-6.1144355],[-35.4771627,-6.116041],[-35.4771865,-6.1165937],[-35.4788844,-6.1173773],[-35.4795695,-6.1176936],[-35.4791151,-6.1178009],[-35.4788122,-6.1181596],[-35.4788013,-6.1181747],[-35.4787997,-6.1181769],[-35.4786168,-6.118431],[-35.4783561,-6.1191266],[-35.478363,-6.1194467],[-35.4776582,-6.1194882],[-35.4774549,-6.1195151],[-35.4772334,-6.119622],[-35.476933,-6.1199194],[-35.4769309,-6.1199214],[-35.4766291,-6.120234],[-35.476326,-6.1203521],[-35.4760421,-6.1204625],[-35.4757832,-6.1205586],[-35.4756986,-6.1205901],[-35.4750795,-6.1208199],[-35.4746162,-6.1209919],[-35.4738476,-6.1212773],[-35.4738432,-6.1212789],[-35.4737281,-6.1213207],[-35.4735435,-6.1212339],[-35.4721897,-6.1215138],[-35.4714353,-6.1215245],[-35.4697962,-6.1215476],[-35.4655952,-6.121607],[-35.4655448,-6.1216077],[-35.4655541,-6.1216426],[-35.4520831,-6.13332],[-35.4502716,-6.1348903],[-35.4437408,-6.1405511],[-35.4415305,-6.1390886],[-35.4384924,-6.1394339],[-35.4358426,-6.1402202],[-35.4347906,-6.1395062],[-35.4331715,-6.1363031],[-35.4323941,-6.1354193],[-35.431567,-6.1352407],[-35.4314558,-6.1352164],[-35.4253853,-6.1339063],[-35.4241478,-6.1330229],[-35.4233197,-6.1326938],[-35.4209453,-6.1333145],[-35.4171324,-6.1333866],[-35.4147512,-6.1330097],[-35.4139549,-6.1326284],[-35.4135105,-6.132416],[-35.3813898,-6.1584597],[-35.3523816,-6.1819666]]]},"properties":{"CD_MUN":"2407807","NM_MUN":"Monte Alegre","CD_RGI":"240001","NM_RGI":"Natal","CD_RGINT":"2401","NM_RGINT":"Natal","CD_UF":"24","NM_UF":"Rio Grande do Norte","SIGLA_UF":"RN","CD_REGIA":"2","NM_REGIA":"Nordeste","SIGLA_RG":"NE","CD_CONCU":"","NM_CONCU":"","AREA_KM2":211.259}},
{"type":"Feature","geometry":{"type":"Polygon","coordinates":[[[-36.0994547,-5.0771743],[-36.099498,-5.077194],[-36.1002771,-5.0776279],[-36.1010221,-5.0780823],[-36.1018589,-5.0786096],[-36.1025405,-5.0790482],[-36.1033559,-5.0795833],[-36.103802,-5.0798148],[-36.1043964,-5.0800976],[-36.104978,-5.0804025],[-36.1055171,-5.0806635],[-36.1061002,-5.0809286],[-36.1072161,-5.0813912],[-36.1080091,-5.0817404],[-36.1084945,-5.0819302],[-36.1088115,-5.0820865],[-36.1092222,-5.0822916],[-36.1095082,-5.0824553],[-36.1096895,-5.0825328],[-36.1097508,-5.0826084],[-36.109769,-5.0826661],[-36.1097467,-5.0827906],[-36.1097028,-5.082997],[-36.1096866,-5.0831774],[-36.109703,-5.0834141],[-36.1097427,-5.0836026],[-36.1098477,-5.0838691],[-36.1099876,-5.0840979],[-36.1101232,-5.0842884],[-36.110336,-5.0844768],[-36.110716,-5.0846959],[-36.1110232,-5.0848528],[-36.111486,-5.085078],[-36.1119964,-5.0853209],[-36.112264,-5.0854739],[-36.1125899,-5.0856793],[-36.1128429,-5.0858185],[-36.1133945,-5.0860473],[-36.1137465,-5.0861575],[-36.114065,-5.086271],[-36.1142898,-5.0863729],[-36.1146603,-5.0865414],[-36.1153178,-5.0868124],[-36.1160283,-5.0870506],[-36.1167548,-5.0872752],[-36.1177039,-5.0875296],[-36.1186477,-5.0878989],[-36.1191984,-5.0881714],[-36.1197872,-5.0884958],[-36.1202248,-5.0888092],[-36.1205686,-5.0889801],[-36.1209263,-5.0891582],[-36.1214207,-5.0894187],[-36.1217131,-5.0896196],[-36.1221144,-5.0898905],[-36.1223941,-5.0900446],[-36.123063,-5.0903888],[-36.123578,-5.0906439],[-36.1242268,-5.0909453],[-36.1249706,-5.0912642],[-36.1254898,-5.091471],[-36.1261409,-5.091684],[-36.1272495,-5.091986],[-36.128198,-5.092223],[-36.1289566,-5.0923879],[-36.1293497,-5.0924592],[-36.1298932,-5.0925476],[-36.1308337,-5.092717],[-36.1312543,-5.0927944],[-36.1319058,-5.0929122],[-36.1324524,-5.0929924],[-36.1328937,-5.0930602],[-36.1338503,-5.0931958],[-36.1344157,-5.0932889],[-36.1350104,-5.0933876],[-36.1355751,-5.093498],[-36.1362048,-5.0936258],[-36.1371124,-5.0938271],[-36.1375322,-5.0939132],[-36.1379268,-5.0939685],[-36.1382369,-5.0940047],[-36.1393083,-5.0941732],[-36.140056,-5.0942816],[-36.1405372,-5.0943372],[-36.1409697,-5.094416],[-36.1416463,-5.0945166],[-36.1423471,-5.0946419],[-36.1434413,-5.0948375],[-36.1441816,-5.0949678],[-36.1448734,-5.0950726],[-36.1453429,-5.0951346],[-36.1460738,-5.0952027],[-36.1472558,-5.0952997],[-36.1482725,-5.0954019],[-36.1491631,-5.0954872],[-36.1507378,-5.0956649],[-36.1518314,-5.0957881],[-36.1534051,-5.0959482],[-36.1547879,-5.0961024],[-36.1568842,-5.0962914],[-36.1588569,-5.0964326],[-36.1605417,-5.0965453],[-36.1617857,-5.0965705],[-36.1630378,-5.0965563],[-36.1644865,-5.0965406],[-36.1660753,-5.0965195],[-36.1673315,-5.0964749],[-36.1685453,-5.0964207],[-36.1695188,-5.096382],[-36.1701484,-5.0963679],[-36.1713233,-5.0962781],[-36.1721849,-5.0962157],[-36.1731987,-5.096126],[-36.1741219,-5.0960596],[-36.1749657,-5.0960145],[-36.1759972,-5.0959546],[-36.1767076,-5.0959291],[-36.1779112,-5.0958967],[-36.1791278,-5.0958271],[-36.1798082,-5.0957817],[-36.1806328,-5.0957321],[-36.1810289,-5.0957445],[-36.1816185,-5.09578],[-36.1821675,-5.0958032],[-36.183374,-5.0958565],[-36.1843146,-5.0958488],[-36.1850558,-5.0957974],[-36.1851429,-5.0957876],[-36.1860739,-5.0956823],[-36.1868585,-5.095566],[-36.1875933,-5.0954729],[-36.1879541,-5.0954272],[-36.1890414,-5.095347],[-36.1896686,-5.0953478],[-36.1903111,-5.0953761],[-36.1913227,-5.0954777],[-36.1919089,-5.095487],[-36.1924461,-5.0954977],[-36.1935958,-5.0954462],[-36.1941578,-5.0954525],[-36.1950398,-5.0953741],[-36.1959565,-5.0952741],[-36.1968718,-5.0951978],[-36.1975278,-5.0951529],[-36.1987612,-5.0950819],[-36.1995686,-5.0950558],[-36.2008951,-5.0950569],[-36.2014696,-5.0950592],[-36.2020133,-5.0950786],[-36.2026266,-5.0950976],[-36.2039889,-5.09521],[-36.2050417,-5.0952703],[-36.2059201,-5.0953595],[-36.2062045,-5.0953538],[-36.2065747,-5.0953441],[-36.2069736,-5.0953362],[-36.2074705,-5.0953626],[-36.208697,-5.0954582],[-36.209434,-5.0955138],[-36.210226,-5.095559],[-36.2109433,-5.095591],[-36.2126518,-5.0956666],[-36.2142686,-5.0957277],[-36.2148872,-5.0957221],[-36.215437,-5.0957133],[-36.2158921,-5.095718],[-36.2164582,-5.0957433],[-36.2169823,-5.0957663],[-36.2175909,-5.0958038],[-36.21823,-5.0958151],[-36.2186649,-5.0958192],[-36.2192077,-5.0957973],[-36.2195374,-5.095752],[-36.2205552,-5.0957479],[-36.2212456,-5.0957239],[-36.2220174,-5.0957249],[-36.2224654,-5.0957076],[-36.2230623,-5.0956725],[-36.2237741,-5.0956187],[-36.2245067,-5.0956029],[-36.2251538,-5.0955609],[-36.2260213,-5.0954882],[-36.2268877,-5.0954397],[-36.2274831,-5.0953889],[-36.228108,-5.0953698],[-36.2286135,-5.0953621],[-36.2292038,-5.0953329],[-36.2299804,-5.0952977],[-36.2307325,-5.0952429],[-36.2318333,-5.0951477],[-36.2326531,-5.0950727],[-36.2335235,-5.0949744],[-36.2346011,-5.0948331],[-36.2358614,-5.0946891],[-36.2368461,-5.0945863],[-36.2375054,-5.0945329],[-36.2381897,-5.0944539],[-36.2387874,-5.0944807],[-36.239197,-5.0944878],[-36.2393904,-5.0945184],[-36.2394971,-5.094559],[-36.2395834,-5.09461],[-36.2396427,-5.0947197],[-36.2396486,-5.0948899],[-36.2397394,-5.095141],[-36.2398973,-5.095397],[-36.2402072,-5.0955477],[-36.2408294,-5.0957428],[-36.2416245,-5.0959275],[-36.2425393,-5.0960414],[-36.243714,-5.0960998],[-36.2446897,-5.096101],[-36.2457339,-5.0960305],[-36.2467366,-5.0959466],[-36.2476323,-5.0957958],[-36.2489975,-5.0956271],[-36.2502046,-5.0954206],[-36.2518796,-5.0951705],[-36.2531932,-5.0949923],[-36.2566818,-5.0942877],[-36.2583025,-5.0939161],[-36.2584958,-5.093867],[-36.2613863,-5.0931323],[-36.2626286,-5.0927505],[-36.2632837,-5.0925492],[-36.2662306,-5.0915281],[-36.2687672,-5.090599],[-36.2704663,-5.0900657],[-36.2716088,-5.0897072],[-36.2717157,-5.0896744],[-36.2729406,-5.089299],[-36.2736268,-5.0890888],[-36.2745555,-5.0888468],[-36.2750483,-5.0887013],[-36.2757852,-5.0884837],[-36.2758988,-5.0885091],[-36.2758888,-5.0885798],[-36.2758138,-5.0887126],[-36.2757606,-5.0888711],[-36.2758374,-5.0893345],[-36.2759044,-5.089524],[-36.2760211,-5.0898544],[-36.2762417,-5.0901843],[-36.276447,-5.0904001],[-36.276814,-5.090542],[-36.2776473,-5.0906909],[-36.2786793,-5.0907888],[-36.2800974,-5.090744],[-36.2812754,-5.0905878],[-36.2829361,-5.0902789],[-36.2838782,-5.0899686],[-36.2860614,-5.08917],[-36.2877561,-5.0885691],[-36.2888,-5.0881662],[-36.2893972,-5.0879819],[-36.2898084,-5.0878258],[-36.289816,-5.0878229],[-36.2900859,-5.0877231],[-36.2902358,-5.0876877],[-36.2903605,-5.087698],[-36.2904361,-5.0877203],[-36.2904462,-5.0877584],[-36.2904246,-5.0877939],[-36.2903834,-5.0878383],[-36.2903644,-5.0879059],[-36.2903745,-5.0880078],[-36.2904388,-5.0881558],[-36.2904728,-5.0882339],[-36.2907669,-5.0886318],[-36.2911204,-5.088996],[-36.2916916,-5.089347],[-36.2923286,-5.0896879],[-36.2924598,-5.089757],[-36.2926049,-5.0898333],[-36.2929283,-5.0900864],[-36.2930707,-5.0902583],[-36.2931132,-5.0903095],[-36.2934213,-5.0906811],[-36.2938557,-5.0911203],[-36.2940639,-5.091441],[-36.2941719,-5.0917262],[-36.2942302,-5.0920572],[-36.2943228,-5.0924939],[-36.2942208,-5.0927858],[-36.3041649,-5.0993622],[-36.3083248,-5.1021133],[-36.308423,-5.1028565],[-36.3084825,-5.1033062],[-36.3088693,-5.1036972],[-36.3091582,-5.1043602],[-36.309487,-5.1061347],[-36.3095972,-5.1071186],[-36.3092007,-5.1096513],[-36.3083429,-5.1110794],[-36.3070183,-5.111978],[-36.3050236,-5.1121949],[-36.3003588,-5.1119822],[-36.2983781,-5.1123772],[-36.2954132,-5.1135917],[-36.2935743,-5.1146813],[-36.2921861,-5.1162913],[-36.2909801,-5.1194585],[-36.2900756,-5.1228763],[-36.2882151,-5.1244677],[-36.2879899,-5.1250239],[-36.2878355,-5.1267432],[-36.2880896,-5.128659],[-36.2884819,-5.1295207],[-36.289106,-5.1301951],[-36.2889894,-5.1556378],[-36.2872695,-5.1558338],[-36.2867307,-5.156246],[-36.2863863,-5.1569302],[-36.2857234,-5.1612712],[-36.2795961,-5.1910477],[-36.2782157,-5.1999591],[-36.2763069,-5.20722],[-36.2762376,-5.2194992],[-36.2764663,-5.220949],[-36.276794,-5.2217556],[-36.2781938,-5.223616],[-36.2783553,-5.2246141],[-36.2771526,-5.2312326],[-36.2772867,-5.2346631],[-36.2770643,-5.2463727],[-36.2766767,-5.2545341],[-36.2766753,-5.2545647],[-36.2765009,-5.2582377],[-36.2764999,-5.2582582],[-36.2763323,-5.2617873],[-36.2761379,-5.2718037],[-36.2755562,-5.2845724],[-36.27584,-5.2894775],[-36.1601185,-5.2596584],[-36.1601004,-5.2586817],[-36.1600976,-5.2585313],[-36.1598,-5.25614],[-36.1591,-5.2556],[-36.1568,-5.25553],[-36.1543652,-5.256207],[-36.1517303,-5.2571871],[-36.0994547,-5.0771743]]]},"properties":{"CD_MUN":"2404101","NM_MUN":"Galinhos","CD_RGI":"240005","NM_RGI":"João Câmara","CD_RGINT":"2401","NM_RGINT":"Natal","CD_UF":"24","NM_UF":"Rio Grande do Norte","SIGLA_UF":"RN","CD_REGIA":"2","NM_REGIA":"Nordeste","SIGLA_RG":"NE","CD_CONCU":"","NM_CONCU":"","AREA_KM2":340.769}},
{"type":"Feature","geometry":{"type":"Polygon","coordinates":[[[-36.4116998,-6.1042003],[-36.4117744,-6.1023325],[-36.4119697,-6.1015772],[-36.4139229,-6.0990783],[-36.4144616,-6.0970607],[-36.4147681,-6.0949875],[-36.4156879,-6.0936239],[-36.4181431,-6.0919745],[-36.4195342,-6.0907336],[-36.4199616,-6.0901454],[-36.4267485,-6.0925642],[-36.426756,-6.0925668],[-36.4282678,-6.0881291],[-36.4282686,-6.0881269],[-36.4282706,-6.0881211],[-36.4299506,-6.0831857],[-36.4439586,-6.0420336],[-36.4440348,-6.0418097],[-36.4440517,-6.0417603],[-36.4441675,-6.04142],[-36.4480073,-6.041975],[-36.4706628,-6.0452495],[-36.477069,-6.0454277],[-36.4934584,-6.0458837],[-36.4958207,-6.0459494],[-36.5217886,-6.0466706],[-36.5364736,-6.0521689],[-36.5474391,-6.0562746],[-36.5547392,-6.0588921],[-36.5738787,-6.0657552],[-36.5851333,-6.0697909],[-36.5875547,-6.0706592],[-36.6117727,-6.0793443],[-36.6120004,-6.0794266],[-36.6142267,-6.0802251],[-36.614245,-6.0802317],[-36.6387154,-6.0890082],[-36.6361715,-6.0991434],[-36.6344457,-6.1028035],[-36.6336402,-6.1033757],[-36.6286314,-6.1069335],[-36.6272808,-6.1085156],[-36.625923,-6.1120554],[-36.6238955,-6.1153477],[-36.6230368,-6.1192566],[-36.6221515,-6.1232849],[-36.6223072,-6.1317646],[-36.6103285,-6.1315971],[-36.6085094,-6.1278996],[-36.6059664,-6.124466],[-36.6048845,-6.1240034],[-36.6026483,-6.1256814],[-36.6014871,-6.1248833],[-36.5995699,-6.1251275],[-36.5977898,-6.1271414],[-36.594319,-6.127756],[-36.5925514,-6.1301491],[-36.5921991,-6.1339822],[-36.5926458,-6.1371118],[-36.5912003,-6.1395732],[-36.5910709,-6.1397937],[-36.5886575,-6.139575],[-36.5887108,-6.1367395],[-36.5865072,-6.133679],[-36.5835093,-6.1313161],[-36.5817422,-6.1307448],[-36.5800748,-6.131571],[-36.5798187,-6.1324461],[-36.5803651,-6.1361884],[-36.5815184,-6.138487],[-36.5813831,-6.1409878],[-36.5806344,-6.1413174],[-36.5783217,-6.1414123],[-36.577782,-6.1410348],[-36.5743858,-6.1370161],[-36.5756241,-6.1349148],[-36.5724729,-6.1320266],[-36.5714914,-6.1332917],[-36.570245,-6.1322868],[-36.5676216,-6.1324828],[-36.564107,-6.131487],[-36.5628937,-6.1328979],[-36.5604107,-6.1342425],[-36.5584612,-6.1326692],[-36.5569195,-6.1326843],[-36.5540764,-6.1313158],[-36.5531594,-6.1313539],[-36.5527344,-6.1330591],[-36.5527917,-6.135152],[-36.5521982,-6.1366228],[-36.5502831,-6.1366133],[-36.5498649,-6.1371961],[-36.5499872,-6.137782],[-36.5513548,-6.1389947],[-36.5512857,-6.1405172],[-36.5506989,-6.1412219],[-36.5482577,-6.1415047],[-36.5479811,-6.1437948],[-36.5472332,-6.1437498],[-36.5469327,-6.1430624],[-36.5471456,-6.1399782],[-36.5456977,-6.1378437],[-36.5451569,-6.1379315],[-36.5442901,-6.1410273],[-36.5422972,-6.1397259],[-36.5398854,-6.1389199],[-36.5388917,-6.1378771],[-36.5385851,-6.1365618],[-36.5398428,-6.1345316],[-36.5370791,-6.1335737],[-36.5357579,-6.1311908],[-36.5335672,-6.1305311],[-36.5302878,-6.1303952],[-36.5288213,-6.1269545],[-36.5274607,-6.1257733],[-36.5271324,-6.1237293],[-36.5227727,-6.1168523],[-36.5228583,-6.1162661],[-36.5236089,-6.116229],[-36.5264371,-6.117448],[-36.5274966,-6.1168514],[-36.5263051,-6.1138034],[-36.521042,-6.1131729],[-36.5205563,-6.1122083],[-36.5229276,-6.1103062],[-36.5221254,-6.1082389],[-36.5213368,-6.1079014],[-36.5185016,-6.1088898],[-36.516941,-6.1103104],[-36.5146949,-6.1083911],[-36.5158714,-6.1061034],[-36.5158386,-6.104354],[-36.5183617,-6.102262],[-36.5161604,-6.1020813],[-36.5157173,-6.101547],[-36.5162061,-6.1003352],[-36.5157118,-6.0998711],[-36.5128514,-6.1017546],[-36.5108026,-6.1037463],[-36.5099306,-6.1036587],[-36.5093065,-6.1032381],[-36.5103755,-6.1015965],[-36.5100625,-6.1009305],[-36.5063277,-6.0993067],[-36.5065731,-6.1007254],[-36.505778,-6.1010958],[-36.504988,-6.1007168],[-36.5039168,-6.098503],[-36.5026708,-6.0984089],[-36.5025294,-6.0985559],[-36.5023027,-6.0987935],[-36.5021019,-6.0994746],[-36.5035103,-6.1010643],[-36.5029239,-6.101896],[-36.5046085,-6.1021731],[-36.5053543,-6.1028456],[-36.5046856,-6.1036773],[-36.5055534,-6.1045127],[-36.5050358,-6.1048295],[-36.5050909,-6.1057218],[-36.503652,-6.1060688],[-36.5031035,-6.1079824],[-36.5022335,-6.1070224],[-36.5032841,-6.1047734],[-36.5034346,-6.1039212],[-36.5029379,-6.1030438],[-36.5019392,-6.1031217],[-36.4983169,-6.1048369],[-36.4949667,-6.1034445],[-36.4943787,-6.1041075],[-36.4955793,-6.1056138],[-36.4947163,-6.1075495],[-36.4941345,-6.1072971],[-36.4935205,-6.1054166],[-36.4930205,-6.1051227],[-36.4925615,-6.1055787],[-36.4925236,-6.1093531],[-36.491769,-6.1102659],[-36.4904424,-6.109718],[-36.4900282,-6.1085907],[-36.4892835,-6.1081275],[-36.4871778,-6.111866],[-36.4886993,-6.111941],[-36.489283,-6.1124848],[-36.4904736,-6.1115104],[-36.4918478,-6.1114753],[-36.492132,-6.1128943],[-36.4917896,-6.114937],[-36.4957957,-6.1159332],[-36.4943208,-6.1122578],[-36.4944698,-6.111697],[-36.4950529,-6.1114506],[-36.4957169,-6.1117851],[-36.4968764,-6.1137068],[-36.4979172,-6.1130467],[-36.4981657,-6.1135905],[-36.4974257,-6.1159001],[-36.5002511,-6.1169564],[-36.5030836,-6.1168855],[-36.5036739,-6.1196612],[-36.505087,-6.1200848],[-36.5063386,-6.1197978],[-36.5090465,-6.121959],[-36.5091735,-6.1229175],[-36.5072591,-6.1267383],[-36.5032987,-6.137426],[-36.501848,-6.1375018],[-36.4988294,-6.1351742],[-36.4945534,-6.1350752],[-36.4920433,-6.1366023],[-36.4839769,-6.1307912],[-36.4820815,-6.1307605],[-36.4785141,-6.128327],[-36.4779438,-6.1255307],[-36.4734835,-6.1234169],[-36.4704529,-6.121098],[-36.4687262,-6.1209438],[-36.4674735,-6.1217718],[-36.4599029,-6.1153012],[-36.4579067,-6.1161206],[-36.4571586,-6.1159494],[-36.4559554,-6.1149014],[-36.455607,-6.1139207],[-36.4550243,-6.1141255],[-36.4488521,-6.1121998],[-36.446641,-6.1134404],[-36.4477963,-6.1153193],[-36.447628,-6.1157799],[-36.4446253,-6.1170155],[-36.4365392,-6.1152063],[-36.4363354,-6.1144143],[-36.4359378,-6.1150544],[-36.4359411,-6.1142853],[-36.4353514,-6.1148313],[-36.4351509,-6.1139667],[-36.4343159,-6.1147142],[-36.4338205,-6.1135872],[-36.4319662,-6.1141084],[-36.4289773,-6.1126771],[-36.4284848,-6.1198388],[-36.4291178,-6.1223253],[-36.4288217,-6.1232814],[-36.4270269,-6.1246894],[-36.4293459,-6.1258302],[-36.431358,-6.129608],[-36.4272031,-6.1313637],[-36.4270332,-6.1320308],[-36.4275695,-6.1329076],[-36.4332082,-6.1366842],[-36.4340308,-6.1387705],[-36.4332583,-6.1409537],[-36.4321434,-6.1421374],[-36.4290673,-6.1417894],[-36.4276226,-6.1407787],[-36.4258879,-6.1362334],[-36.4238252,-6.1328058],[-36.4242084,-6.130932],[-36.413414,-6.1295557],[-36.4127914,-6.1293357],[-36.4111418,-6.1283679],[-36.4087716,-6.1255895],[-36.4071359,-6.1231384],[-36.4057143,-6.1225166],[-36.404768,-6.1203697],[-36.4019772,-6.118802],[-36.399421,-6.1186641],[-36.398882,-6.1182436],[-36.3985738,-6.1174942],[-36.3987483,-6.1155087],[-36.3992632,-6.1147151],[-36.4021598,-6.1132813],[-36.4047518,-6.1131048],[-36.4054829,-6.1123594],[-36.4056606,-6.1108388],[-36.4075541,-6.1099336],[-36.4079647,-6.1087184],[-36.4108601,-6.1074771],[-36.4116998,-6.1042003]]]},"properties":{"CD_MUN":"2406502","NM_MUN":"Lagoa Nova","CD_RGI":"240008","NM_RGI":"Currais Novos","CD_RGINT":"2402","NM_RGINT":"Caicó","CD_UF":"24","NM_UF":"Rio Grande do Norte","SIGLA_UF":"RN","CD_REGIA":"2","NM_REGIA":"Nordeste","SIGLA_RG":"NE","CD_CONCU":"","NM_CONCU":"","AREA_KM2":176.302}},
{"type":"Feature","geometry":{"type":"Polygon","coordinates":[[[-35.6646572,-6.4499609],[-35.6653275,-6.4499606],[-35.6657178,-6.4462194],[-35.6659101,-6.4453842],[-35.6660174,-6.4452055],[-35.6660754,-6.4449419],[-35.6661434,-6.4445578],[-35.6661842,-6.4442969],[-35.6661885,-6.4442691],[-35.6662603,-6.4440665],[-35.666435,-6.4437512],[-35.6665729,-6.44357],[-35.6669683,-6.4428303],[-35.6670541,-6.4425779],[-35.6673869,-6.4416983],[-35.6675011,-6.4412535],[-35.6675233,-6.441082],[-35.6674684,-6.4408047],[-35.6674355,-6.4405486],[-35.6675131,-6.4403156],[-35.6676404,-6.4401523],[-35.6678747,-6.4398065],[-35.6680197,-6.439694],[-35.6680852,-6.4395917],[-35.6681391,-6.4394311],[-35.6682165,-6.4391576],[-35.6682708,-6.4390003],[-35.6685889,-6.4380996],[-35.6685763,-6.4379439],[-35.6686357,-6.4376444],[-35.6686986,-6.4374896],[-35.6686983,-6.4374867],[-35.6686864,-6.4374787],[-35.668736,-6.4372991],[-35.6687133,-6.4371425],[-35.6687528,-6.4369161],[-35.6688995,-6.436637],[-35.6689915,-6.4364103],[-35.6690266,-6.4362419],[-35.6690466,-6.4359031],[-35.6691453,-6.4356718],[-35.6693403,-6.435269],[-35.6696953,-6.4343069],[-35.6697447,-6.434173],[-35.6698527,-6.4338413],[-35.6699319,-6.4333523],[-35.6701211,-6.4329305],[-35.6703361,-6.4327502],[-35.6703733,-6.4326411],[-35.6704731,-6.4320111],[-35.670578,-6.4318031],[-35.6704593,-6.4313809],[-35.6702615,-6.4308041],[-35.6702612,-6.4307969],[-35.6700946,-6.4303188],[-35.6699502,-6.4299123],[-35.6698079,-6.4295049],[-35.6692377,-6.4275823],[-35.6692203,-6.4275526],[-35.6685461,-6.4263929],[-35.6677856,-6.4256445],[-35.6670809,-6.4250912],[-35.6667842,-6.4248255],[-35.6663404,-6.4245945],[-35.6661878,-6.4245334],[-35.6659313,-6.4244308],[-35.6654269,-6.4243232],[-35.6649431,-6.4243192],[-35.6645916,-6.4243407],[-35.6648787,-6.424006],[-35.6659495,-6.4234893],[-35.6668682,-6.4230174],[-35.6671035,-6.4228953],[-35.6675114,-6.4226239],[-35.6675541,-6.4225146],[-35.6675747,-6.422367],[-35.6676102,-6.4221126],[-35.6677618,-6.4215487],[-35.667775,-6.4210727],[-35.6679027,-6.4207882],[-35.6682039,-6.4205086],[-35.6685981,-6.4198794],[-35.66886,-6.419428],[-35.6689987,-6.419255],[-35.6690383,-6.4192045],[-35.6690395,-6.4192043],[-35.6690471,-6.4191944],[-35.6690794,-6.4191546],[-35.6690975,-6.4191323],[-35.6691206,-6.4191033],[-35.669143,-6.4190754],[-35.6691565,-6.4190431],[-35.6691853,-6.4189732],[-35.6692064,-6.4189222],[-35.6692079,-6.4189186],[-35.6692139,-6.4189041],[-35.669287,-6.4186635],[-35.6693121,-6.4183777],[-35.6692314,-6.4180049],[-35.6691103,-6.4174753],[-35.669109,-6.4172344],[-35.6689843,-6.4166592],[-35.6688991,-6.4164849],[-35.66892,-6.41632],[-35.6690866,-6.4161332],[-35.6695184,-6.415897],[-35.6696539,-6.4158015],[-35.6697548,-6.4156279],[-35.6697641,-6.4156199],[-35.671556,-6.4152326],[-35.6719365,-6.4101715],[-35.672534,-6.4082726],[-35.6781191,-6.4002333],[-35.6785817,-6.3975961],[-35.6811096,-6.3910629],[-35.6805012,-6.3877117],[-35.6771764,-6.3814133],[-35.6768095,-6.3797313],[-35.6787451,-6.3703416],[-35.6792006,-6.3691653],[-35.6829408,-6.3638997],[-35.6830217,-6.3581066],[-35.7235352,-6.3880425],[-35.7321103,-6.3940281],[-35.7465091,-6.4040786],[-35.7646792,-6.4186136],[-35.7648566,-6.4204072],[-35.7649707,-6.4215601],[-35.7663241,-6.4352411],[-35.7664399,-6.4364115],[-35.7664764,-6.4430574],[-35.76648,-6.4437095],[-35.772985,-6.4508313],[-35.7762276,-6.4509874],[-35.7757372,-6.452412],[-35.7762153,-6.455752],[-35.7746917,-6.4581812],[-35.7743651,-6.461411],[-35.7746314,-6.4679486],[-35.7758012,-6.4714371],[-35.7758081,-6.4726667],[-35.7747857,-6.4751379],[-35.7733237,-6.4828441],[-35.7633561,-6.482192],[-35.7577579,-6.4790335],[-35.7525205,-6.4782668],[-35.750227,-6.4784915],[-35.7482431,-6.4773968],[-35.7447557,-6.4742557],[-35.7435609,-6.4738849],[-35.7429724,-6.474336],[-35.7423481,-6.4759236],[-35.7411552,-6.476304],[-35.7352205,-6.473074],[-35.7303099,-6.4728611],[-35.7275123,-6.4713167],[-35.7261916,-6.4696117],[-35.7243744,-6.4709948],[-35.7225964,-6.4714688],[-35.7218554,-6.4716664],[-35.7215498,-6.4717478],[-35.7186027,-6.4725326],[-35.716922,-6.4725051],[-35.7150286,-6.4713146],[-35.7112563,-6.4710941],[-35.7071666,-6.4695364],[-35.7023723,-6.4644471],[-35.6981811,-6.4628913],[-35.6977412,-6.462728],[-35.6970557,-6.4621629],[-35.6958476,-6.4597181],[-35.6927501,-6.4576271],[-35.689942,-6.4550286],[-35.6864218,-6.4529698],[-35.6845191,-6.4510301],[-35.6830392,-6.4486683],[-35.681973,-6.4479283],[-35.6790706,-6.4491603],[-35.6763395,-6.449723],[-35.6737211,-6.451588],[-35.6723296,-6.4512546],[-35.6713479,-6.4517238],[-35.6690439,-6.4502621],[-35.6651575,-6.4505148],[-35.6651513,-6.4505081],[-35.6646572,-6.4499609]]]},"properties":{"CD_MUN":"2413300","NM_MUN":"Serra de São Bento","CD_RGI":"240002","NM_RGI":"Santo Antônio - Passa e Fica - Nova Cruz","CD_RGINT":"2401","NM_RGINT":"Natal","CD_UF":"24","NM_UF":"Rio Grande do Norte","SIGLA_UF":"RN","CD_REGIA":"2","NM_REGIA":"Nordeste","SIGLA_RG":"NE","CD_CONCU":"","NM_CONCU":"","AREA_KM2":96.585}},
{"type":"Feature","geometry":{"type":"Polygon","coordinates":[[[-37.359054,-6.0060994],[-37.3759166,-5.9881602],[-37.3752053,-5.9605832],[-37.4007938,-5.9625404],[-37.4064967,-5.9670013],[-37.4159325,-5.9763349],[-37.4203799,-5.9777135],[-37.4273833,-5.9828668],[-37.4281374,-5.9831735],[-37.4315007,-5.9829088],[-37.4347624,-5.9842635],[-37.4365505,-5.9853802],[-37.4473114,-5.9042396],[-37.4474698,-5.9030455],[-37.4475132,-5.9027185],[-37.4488249,-5.9025136],[-37.4495818,-5.9015433],[-37.4492617,-5.9001896],[-37.4498567,-5.8994918],[-37.4512588,-5.8998193],[-37.4523898,-5.8998229],[-37.4537933,-5.8993948],[-37.4558935,-5.9002096],[-37.4571332,-5.9003214],[-37.4580504,-5.9001078],[-37.460314,-5.9006007],[-37.4623349,-5.9006062],[-37.4638472,-5.9000161],[-37.4653308,-5.9001288],[-37.4666797,-5.8992083],[-37.4675183,-5.8989664],[-37.4689176,-5.8995657],[-37.4694314,-5.8994848],[-37.4698634,-5.8992435],[-37.4704593,-5.8982181],[-37.4709445,-5.8982745],[-37.4717513,-5.89887],[-37.4732858,-5.8993889],[-37.4766317,-5.8995868],[-37.4776839,-5.8989131],[-37.4792292,-5.8966742],[-37.4799027,-5.8962452],[-37.480711,-5.8961657],[-37.4821654,-5.8970611],[-37.4846231,-5.8956847],[-37.4865128,-5.8953102],[-37.4876752,-5.8940715],[-37.4885124,-5.8939936],[-37.4895086,-5.8942114],[-37.4909668,-5.8939723],[-37.4930988,-5.8939495],[-37.4941238,-5.894169],[-37.4945786,-5.8945763],[-37.4951428,-5.8956601],[-37.495357,-5.8965228],[-37.4967563,-5.8977181],[-37.4988257,-5.9006448],[-37.4989307,-5.9012916],[-37.4988221,-5.9023397],[-37.4991167,-5.9029623],[-37.4998694,-5.9033443],[-37.5009506,-5.9035897],[-37.5014314,-5.9048345],[-37.5021311,-5.9056224],[-37.5028917,-5.9061323],[-37.5046683,-5.9066834],[-37.5089094,-5.9075705],[-37.5095774,-5.9101743],[-37.5088504,-5.9106984],[-37.5086748,-5.9111234],[-37.5089719,-5.9113361],[-37.5098954,-5.9108263],[-37.510842,-5.9106561],[-37.5110446,-5.9117792],[-37.5105929,-5.9129045],[-37.5106915,-5.9135537],[-37.5108926,-5.9136567],[-37.5113764,-5.9132266],[-37.5125141,-5.9114084],[-37.5128134,-5.9105985],[-37.5131928,-5.9106597],[-37.5134431,-5.9109848],[-37.5135651,-5.9121117],[-37.5133856,-5.9137374],[-37.5154119,-5.911842],[-37.5155156,-5.91099],[-37.5157408,-5.9105663],[-37.5162149,-5.9102167],[-37.5172901,-5.9102447],[-37.5176887,-5.9099711],[-37.5183883,-5.9098728],[-37.518661,-5.9101751],[-37.5186101,-5.9107489],[-37.5178564,-5.9130733],[-37.518031,-5.9131252],[-37.5186821,-5.9126007],[-37.5193344,-5.9118287],[-37.520603,-5.9126572],[-37.5206241,-5.9130314],[-37.5195769,-5.9137775],[-37.5208717,-5.9146346],[-37.5208212,-5.9149581],[-37.5203705,-5.9154588],[-37.5203204,-5.9158588],[-37.5208647,-5.9173601],[-37.5210905,-5.9175116],[-37.522247,-5.9159667],[-37.5232581,-5.9164065],[-37.5240132,-5.9172179],[-37.5257568,-5.91755],[-37.5273918,-5.9192519],[-37.5273992,-5.9197804],[-37.5269483,-5.9204053],[-37.5269974,-5.9207803],[-37.5279466,-5.9204068],[-37.5285198,-5.9206343],[-37.5288673,-5.9215357],[-37.5286404,-5.9223113],[-37.5288896,-5.9224365],[-37.5297131,-5.9223905],[-37.5307066,-5.9242436],[-37.5317568,-5.9243205],[-37.5321299,-5.9241452],[-37.5321565,-5.9237462],[-37.5316332,-5.9230709],[-37.5322085,-5.9227206],[-37.532135,-5.9223458],[-37.5310185,-5.9214468],[-37.5302668,-5.9206146],[-37.5296188,-5.9203859],[-37.5293201,-5.9199855],[-37.5290474,-5.9187334],[-37.5282279,-5.9176057],[-37.5279543,-5.9166812],[-37.5281056,-5.9165769],[-37.5296984,-5.9188085],[-37.5302192,-5.9198347],[-37.5340566,-5.923094],[-37.5349515,-5.9244733],[-37.537041,-5.928431],[-37.549778,-5.949673],[-37.5546052,-5.9589446],[-37.5578478,-5.9618506],[-37.5601455,-5.96336],[-37.565393,-5.9656188],[-37.5688447,-5.9651763],[-37.5707957,-5.9655825],[-37.5727423,-5.9664909],[-37.5747922,-5.9684513],[-37.583168,-5.9793002],[-37.5860264,-5.9808529],[-37.593097,-5.9819198],[-37.5929388,-5.9820708],[-37.5574885,-6.0158887],[-37.5573906,-6.0159821],[-37.5148102,-6.0645206],[-37.5031529,-6.0708732],[-37.4884618,-6.0788787],[-37.4741994,-6.0873653],[-37.4564953,-6.0966549],[-37.441667,-6.0828848],[-37.4375985,-6.0818644],[-37.431486,-6.077531],[-37.4255786,-6.0744928],[-37.3768439,-6.0243891],[-37.359054,-6.0060994]]]},"properties":{"CD_MUN":"2405207","NM_MUN":"Janduís","CD_RGI":"240009","NM_RGI":"Mossoró","CD_RGINT":"2403","NM_RGINT":"Mossoró","CD_UF":"24","NM_UF":"Rio Grande do Norte","SIGLA_UF":"RN","CD_REGIA":"2","NM_REGIA":"Nordeste","SIGLA_RG":"NE","CD_CONCU":"","NM_CONCU":"","AREA_KM2":303.448}},
{"type":"Feature","geometry":{"type":"Polygon","coordinates":[[[-37.8009533,-6.153688],[-37.8000518,-6.1548606],[-37.8004169,-6.1552098],[-37.8008463,-6.1556179],[-37.8011535,-6.1559099],[-37.8014832,-6.1565582],[-37.8013149,-6.1568476],[-37.8012095,-6.1570288],[-37.8008986,-6.1575635],[-37.7999609,-6.1591761],[-37.800464,-6.1602053],[-37.8027161,-6.1618172],[-37.8021353,-6.1631985],[-37.8034027,-6.1641517],[-37.8064562,-6.1636284],[-37.8088227,-6.1640621],[-37.8091923,-6.1643261],[-37.8107019,-6.16813],[-37.8100101,-6.1686605],[-37.809703,-6.1686533],[-37.8083164,-6.1686223],[-37.8062252,-6.169447],[-37.8060832,-6.1704069],[-37.8061999,-6.1706102],[-37.8064793,-6.1710971],[-37.8083982,-6.1720904],[-37.8085834,-6.173079],[-37.8068281,-6.1766986],[-37.8049358,-6.1775777],[-37.804278,-6.1785242],[-37.8031988,-6.1833851],[-37.7999632,-6.1882244],[-37.7987357,-6.1893778],[-37.7972649,-6.1927026],[-37.7976212,-6.1959019],[-37.7964881,-6.1985701],[-37.7960075,-6.2018205],[-37.7986188,-6.2045997],[-37.7993061,-6.2062618],[-37.7981272,-6.2115102],[-37.7956538,-6.2143607],[-37.7979555,-6.2160826],[-37.7980834,-6.2165579],[-37.797791,-6.2172636],[-37.796552,-6.2187445],[-37.7978193,-6.2205055],[-37.7981756,-6.2233168],[-37.7982842,-6.2241753],[-37.7975951,-6.2257063],[-37.7958725,-6.2272702],[-37.7936853,-6.2276268],[-37.7930334,-6.2282026],[-37.7933109,-6.2303564],[-37.7917031,-6.2312581],[-37.7916863,-6.2340304],[-37.7903801,-6.2346574],[-37.7826254,-6.235994],[-37.7806063,-6.2366912],[-37.780415,-6.2396888],[-37.7766132,-6.2458749],[-37.7701542,-6.2430835],[-37.7658226,-6.2422604],[-37.7630663,-6.2411356],[-37.7614217,-6.239555],[-37.7611953,-6.2385199],[-37.7616446,-6.2362888],[-37.7627722,-6.2353374],[-37.7652339,-6.2341368],[-37.7749677,-6.2326824],[-37.7754155,-6.2324129],[-37.7756165,-6.2313435],[-37.7638458,-6.2188996],[-37.7620656,-6.2178718],[-37.7575926,-6.2177257],[-37.7560682,-6.217157],[-37.7530794,-6.2144297],[-37.7518679,-6.2115674],[-37.7521248,-6.2091497],[-37.7548646,-6.2020551],[-37.7545716,-6.2001933],[-37.7535346,-6.1984687],[-37.749202,-6.1938294],[-37.7457896,-6.1910314],[-37.7423739,-6.1889754],[-37.7321225,-6.1848099],[-37.7164086,-6.1792365],[-37.7162857,-6.1791996],[-37.7162733,-6.1791954],[-37.7089966,-6.177004],[-37.6876376,-6.1093116],[-37.6942823,-6.1183294],[-37.7037174,-6.1278572],[-37.7038346,-6.1280684],[-37.7049067,-6.1284415],[-37.7080439,-6.1280392],[-37.7110631,-6.1308165],[-37.7421951,-6.1217356],[-37.7442902,-6.1165245],[-37.7459524,-6.1149185],[-37.747955,-6.1113129],[-37.7479648,-6.1082522],[-37.7500281,-6.104871],[-37.7507534,-6.1017319],[-37.7509812,-6.1012528],[-37.7528558,-6.0973105],[-37.7550446,-6.0949487],[-37.7570224,-6.094472],[-37.7592639,-6.0931512],[-37.7623208,-6.0927917],[-37.7612759,-6.0901605],[-37.7595022,-6.0887964],[-37.7571879,-6.0879066],[-37.7586061,-6.0859669],[-37.7619413,-6.0843192],[-37.765112,-6.077295],[-37.7721799,-6.0706962],[-37.773256,-6.067853],[-37.7773568,-6.0677772],[-37.7766244,-6.069054],[-37.7796613,-6.0725483],[-37.7799266,-6.0745604],[-37.7811572,-6.0766882],[-37.7803019,-6.0794048],[-37.781266,-6.0799102],[-37.7835831,-6.0797988],[-37.7840069,-6.0805357],[-37.7829557,-6.0839757],[-37.7853189,-6.087918],[-37.7866121,-6.0891839],[-37.7888526,-6.0895957],[-37.7890412,-6.090894],[-37.789102,-6.0921799],[-37.7917668,-6.0933976],[-37.7924186,-6.0941559],[-37.7934732,-6.0965938],[-37.7935881,-6.0995804],[-37.7961552,-6.1011251],[-37.7981962,-6.1013555],[-37.8008093,-6.1007316],[-37.8044911,-6.0983384],[-37.805921,-6.0985686],[-37.8065487,-6.0996395],[-37.8069555,-6.1017786],[-37.8044371,-6.1039036],[-37.8040065,-6.1060837],[-37.8046273,-6.1078149],[-37.8101501,-6.1139828],[-37.8103552,-6.1146578],[-37.81025,-6.1147073],[-37.8101509,-6.1147568],[-37.8100519,-6.1148373],[-37.8099838,-6.114924],[-37.8099342,-6.1150045],[-37.8098723,-6.1151036],[-37.8098723,-6.1152026],[-37.8098228,-6.1152769],[-37.809798,-6.1153698],[-37.809798,-6.1154255],[-37.8097795,-6.1155493],[-37.8098599,-6.1156608],[-37.8099157,-6.1157908],[-37.8099466,-6.1159022],[-37.8100023,-6.1160632],[-37.8100209,-6.1162551],[-37.8100828,-6.1164099],[-37.8101076,-6.1165028],[-37.8101522,-6.1165697],[-37.8101819,-6.1166142],[-37.810219,-6.1167071],[-37.8102933,-6.1168309],[-37.81038,-6.1169052],[-37.8104605,-6.1169857],[-37.8105348,-6.1170662],[-37.8105905,-6.1171591],[-37.8106338,-6.1172767],[-37.8106462,-6.1173634],[-37.8106586,-6.1174315],[-37.8106786,-6.1175554],[-37.8107098,-6.1175866],[-37.8107696,-6.1176206],[-37.811249,-6.1199434],[-37.8102232,-6.1231723],[-37.811129,-6.1244838],[-37.8112347,-6.1255379],[-37.8098958,-6.1266267],[-37.8093554,-6.127676],[-37.8088164,-6.1305195],[-37.8067821,-6.1317638],[-37.8067813,-6.1324015],[-37.8083203,-6.1338115],[-37.808432,-6.1347013],[-37.8078962,-6.1356864],[-37.8018465,-6.1397102],[-37.8002772,-6.1456854],[-37.7981307,-6.1473377],[-37.797217,-6.1494575],[-37.79736,-6.1505867],[-37.7979773,-6.1510832],[-37.8000117,-6.1515837],[-37.8006664,-6.1521857],[-37.8009533,-6.153688]]]},"properties":{"CD_MUN":"2400604","NM_MUN":"Almino Afonso","CD_RGI":"240010","NM_RGI":"Pau dos Ferros","CD_RGINT":"2403","NM_RGINT":"Mossoró","CD_UF":"24","NM_UF":"Rio Grande do Norte","SIGLA_UF":"RN","CD_REGIA":"2","NM_REGIA":"Nordeste","SIGLA_RG":"NE","CD_CONCU":"","NM_CONCU":"","AREA_KM2":128.038}},
{"type":"Feature","geometry":{"type":"Polygon","coordinates":[[[-36.9300975,-5.1310122],[-36.9293745,-5.1315054],[-36.9026519,-5.1497353],[-36.8918508,-5.1525555],[-36.8894289,-5.1532129],[-36.8273673,-5.170059],[-36.827047,-5.170146],[-36.8258355,-5.1703268],[-36.7970366,-5.1746244],[-36.7844362,-5.1687437],[-36.7671512,-5.1606766],[-36.7634846,-5.1589654],[-36.7487046,-5.1520673],[-36.7485743,-5.1520032],[-36.7400844,-5.1602232],[-36.738845,-5.1614232],[-36.7388293,-5.1614255],[-36.7387974,-5.1614269],[-36.7387656,-5.1614252],[-36.7374818,-5.163264],[-36.7366987,-5.1643856],[-36.7346318,-5.167346],[-36.7346371,-5.167361],[-36.7346439,-5.1673755],[-36.7346506,-5.1673899],[-36.7346669,-5.1674174],[-36.7346858,-5.1674431],[-36.7347071,-5.1674668],[-36.7291158,-5.1750295],[-36.7276363,-5.1538826],[-36.7262467,-5.1525561],[-36.7261129,-5.1521507],[-36.7235991,-5.144532],[-36.721578,-5.1385261],[-36.7214449,-5.1353875],[-36.7228483,-5.1336499],[-36.7255015,-5.1336589],[-36.7280076,-5.1342248],[-36.7291547,-5.1339499],[-36.7305574,-5.1330507],[-36.7314317,-5.129077],[-36.7310222,-5.1234961],[-36.7304294,-5.1184729],[-36.7295735,-5.1167954],[-36.7281466,-5.1156051],[-36.7265325,-5.1157383],[-36.7240155,-5.11831],[-36.7220734,-5.1197673],[-36.7194948,-5.1194083],[-36.7169553,-5.1178656],[-36.7164654,-5.114866],[-36.7173364,-5.1115215],[-36.7186708,-5.1093632],[-36.7206096,-5.1082536],[-36.7245557,-5.1070131],[-36.7288564,-5.1068876],[-36.7357738,-5.1074014],[-36.7399681,-5.1066491],[-36.7443532,-5.1028987],[-36.7479789,-5.1012376],[-36.7504194,-5.1004799],[-36.751502,-5.0981813],[-36.7514743,-5.0958093],[-36.7491207,-5.0930107],[-36.7442559,-5.0895064],[-36.7386379,-5.0876048],[-36.7221531,-5.0851893],[-36.7169655,-5.0827303],[-36.7155904,-5.0808986],[-36.7291026,-5.0771843],[-36.7291509,-5.0768919],[-36.729201,-5.0765608],[-36.7292242,-5.076157],[-36.7292426,-5.0758304],[-36.7294607,-5.0750839],[-36.7296863,-5.0746131],[-36.7300516,-5.0737891],[-36.730418,-5.073082],[-36.7308383,-5.0723801],[-36.7311218,-5.0719056],[-36.7314755,-5.0714187],[-36.7316873,-5.0712009],[-36.7318986,-5.0710724],[-36.7322506,-5.0709666],[-36.7326143,-5.070845],[-36.733041,-5.0706606],[-36.7333697,-5.0703895],[-36.7336389,-5.0700945],[-36.7337655,-5.0698848],[-36.7339009,-5.0696101],[-36.7341445,-5.0693463],[-36.7343961,-5.0691776],[-36.7345563,-5.0690116],[-36.7346158,-5.0687541],[-36.7346021,-5.0685443],[-36.7344856,-5.0683022],[-36.7343057,-5.0681001],[-36.7341606,-5.0677694],[-36.7340659,-5.067378],[-36.7341665,-5.0671055],[-36.7344076,-5.066823],[-36.7348778,-5.0664524],[-36.7357551,-5.0658297],[-36.7365989,-5.0652961],[-36.7370527,-5.065011],[-36.737805,-5.0646017],[-36.7386162,-5.0641664],[-36.7395292,-5.0636945],[-36.7403039,-5.0633708],[-36.7414419,-5.0630308],[-36.7424874,-5.0626864],[-36.7446227,-5.0619776],[-36.7464982,-5.0613326],[-36.7471189,-5.0611756],[-36.7478564,-5.060916],[-36.7492483,-5.0603314],[-36.7503799,-5.0598159],[-36.7520529,-5.0590563],[-36.7531713,-5.0583574],[-36.7548007,-5.0574949],[-36.755718,-5.0569284],[-36.7562361,-5.0566084],[-36.7572182,-5.0559378],[-36.7583624,-5.0552162],[-36.7592687,-5.0547844],[-36.7601611,-5.0543091],[-36.76091,-5.0538558],[-36.7614208,-5.0534972],[-36.7620592,-5.0529847],[-36.7631238,-5.0519661],[-36.7640207,-5.0512903],[-36.7651062,-5.0505286],[-36.7659706,-5.0499847],[-36.7670511,-5.0495027],[-36.7680718,-5.0491996],[-36.768812,-5.0490864],[-36.769468,-5.0491506],[-36.7698982,-5.0493107],[-36.7705865,-5.0496447],[-36.7710114,-5.0498897],[-36.7711326,-5.0502176],[-36.7711488,-5.0503525],[-36.7709597,-5.0506453],[-36.7707846,-5.0508581],[-36.7716313,-5.0514236],[-36.773739,-5.0528311],[-36.7744141,-5.0522178],[-36.7751834,-5.0512935],[-36.7756176,-5.0503302],[-36.7756707,-5.0500948],[-36.7758752,-5.0491878],[-36.7764256,-5.0478576],[-36.776865,-5.0465021],[-36.7775265,-5.0455726],[-36.7781008,-5.0452618],[-36.7789595,-5.045065],[-36.7802189,-5.0451276],[-36.7813063,-5.0452766],[-36.7823446,-5.045463],[-36.7828602,-5.045546],[-36.7829382,-5.0455586],[-36.7839119,-5.0454691],[-36.7850841,-5.0452035],[-36.7866242,-5.0447719],[-36.7882035,-5.0441922],[-36.789383,-5.0436921],[-36.7907642,-5.0428683],[-36.7922629,-5.0419817],[-36.794072,-5.0408605],[-36.7947064,-5.0404045],[-36.7952723,-5.0399977],[-36.7960883,-5.0393799],[-36.797046,-5.0387706],[-36.7979581,-5.0380954],[-36.7987935,-5.0374991],[-36.7991668,-5.0372078],[-36.7995412,-5.0368395],[-36.7998374,-5.0365339],[-36.8001037,-5.0363881],[-36.800313,-5.0361915],[-36.8005002,-5.0359876],[-36.800697,-5.0357568],[-36.8010287,-5.0355342],[-36.801562,-5.0350979],[-36.8019025,-5.0347474],[-36.8025002,-5.0343529],[-36.8028311,-5.0341438],[-36.8031779,-5.0339216],[-36.8035051,-5.0335904],[-36.8039104,-5.0332248],[-36.8045765,-5.0326057],[-36.804827,-5.0322769],[-36.8052429,-5.0318781],[-36.8060514,-5.0311785],[-36.8067268,-5.0306267],[-36.807527,-5.0300467],[-36.808085,-5.0295547],[-36.8087794,-5.0290441],[-36.8094328,-5.0284298],[-36.8099096,-5.0280474],[-36.8104497,-5.027505],[-36.8109657,-5.02705],[-36.8114776,-5.0266615],[-36.8121656,-5.0260548],[-36.8128594,-5.0251911],[-36.814107,-5.0238932],[-36.8151057,-5.0229545],[-36.8157408,-5.0223135],[-36.8165042,-5.0214165],[-36.8172142,-5.020635],[-36.8176362,-5.0201857],[-36.818027,-5.0197697],[-36.8186808,-5.0189515],[-36.8192068,-5.0182384],[-36.8201508,-5.0169985],[-36.8207036,-5.0161877],[-36.8217984,-5.0147608],[-36.8226556,-5.0137376],[-36.823798,-5.0123985],[-36.824538,-5.0113417],[-36.8254735,-5.0103364],[-36.8259749,-5.0098511],[-36.8275879,-5.0084552],[-36.828531,-5.00765],[-36.829487,-5.0067913],[-36.8297807,-5.0062855],[-36.8301617,-5.0056598],[-36.8310655,-5.004541],[-36.8324196,-5.0025743],[-36.834321,-5.0001534],[-36.8348835,-4.9994614],[-36.8368389,-4.997056],[-36.8378313,-4.995773],[-36.838742,-4.9945192],[-36.8392765,-4.9938118],[-36.8396438,-4.9933372],[-36.8398678,-4.99285],[-36.8400424,-4.9926101],[-36.8402809,-4.9922603],[-36.8406069,-4.9919728],[-36.8413657,-4.9913358],[-36.8417882,-4.9909782],[-36.8419681,-4.990826],[-36.8426947,-4.9901529],[-36.843733,-4.9889963],[-36.8457889,-4.9863891],[-36.8484222,-4.9828139],[-36.8485392,-4.9826551],[-36.8496813,-4.9809665],[-36.8510026,-4.979013],[-36.8516865,-4.9779162],[-36.8523449,-4.9768634],[-36.8533483,-4.9752882],[-36.8535902,-4.9748817],[-36.8538509,-4.9743619],[-36.8538637,-4.9743399],[-36.854034,-4.9739752],[-36.8543897,-4.9735757],[-36.8548977,-4.9731275],[-36.8554937,-4.9725267],[-36.8556673,-4.9723196],[-36.8577809,-4.9735161],[-36.8609035,-4.9730031],[-36.8630141,-4.9745166],[-36.8662783,-4.9735966],[-36.8695537,-4.972136],[-36.8735615,-4.9717653],[-36.8769986,-4.9732011],[-36.8799921,-4.9749816],[-36.8808725,-4.9750226],[-36.88184,-4.9756822],[-36.8831965,-4.9759626],[-36.8840985,-4.9764734],[-36.8849983,-4.976497],[-36.8858131,-4.9759893],[-36.8866714,-4.9759602],[-36.8895164,-4.9765198],[-36.8962791,-4.9768209],[-36.8991856,-4.9772944],[-36.9013606,-4.9789782],[-36.9066477,-4.9838932],[-36.907841,-4.9885825],[-36.9080507,-4.9891863],[-36.9082604,-4.9897901],[-36.9083627,-5.0159339],[-36.9086857,-5.0809471],[-36.9525792,-5.0811869],[-36.9648152,-5.0935256],[-36.9751213,-5.1039181],[-36.9751213,-5.1133006],[-36.9751213,-5.1307006],[-36.9300975,-5.1310122]]]},"properties":{"CD_MUN":"2410256","NM_MUN":"Porto do Mangue","CD_RGI":"240011","NM_RGI":"Açu","CD_RGINT":"2403","NM_RGINT":"Mossoró","CD_UF":"24","NM_UF":"Rio Grande do Norte","SIGLA_UF":"RN","CD_REGIA":"2","NM_REGIA":"Nordeste","SIGLA_RG":"NE","CD_CONCU":"","NM_CONCU":"","AREA_KM2":361.237}},
{"type":"Feature","geometry":{"type":"Polygon","coordinates":[[[-35.4715851,-5.8348248],[-35.4708504,-5.8350557],[-35.46866,-5.8357439],[-35.4684505,-5.8358098],[-35.4682053,-5.8358868],[-35.4681199,-5.8359101],[-35.4666611,-5.8363085],[-35.4647573,-5.8368284],[-35.4635054,-5.8371702],[-35.4609081,-5.8378794],[-35.454682,-5.8395795],[-35.454567,-5.8396109],[-35.4541087,-5.8397361],[-35.4319376,-5.84422],[-35.43195,-5.8452361],[-35.4267051,-5.8450399],[-35.4077692,-5.8443316],[-35.3894858,-5.8436476],[-35.3857813,-5.8435091],[-35.3789215,-5.8432525],[-35.3788556,-5.84325],[-35.3787607,-5.8432406],[-35.373392,-5.8427074],[-35.367823,-5.8421544],[-35.367514,-5.8421237],[-35.3665218,-5.8420252],[-35.366461,-5.8420191],[-35.3663953,-5.8420126],[-35.365793,-5.8419528],[-35.3656679,-5.8419404],[-35.362112,-5.8415872],[-35.3619508,-5.8415712],[-35.3605869,-5.8414358],[-35.3605778,-5.8414349],[-35.3605453,-5.8414316],[-35.3604556,-5.8414227],[-35.3604012,-5.8414173],[-35.3603469,-5.841412],[-35.359568,-5.8413346],[-35.3594448,-5.8413224],[-35.3593235,-5.8413103],[-35.3587879,-5.8412571],[-35.3587274,-5.8412511],[-35.358712,-5.8412496],[-35.3586384,-5.8412423],[-35.3548526,-5.8408663],[-35.3547423,-5.8408554],[-35.3530792,-5.8406902],[-35.3530345,-5.8406858],[-35.3529888,-5.8406812],[-35.3494168,-5.8403265],[-35.3493625,-5.8403211],[-35.3493156,-5.8403165],[-35.3473769,-5.8401239],[-35.3473317,-5.8401194],[-35.3423747,-5.8396323],[-35.3423618,-5.839631],[-35.342154,-5.8396106],[-35.3330392,-5.8387148],[-35.3299618,-5.8384123],[-35.3279788,-5.8382174],[-35.3268677,-5.8381082],[-35.3263193,-5.8380543],[-35.3241445,-5.8378406],[-35.3241079,-5.837837],[-35.3235445,-5.8377816],[-35.3086259,-5.8363154],[-35.3085003,-5.8366822],[-35.3072297,-5.8378244],[-35.3045097,-5.839529],[-35.3045069,-5.8395307],[-35.3039252,-5.8396109],[-35.3038891,-5.8396673],[-35.3032163,-5.8397795],[-35.3010803,-5.8397043],[-35.298546,-5.8388132],[-35.2968694,-5.8374363],[-35.2926132,-5.8346471],[-35.2907123,-5.8324358],[-35.2887686,-5.8312086],[-35.2858756,-5.8302127],[-35.2819698,-5.8294725],[-35.2819791,-5.8284385],[-35.281886,-5.8268582],[-35.2818309,-5.825423],[-35.2815154,-5.8220447],[-35.280801,-5.8206932],[-35.2796643,-5.8189156],[-35.2783761,-5.818299],[-35.2760503,-5.817718],[-35.2744518,-5.8169925],[-35.2724671,-5.8148709],[-35.2708635,-5.8135745],[-35.2707556,-5.8134805],[-35.2668901,-5.8115668],[-35.2651651,-5.8111437],[-35.2638622,-5.810758],[-35.2629546,-5.8104543],[-35.2625198,-5.8103099],[-35.2617862,-5.8100598],[-35.2614579,-5.8100919],[-35.2612383,-5.8100287],[-35.258464,-5.8083751],[-35.2572995,-5.8070406],[-35.2555439,-5.8050285],[-35.253934,-5.8021511],[-35.2530856,-5.7994341],[-35.2522822,-5.7981967],[-35.2520866,-5.7969669],[-35.2516815,-5.7944206],[-35.2517842,-5.7911795],[-35.2511045,-5.7879605],[-35.2497148,-5.7857342],[-35.2481056,-5.78393],[-35.2475614,-5.7822452],[-35.247909,-5.7813839],[-35.2479229,-5.7813456],[-35.2480521,-5.7809877],[-35.248167,-5.7806697],[-35.2482039,-5.7805676],[-35.2482044,-5.7805664],[-35.2485469,-5.7796195],[-35.2487778,-5.7789838],[-35.2487931,-5.7789416],[-35.2487936,-5.7789403],[-35.2488608,-5.7787514],[-35.2488705,-5.7787286],[-35.248872,-5.7787237],[-35.2490041,-5.7782982],[-35.2490058,-5.7782927],[-35.2490143,-5.7782654],[-35.2490261,-5.7782272],[-35.2490566,-5.7781846],[-35.2491078,-5.7781127],[-35.2491348,-5.7780748],[-35.2492471,-5.7779172],[-35.2493126,-5.7778255],[-35.2493517,-5.7777705],[-35.2493543,-5.7777683],[-35.2494041,-5.7777241],[-35.2495061,-5.7776338],[-35.2496081,-5.7775434],[-35.2496177,-5.7775349],[-35.2496273,-5.7775265],[-35.2496727,-5.7774863],[-35.2498551,-5.7773252],[-35.249893,-5.7772917],[-35.2500569,-5.7772182],[-35.2503467,-5.7770845],[-35.2513513,-5.7766289],[-35.2515163,-5.776596],[-35.2515206,-5.7765951],[-35.2517261,-5.7765232],[-35.251856,-5.7764777],[-35.252287,-5.7763237],[-35.2524767,-5.7762561],[-35.2530596,-5.776045],[-35.2536906,-5.7758156],[-35.2547367,-5.775437],[-35.2549989,-5.7753342],[-35.2556364,-5.7750818],[-35.2556402,-5.7750804],[-35.2556966,-5.7750595],[-35.2562106,-5.7748692],[-35.2569506,-5.7745943],[-35.2571562,-5.7745179],[-35.2580609,-5.7741819],[-35.2581519,-5.774148],[-35.2587083,-5.7739403],[-35.2597047,-5.7735686],[-35.2605475,-5.773254],[-35.2611589,-5.7730254],[-35.2616676,-5.772835],[-35.2620096,-5.772707],[-35.2666854,-5.7709168],[-35.2667053,-5.7709092],[-35.266937,-5.7708205],[-35.2669637,-5.7708111],[-35.2674265,-5.7706493],[-35.2678891,-5.7704875],[-35.268371,-5.770319],[-35.2686289,-5.7702243],[-35.268927,-5.7701148],[-35.2692509,-5.7699958],[-35.2698462,-5.7697749],[-35.2698865,-5.7697598],[-35.2703158,-5.7695998],[-35.2708911,-5.7693854],[-35.2716389,-5.7691027],[-35.2720277,-5.7689558],[-35.2720542,-5.7689458],[-35.2725053,-5.7687753],[-35.2728688,-5.7686379],[-35.273344,-5.7684569],[-35.2740354,-5.7681936],[-35.2741805,-5.7681384],[-35.2742733,-5.768103],[-35.2745272,-5.7680063],[-35.2748161,-5.7678963],[-35.2750228,-5.7678166],[-35.2751752,-5.7677572],[-35.2756733,-5.7675661],[-35.2769291,-5.7670825],[-35.2773555,-5.7669183],[-35.2776791,-5.7667934],[-35.2782301,-5.7665802],[-35.2782389,-5.7665768],[-35.2785861,-5.7664425],[-35.2790571,-5.7662603],[-35.2797285,-5.7660006],[-35.2797671,-5.7659856],[-35.2797647,-5.7659836],[-35.2800644,-5.765875],[-35.2809821,-5.7655326],[-35.2814721,-5.7653498],[-35.2826991,-5.7648921],[-35.2830213,-5.764772],[-35.2837296,-5.7645077],[-35.2837727,-5.7644917],[-35.2840132,-5.7644019],[-35.2846656,-5.7641622],[-35.2849504,-5.7640587],[-35.2856252,-5.7638134],[-35.2856381,-5.7638088],[-35.2865743,-5.7634999],[-35.2867717,-5.7632154],[-35.2868155,-5.7631522],[-35.2868798,-5.7630308],[-35.2869206,-5.7629573],[-35.286988,-5.7628359],[-35.2870894,-5.7626334],[-35.2872688,-5.76207],[-35.287398,-5.7615876],[-35.2875003,-5.7612046],[-35.2875096,-5.7611699],[-35.2875152,-5.7611489],[-35.2879386,-5.7594839],[-35.2879493,-5.7594416],[-35.2880322,-5.7591157],[-35.2881069,-5.7588723],[-35.288126,-5.7587875],[-35.288309,-5.7579719],[-35.2883415,-5.7578268],[-35.2884173,-5.7572523],[-35.2884257,-5.7571886],[-35.2884272,-5.757177],[-35.2884286,-5.7571653],[-35.2886115,-5.7556916],[-35.2888885,-5.7533987],[-35.2888966,-5.7533322],[-35.2889078,-5.7532252],[-35.2889922,-5.7526459],[-35.2891016,-5.7516277],[-35.2891018,-5.7516258],[-35.2892921,-5.7499663],[-35.2892991,-5.749906],[-35.2893068,-5.7498385],[-35.2894411,-5.7487656],[-35.2895855,-5.7476538],[-35.2896141,-5.7474381],[-35.2896619,-5.7470688],[-35.2896654,-5.7470404],[-35.2896721,-5.7469862],[-35.2899039,-5.7450926],[-35.2901724,-5.7428604],[-35.2903783,-5.7405157],[-35.2904315,-5.740242],[-35.290578,-5.7389728],[-35.2907536,-5.7375108],[-35.2907878,-5.7372254],[-35.2909053,-5.7362014],[-35.2911655,-5.7341086],[-35.2912708,-5.7330766],[-35.2913418,-5.7324976],[-35.2910666,-5.7309457],[-35.2901749,-5.7297906],[-35.2889503,-5.7287274],[-35.2868703,-5.7272134],[-35.2859465,-5.726541],[-35.2857713,-5.726459],[-35.2818521,-5.724625],[-35.2810627,-5.7242531],[-35.2801928,-5.7238346],[-35.2797537,-5.7236301],[-35.2797438,-5.7236263],[-35.2794573,-5.7235156],[-35.2784437,-5.723124],[-35.2782699,-5.7229911],[-35.2775873,-5.7225326],[-35.277549,-5.7225068],[-35.2774303,-5.7224741],[-35.2772649,-5.722361],[-35.2770618,-5.7222159],[-35.2766992,-5.7218667],[-35.2765003,-5.7216543],[-35.2763101,-5.721356],[-35.2761624,-5.7211482],[-35.2759137,-5.7207484],[-35.2751877,-5.7195857],[-35.2750384,-5.7192887],[-35.2745593,-5.7182661],[-35.2743171,-5.7177491],[-35.2739868,-5.7170282],[-35.2739489,-5.7169503],[-35.2738211,-5.7166882],[-35.2732735,-5.7155652],[-35.2729752,-5.715077],[-35.2723773,-5.7140982],[-35.2723701,-5.7140865],[-35.2723579,-5.7140665],[-35.2716776,-5.7131559],[-35.2713726,-5.7127674],[-35.2710295,-5.7123307],[-35.2689781,-5.7098765],[-35.2687239,-5.7095426],[-35.2679367,-5.7085085],[-35.2670823,-5.7071835],[-35.2663546,-5.7058387],[-35.2662201,-5.7055476],[-35.2656772,-5.7043674],[-35.2655357,-5.7040489],[-35.2694395,-5.7018475],[-35.2741269,-5.7007021],[-35.2754402,-5.7006215],[-35.2760148,-5.7009124],[-35.2762405,-5.7013188],[-35.2764385,-5.7032225],[-35.2772114,-5.7044138],[-35.2803508,-5.7051637],[-35.2806317,-5.7052308],[-35.2814935,-5.7059808],[-35.2821025,-5.7063758],[-35.2840509,-5.7086035],[-35.2851557,-5.7101599],[-35.2854066,-5.711025],[-35.2854573,-5.7127812],[-35.2856072,-5.7179803],[-35.2864937,-5.7208942],[-35.2869905,-5.7219414],[-35.2896317,-5.7236546],[-35.2936314,-5.7253438],[-35.298188,-5.7279327],[-35.301191,-5.7291512],[-35.3042746,-5.7308724],[-35.3068787,-5.7326706],[-35.3081658,-5.7344967],[-35.309628,-5.7357888],[-35.3113226,-5.7369918],[-35.3132128,-5.7379698],[-35.3144403,-5.7380517],[-35.3153839,-5.7379014],[-35.3166034,-5.7373902],[-35.3189893,-5.7357182],[-35.3196354,-5.7350414],[-35.3208028,-5.7344684],[-35.3217185,-5.7343421],[-35.3292114,-5.7344703],[-35.3323554,-5.7349638],[-35.3342692,-5.7358051],[-35.3349432,-5.7364962],[-35.336609,-5.7377011],[-35.337551,-5.738159],[-35.3388552,-5.7383524],[-35.339825,-5.7382287],[-35.3406609,-5.7377897],[-35.3411325,-5.7369286],[-35.3418218,-5.7349382],[-35.3429079,-5.7330478],[-35.3444686,-5.7317908],[-35.3463313,-5.7309005],[-35.3514917,-5.7300134],[-35.3551055,-5.7292142],[-35.358017,-5.7289356],[-35.3605975,-5.7285729],[-35.3610347,-5.7285115],[-35.3611363,-5.7284965],[-35.3616891,-5.7290637],[-35.3695526,-5.7291004],[-35.3708722,-5.729399],[-35.3713636,-5.7295534],[-35.3770928,-5.731354],[-35.3785272,-5.7318048],[-35.381922,-5.7333846],[-35.3822547,-5.7336184],[-35.3838431,-5.734735],[-35.3844841,-5.734962],[-35.385898,-5.7351728],[-35.387131,-5.7353566],[-35.39629,-5.7360659],[-35.4056125,-5.7374748],[-35.409959,-5.7378016],[-35.4133748,-5.7374377],[-35.4196054,-5.7354782],[-35.4203267,-5.7352836],[-35.4262905,-5.7336744],[-35.4285111,-5.7333081],[-35.4321617,-5.7327059],[-35.4349487,-5.7328546],[-35.4362197,-5.7330967],[-35.43874,-5.7341183],[-35.4396844,-5.7347777],[-35.4404956,-5.7349669],[-35.4423109,-5.7345565],[-35.4452384,-5.7338947],[-35.4468642,-5.7333584],[-35.4483241,-5.7393453],[-35.4494488,-5.743958],[-35.4499902,-5.7461775],[-35.4502891,-5.7474031],[-35.4507649,-5.7493537],[-35.4511294,-5.7508482],[-35.451512,-5.7524185],[-35.4642469,-5.8046851],[-35.4642693,-5.8047773],[-35.4644948,-5.8057026],[-35.4645186,-5.8058005],[-35.4656617,-5.8104959],[-35.4658739,-5.8113671],[-35.4715851,-5.8348248]]]},"properties":{"CD_MUN":"2412005","NM_MUN":"São Gonçalo do Amarante","CD_RGI":"240001","NM_RGI":"Natal","CD_RGINT":"2401","NM_RGINT":"Natal","CD_UF":"24","NM_UF":"Rio Grande do Norte","SIGLA_UF":"RN","CD_REGIA":"2","NM_REGIA":"Nordeste","SIGLA_RG":"NE","CD_CONCU":"2408102","NM_CONCU":"Natal/RN","AREA_KM2":249.8}},
{"type":"Feature","geometry":{"type":"Polygon","coordinates":[[[-36.9082604,-4.9897901],[-36.9122185,-4.9895226],[-36.9131047,-4.9894627],[-36.965952,-4.9858903],[-36.9657943,-5.0218677],[-37.0114239,-5.0219464],[-37.0113197,-5.0424056],[-37.0286141,-5.0424589],[-37.0284344,-5.0596855],[-37.0474212,-5.0597588],[-37.0477882,-5.0597602],[-37.0509381,-5.0597725],[-37.0508011,-5.0965867],[-37.1117313,-5.0967826],[-37.1115329,-5.1137387],[-37.1114052,-5.1246507],[-37.1112567,-5.13271],[-37.1054099,-5.1326901],[-37.105482,-5.1499906],[-37.1110828,-5.1500056],[-37.111091,-5.1665542],[-37.1564879,-5.1666626],[-37.1562964,-5.2042077],[-37.1561433,-5.2342302],[-37.1561121,-5.2403465],[-37.155839,-5.2938916],[-37.1558045,-5.293891],[-37.1261353,-5.2934245],[-37.0512313,-5.2940828],[-36.9280504,-5.2937765],[-36.928733,-5.2394995],[-36.9291808,-5.203899],[-36.9291813,-5.2038607],[-36.9300415,-5.1354635],[-36.9300975,-5.1310122],[-36.9751213,-5.1307006],[-36.9751213,-5.1133006],[-36.9751213,-5.1039181],[-36.9648152,-5.0935256],[-36.9525792,-5.0811869],[-36.9086857,-5.0809471],[-36.9083627,-5.0159339],[-36.9082604,-4.9897901]]]},"properties":{"CD_MUN":"2413359","NM_MUN":"Serra do Mel","CD_RGI":"240009","NM_RGI":"Mossoró","CD_RGINT":"2403","NM_RGINT":"Mossoró","CD_UF":"24","NM_UF":"Rio Grande do Norte","SIGLA_UF":"RN","CD_REGIA":"2","NM_REGIA":"Nordeste","SIGLA_RG":"NE","CD_CONCU":"","NM_CONCU":"","AREA_KM2":620.241}},
{"type":"Feature","geometry":{"type":"Polygon","coordinates":[[[-35.9255222,-5.800254],[-35.928398,-5.8001347],[-35.9311624,-5.7990861],[-35.933393,-5.7976247],[-35.9356708,-5.7949725],[-35.936519,-5.79445],[-35.9375887,-5.7948601],[-35.9385454,-5.7947495],[-35.9386179,-5.7935034],[-35.9366009,-5.7886268],[-35.9359319,-5.7861618],[-35.9344108,-5.78492],[-35.9334347,-5.7827017],[-35.9324443,-5.7808933],[-35.931232,-5.7794334],[-35.9296988,-5.7781172],[-35.92902,-5.7773018],[-35.9277336,-5.7752087],[-35.9270587,-5.773803],[-35.9259602,-5.7700236],[-35.9244952,-5.7671761],[-35.9239151,-5.7651079],[-35.924023,-5.763963],[-35.9244716,-5.7623983],[-35.9251326,-5.7608296],[-35.926945,-5.7582174],[-35.9271006,-5.7577402],[-35.9270909,-5.7560729],[-35.9265533,-5.7537801],[-35.9269816,-5.7534991],[-35.929783,-5.7535716],[-35.9309658,-5.7533099],[-35.9319197,-5.7525353],[-35.9327045,-5.7516263],[-35.9335262,-5.7502753],[-35.9346397,-5.749202],[-35.9354023,-5.7481716],[-35.9357163,-5.7476559],[-35.9374015,-5.7448881],[-35.9380794,-5.7430732],[-35.9383063,-5.7400405],[-35.9396394,-5.7330119],[-35.9415991,-5.7277917],[-35.941136,-5.7258071],[-35.9340442,-5.7159043],[-35.9342104,-5.7148749],[-35.9688463,-5.7145923],[-35.9706321,-5.7143069],[-36.0072638,-5.7031195],[-36.0239873,-5.6980122],[-36.0322862,-5.6883427],[-36.0601083,-5.6577814],[-36.0625348,-5.6552868],[-36.0817931,-5.7176153],[-36.0892336,-5.740908],[-36.0892532,-5.7409694],[-36.0892844,-5.7410671],[-36.0918282,-5.7490303],[-36.0994754,-5.7674709],[-36.1076395,-5.7895695],[-36.1156034,-5.8091789],[-36.1124963,-5.8422005],[-36.1118102,-5.8406697],[-36.1118128,-5.8401495],[-36.1106437,-5.8386904],[-36.1078559,-5.8369173],[-36.1070231,-5.8363881],[-36.1045345,-5.8323774],[-36.1017676,-5.8300796],[-36.0995787,-5.8299114],[-36.0962569,-5.8318676],[-36.0929916,-5.8331489],[-36.092132,-5.8341823],[-36.0921234,-5.8357401],[-36.0907205,-5.838328],[-36.0898086,-5.8389991],[-36.0875683,-5.8388828],[-36.0870285,-5.839503],[-36.0870254,-5.8402294],[-36.0867021,-5.8407484],[-36.0853628,-5.8413133],[-36.0839749,-5.8415118],[-36.0820575,-5.840257],[-36.0794945,-5.840035],[-36.0786346,-5.8409638],[-36.0775044,-5.8426721],[-36.0749302,-5.844634],[-36.0737539,-5.8449372],[-36.0723601,-5.8458653],[-36.0694136,-5.8472507],[-36.0654497,-5.8495152],[-36.0651756,-5.8507076],[-36.0678196,-5.8560166],[-36.0671193,-5.8573108],[-36.065188,-5.8587546],[-36.0637987,-5.8587467],[-36.0601787,-5.8565478],[-36.0595198,-5.8561986],[-36.0595064,-5.8561915],[-36.0594989,-5.8561875],[-36.0567166,-5.8547127],[-36.0524521,-5.8527168],[-36.0495774,-5.8510403],[-36.046226,-5.8480641],[-36.044629,-5.8471227],[-36.0425018,-5.8461772],[-36.0391386,-5.844962],[-36.0370103,-5.843499],[-36.0290882,-5.8365527],[-36.0269554,-5.8355028],[-36.0232731,-5.8352251],[-36.0139253,-5.8352257],[-36.0116896,-5.8336553],[-36.0111621,-5.8323051],[-36.0093076,-5.8298547],[-36.0089967,-5.8278816],[-36.0075168,-5.8248622],[-36.0059265,-5.8226726],[-36.0038542,-5.8206357],[-36.0012031,-5.8168841],[-36.0000653,-5.8158412],[-35.9971987,-5.8132139],[-35.9956939,-5.8125206],[-35.995264,-5.8113882],[-35.9938137,-5.8095808],[-35.9916768,-5.8082457],[-35.9890103,-5.8077405],[-35.9854879,-5.8067247],[-35.9830274,-5.805423],[-35.9810506,-5.8036936],[-35.9773436,-5.7977576],[-35.975624,-5.7946593],[-35.9716421,-5.7976321],[-35.9677926,-5.7999811],[-35.9671176,-5.8004465],[-35.9641574,-5.8024874],[-35.9605963,-5.8041104],[-35.9583611,-5.8046407],[-35.9554858,-5.8049663],[-35.9477627,-5.8051625],[-35.9464871,-5.8056866],[-35.9457506,-5.8074496],[-35.9462448,-5.810194],[-35.9455077,-5.8120595],[-35.9437063,-5.8136227],[-35.9414695,-5.8142554],[-35.939604,-5.8140063],[-35.9385312,-5.8124599],[-35.9359603,-5.8099868],[-35.9332929,-5.8085513],[-35.9301434,-5.8077899],[-35.9256658,-5.8075017],[-35.9253831,-5.804346],[-35.9255222,-5.800254]]]},"properties":{"CD_MUN":"2401909","NM_MUN":"Caiçara do Rio do Vento","CD_RGI":"240006","NM_RGI":"São Paulo do Potengi","CD_RGINT":"2401","NM_RGINT":"Natal","CD_UF":"24","NM_UF":"Rio Grande do Norte","SIGLA_UF":"RN","CD_REGIA":"2","NM_REGIA":"Nordeste","SIGLA_RG":"NE","CD_CONCU":"","NM_CONCU":"","AREA_KM2":261.194}},
{"type":"Feature","geometry":{"type":"Polygon","coordinates":[[[-37.2205789,-5.717497],[-37.2035004,-5.7251301],[-37.197491,-5.7192246],[-37.1955123,-5.7181038],[-37.1882991,-5.7167692],[-37.1854441,-5.7166812],[-37.1809992,-5.7180197],[-37.1793207,-5.7222688],[-37.1785233,-5.7236178],[-37.1767779,-5.7236936],[-37.1746437,-5.7213801],[-37.1728303,-5.7184312],[-37.1709345,-5.7157584],[-37.1703079,-5.7137684],[-37.1697549,-5.7128127],[-37.1686456,-5.7127295],[-37.1669273,-5.7133482],[-37.1644372,-5.7138307],[-37.163567,-5.7133076],[-37.1500573,-5.6975562],[-37.1450847,-5.6900216],[-37.1426343,-5.687588],[-37.1397876,-5.6855101],[-37.1360673,-5.6831104],[-37.1334547,-5.6817504],[-37.13029,-5.6793117],[-37.1257811,-5.671635],[-37.1234851,-5.6693821],[-37.119879,-5.6670892],[-37.1181228,-5.6663222],[-37.1124362,-5.6648981],[-37.1064964,-5.6627309],[-37.10468,-5.6563956],[-37.104594,-5.6562215],[-37.1362053,-5.5794348],[-37.1527408,-5.5392011],[-37.152841,-5.5389573],[-37.1528453,-5.5389467],[-37.1727593,-5.4904923],[-37.2946706,-5.4778988],[-37.297533,-5.4779085],[-37.3823529,-5.4781911],[-37.3828893,-5.4791669],[-37.4002262,-5.5107062],[-37.4287324,-5.5625644],[-37.4421202,-5.5869334],[-37.4444827,-5.6119897],[-37.4454055,-5.6216223],[-37.4459801,-5.6276213],[-37.4486747,-5.6273117],[-37.4674526,-5.7522805],[-37.4421264,-5.7426437],[-37.438857,-5.7442498],[-37.4350061,-5.7453021],[-37.4261555,-5.7418398],[-37.4225214,-5.7399115],[-37.4186064,-5.7396247],[-37.4171354,-5.739517],[-37.4149123,-5.7393541],[-37.4089097,-5.737043],[-37.4023892,-5.7337736],[-37.3976394,-5.7306726],[-37.3933541,-5.7291406],[-37.3890162,-5.72838],[-37.382955,-5.729321],[-37.3796896,-5.7290321],[-37.3755436,-5.72479],[-37.3733967,-5.7231822],[-37.3717417,-5.7222523],[-37.3685946,-5.7222663],[-37.3683131,-5.7221057],[-37.367012,-5.7213628],[-37.3628908,-5.7207263],[-37.3481786,-5.7206249],[-37.3443255,-5.7195389],[-37.3435785,-5.7193283],[-37.3428298,-5.7191173],[-37.3415993,-5.7198279],[-37.3403305,-5.7194271],[-37.3396152,-5.7199428],[-37.3381481,-5.7200182],[-37.3344223,-5.7184769],[-37.3335505,-5.7190307],[-37.3324775,-5.7188802],[-37.3304203,-5.7175104],[-37.3289535,-5.7177854],[-37.3256326,-5.7154482],[-37.3236064,-5.7155219],[-37.3220638,-5.7141249],[-37.3207139,-5.7144787],[-37.3176204,-5.713969],[-37.3148981,-5.7122179],[-37.3138665,-5.7103413],[-37.3131134,-5.709941],[-37.3085918,-5.7105042],[-37.3053046,-5.7093415],[-37.3029621,-5.7100904],[-37.2973292,-5.7104532],[-37.2957695,-5.7123026],[-37.2952182,-5.7125467],[-37.2943088,-5.7129493],[-37.2933476,-5.7142],[-37.286771,-5.7152522],[-37.2857386,-5.714891],[-37.2844289,-5.715107],[-37.2827407,-5.7136618],[-37.2822899,-5.7148182],[-37.2810183,-5.715056],[-37.2812531,-5.7164503],[-37.280695,-5.7172036],[-37.2776812,-5.7174135],[-37.2726678,-5.7140253],[-37.2718251,-5.712543],[-37.271232,-5.7123824],[-37.2702788,-5.7131541],[-37.2692013,-5.7150591],[-37.268487,-5.7152969],[-37.2663513,-5.7138991],[-37.2655963,-5.7138971],[-37.264244,-5.7150863],[-37.2619815,-5.7159351],[-37.2604695,-5.7174799],[-37.2547981,-5.7182202],[-37.2531344,-5.7176183],[-37.2510279,-5.7175073],[-37.2438844,-5.7080042],[-37.2431352,-5.7084145],[-37.2407863,-5.7097049],[-37.2205789,-5.717497]]]},"properties":{"CD_MUN":"2414605","NM_MUN":"Upanema","CD_RGI":"240009","NM_RGI":"Mossoró","CD_RGINT":"2403","NM_RGINT":"Mossoró","CD_UF":"24","NM_UF":"Rio Grande do Norte","SIGLA_UF":"RN","CD_REGIA":"2","NM_REGIA":"Nordeste","SIGLA_RG":"NE","CD_CONCU":"","NM_CONCU":"","AREA_KM2":873.14}},
{"type":"Feature","geometry":{"type":"Polygon","coordinates":[[[-35.5813826,-6.484058],[-35.5813846,-6.4857974],[-35.5811426,-6.4861704],[-35.5805324,-6.4871114],[-35.5779194,-6.4863016],[-35.5767514,-6.4868568],[-35.5747597,-6.4868946],[-35.5719541,-6.4880076],[-35.5706664,-6.4880414],[-35.5684358,-6.4873111],[-35.5641903,-6.4874688],[-35.5637239,-6.4879114],[-35.5632576,-6.488354],[-35.563001,-6.4897285],[-35.5639058,-6.4905092],[-35.5646689,-6.4911677],[-35.5647956,-6.4917797],[-35.5623898,-6.4924452],[-35.5616681,-6.4926448],[-35.5585136,-6.4928815],[-35.5543424,-6.4919143],[-35.5521001,-6.4908238],[-35.5515095,-6.490195],[-35.549815,-6.4849311],[-35.5478793,-6.4825864],[-35.5477803,-6.4824667],[-35.5466943,-6.4818665],[-35.5439682,-6.4814684],[-35.5422772,-6.482797],[-35.5407626,-6.4829692],[-35.540099,-6.4805541],[-35.5392137,-6.4799917],[-35.5379577,-6.4799052],[-35.5371967,-6.4801018],[-35.5351265,-6.4825856],[-35.5336375,-6.4830322],[-35.5313967,-6.4799398],[-35.5270966,-6.4792738],[-35.5270898,-6.4792666],[-35.5265397,-6.4786884],[-35.5258896,-6.4762258],[-35.5252965,-6.4760978],[-35.5190638,-6.4790688],[-35.5177495,-6.4793993],[-35.5152617,-6.4792572],[-35.5142612,-6.4784172],[-35.5139544,-6.4781595],[-35.5123547,-6.4768156],[-35.5080399,-6.4787016],[-35.5047211,-6.4785239],[-35.5014101,-6.4778026],[-35.4996964,-6.4786741],[-35.4972829,-6.4810335],[-35.4957936,-6.4832599],[-35.4945061,-6.4831429],[-35.4925599,-6.4802986],[-35.4919826,-6.480085],[-35.4891178,-6.4808932],[-35.4860677,-6.482892],[-35.4848029,-6.4855813],[-35.4842819,-6.4860096],[-35.4832078,-6.4864007],[-35.4793201,-6.4867926],[-35.4771393,-6.4868523],[-35.4731147,-6.4831583],[-35.4715248,-6.4826542],[-35.4708901,-6.4827194],[-35.4708877,-6.4827196],[-35.4665211,-6.4831688],[-35.4642243,-6.4827119],[-35.4621503,-6.4783212],[-35.4607881,-6.4769485],[-35.460046,-6.4767784],[-35.4574865,-6.4771797],[-35.4555389,-6.4785398],[-35.4515931,-6.4849666],[-35.4466974,-6.4868433],[-35.4457458,-6.4863375],[-35.4444331,-6.4814392],[-35.4433401,-6.4796502],[-35.4426522,-6.4793735],[-35.442649,-6.4793842],[-35.442649,-6.4793994],[-35.4417895,-6.4822701],[-35.441729,-6.4824692],[-35.4415632,-6.4830259],[-35.4420787,-6.485872],[-35.4420995,-6.4865923],[-35.4416221,-6.4877297],[-35.4398429,-6.4876116],[-35.4396585,-6.4875994],[-35.435321,-6.4887773],[-35.4348248,-6.488912],[-35.4333082,-6.488876],[-35.4332538,-6.4888747],[-35.4332281,-6.4888741],[-35.4331994,-6.4888734],[-35.4330198,-6.4888692],[-35.4327472,-6.4888627],[-35.4313693,-6.48883],[-35.430271,-6.488804],[-35.4275119,-6.4887385],[-35.4268951,-6.4887239],[-35.4268675,-6.4887232],[-35.4259723,-6.488702],[-35.4239712,-6.4886545],[-35.4237123,-6.4886484],[-35.4229716,-6.4886308],[-35.4229124,-6.4886294],[-35.4226472,-6.4886232],[-35.4205211,-6.4885729],[-35.416832,-6.4878278],[-35.4123941,-6.4882475],[-35.4077584,-6.4895836],[-35.4007491,-6.4916032],[-35.3947555,-6.4940336],[-35.3900895,-6.4965206],[-35.3845722,-6.5000978],[-35.3798205,-6.5029268],[-35.3645125,-6.5120405],[-35.3412638,-6.5386169],[-35.3411562,-6.5382679],[-35.329831,-6.5011691],[-35.3280546,-6.4953499],[-35.3189425,-6.4649084],[-35.318667,-6.4639881],[-35.3144476,-6.4498938],[-35.3143609,-6.4496055],[-35.3147925,-6.4491968],[-35.3151691,-6.4460876],[-35.3145812,-6.4415973],[-35.3127043,-6.436361],[-35.3076615,-6.4278205],[-35.3050845,-6.424492],[-35.3032858,-6.4207937],[-35.3003193,-6.4188655],[-35.3039068,-6.4145049],[-35.3053027,-6.41354],[-35.3104784,-6.411576],[-35.3117779,-6.4105055],[-35.3095076,-6.4083437],[-35.3081988,-6.4048626],[-35.3096188,-6.4031122],[-35.3238166,-6.3971829],[-35.3242146,-6.3971499],[-35.3369675,-6.3960931],[-35.3409611,-6.403982],[-35.3422606,-6.4052904],[-35.3436604,-6.4051308],[-35.3463009,-6.4057755],[-35.3488392,-6.4073811],[-35.350219,-6.4088153],[-35.3543209,-6.4082177],[-35.3556207,-6.4080281],[-35.3559592,-6.4079787],[-35.3594821,-6.4074649],[-35.3729421,-6.4055017],[-35.386243,-6.3904884],[-35.4092084,-6.381516],[-35.4283528,-6.393747],[-35.4351566,-6.3980939],[-35.4471483,-6.4057552],[-35.4473787,-6.4144183],[-35.4475933,-6.4143669],[-35.4479911,-6.4142716],[-35.4497535,-6.4138524],[-35.4808744,-6.4064328],[-35.4813587,-6.4063174],[-35.4879351,-6.4047495],[-35.5148357,-6.4061524],[-35.5176141,-6.4062973],[-35.533516,-6.4129153],[-35.544243,-6.4173793],[-35.5517577,-6.4235044],[-35.5527311,-6.4237925],[-35.5566793,-6.4218781],[-35.5582081,-6.4222814],[-35.5585648,-6.4223755],[-35.5586737,-6.4304197],[-35.5584357,-6.4304395],[-35.5586798,-6.4308702],[-35.5712451,-6.4537067],[-35.5739466,-6.458612],[-35.5741178,-6.458923],[-35.5749463,-6.4604277],[-35.5805235,-6.4705572],[-35.5811824,-6.4808983],[-35.5812906,-6.4826127],[-35.5813826,-6.484058]]]},"properties":{"CD_MUN":"2408300","NM_MUN":"Nova Cruz","CD_RGI":"240002","NM_RGI":"Santo Antônio - Passa e Fica - Nova Cruz","CD_RGINT":"2401","NM_RGINT":"Natal","CD_UF":"24","NM_UF":"Rio Grande do Norte","SIGLA_UF":"RN","CD_REGIA":"2","NM_REGIA":"Nordeste","SIGLA_RG":"NE","CD_CONCU":"","NM_CONCU":"","AREA_KM2":277.319}},
{"type":"Feature","geometry":{"type":"Polygon","coordinates":[[[-38.4583865,-6.3302136],[-38.4585229,-6.331136],[-38.45931,-6.3321524],[-38.4645252,-6.3370735],[-38.4760396,-6.3457274],[-38.4788735,-6.3494376],[-38.4830608,-6.3566316],[-38.4885614,-6.3616086],[-38.4897546,-6.3634482],[-38.4905342,-6.3660755],[-38.4902108,-6.3681383],[-38.4869909,-6.3708965],[-38.4843203,-6.3749904],[-38.4830826,-6.3811132],[-38.4834245,-6.3894963],[-38.4844392,-6.3931263],[-38.4864903,-6.3977484],[-38.4862341,-6.3987517],[-38.4850614,-6.3994193],[-38.4822319,-6.3979813],[-38.4744056,-6.39606],[-38.4658092,-6.3964099],[-38.4555504,-6.3929069],[-38.4520637,-6.3924893],[-38.4507918,-6.3927655],[-38.4488376,-6.3945752],[-38.447408,-6.3998535],[-38.4479588,-6.4033525],[-38.4450613,-6.404549],[-38.441611,-6.4047021],[-38.4401569,-6.407994],[-38.438344,-6.4098748],[-38.4317051,-6.4104327],[-38.4294619,-6.4116367],[-38.4270532,-6.4137748],[-38.4260412,-6.4141238],[-38.4237677,-6.4138321],[-38.4214576,-6.4126509],[-38.418755,-6.4118802],[-38.4060327,-6.4101909],[-38.4054826,-6.4101099],[-38.4030881,-6.4097575],[-38.4030357,-6.4097837],[-38.4017436,-6.4095596],[-38.401739,-6.4095589],[-38.3993194,-6.4097925],[-38.3976268,-6.4119138],[-38.3947139,-6.4139717],[-38.3940395,-6.4144482],[-38.3938593,-6.4145754],[-38.3922855,-6.4156873],[-38.3921792,-6.4157624],[-38.3915491,-6.4162076],[-38.3884775,-6.4187115],[-38.388188,-6.418947],[-38.3845344,-6.4222195],[-38.3843945,-6.4224459],[-38.3833133,-6.424196],[-38.3829684,-6.4247541],[-38.3826302,-6.4304806],[-38.3819379,-6.4320577],[-38.3777709,-6.4368659],[-38.3751194,-6.4373792],[-38.3748865,-6.4385501],[-38.3762865,-6.4403964],[-38.3762863,-6.4413552],[-38.3746752,-6.4459542],[-38.3743109,-6.4477066],[-38.3741322,-6.4491627],[-38.3748074,-6.4540019],[-38.3746859,-6.4545733],[-38.373663,-6.455781],[-38.372967,-6.4559931],[-38.372513,-6.4561315],[-38.3725106,-6.4561319],[-38.3687446,-6.4555805],[-38.3637905,-6.453642],[-38.3623984,-6.4547959],[-38.3614183,-6.4572353],[-38.3609756,-6.4619875],[-38.3552187,-6.4572213],[-38.3485588,-6.4557408],[-38.3438017,-6.4566518],[-38.34758,-6.4480136],[-38.3437965,-6.4353536],[-38.3437581,-6.435225],[-38.3405854,-6.4246131],[-38.3392883,-6.3871715],[-38.3391825,-6.3841233],[-38.3365803,-6.3742009],[-38.3343836,-6.3552811],[-38.3335169,-6.347826],[-38.331297,-6.3287361],[-38.3435875,-6.3319137],[-38.3473388,-6.3328836],[-38.35314,-6.3343834],[-38.3945646,-6.3450947],[-38.3964748,-6.3186597],[-38.3965976,-6.3184057],[-38.4086643,-6.2934575],[-38.4209164,-6.3005823],[-38.422923,-6.3021706],[-38.4241614,-6.3047246],[-38.4252797,-6.3060011],[-38.4317948,-6.3097623],[-38.4345916,-6.3129198],[-38.4419101,-6.3157802],[-38.446858,-6.3191719],[-38.4526427,-6.3261816],[-38.4565111,-6.3291846],[-38.4576126,-6.3297068],[-38.4577211,-6.3301228],[-38.4583865,-6.3302136]]]},"properties":{"CD_MUN":"2407005","NM_MUN":"Luís Gomes","CD_RGI":"240010","NM_RGI":"Pau dos Ferros","CD_RGINT":"2403","NM_RGINT":"Mossoró","CD_UF":"24","NM_UF":"Rio Grande do Norte","SIGLA_UF":"RN","CD_REGIA":"2","NM_REGIA":"Nordeste","SIGLA_RG":"NE","CD_CONCU":"","NM_CONCU":"","AREA_KM2":166.638}},
{"type":"Feature","geometry":{"type":"Polygon","coordinates":[[[-36.8384315,-5.4037572],[-36.8564466,-5.4008664],[-36.8708234,-5.3914614],[-36.8739128,-5.3894404],[-36.8739891,-5.3893909],[-36.8741702,-5.3892725],[-36.9240545,-5.3566223],[-36.9284529,-5.3537417],[-37.0294319,-5.3256953],[-37.0512313,-5.2940828],[-37.1261353,-5.2934245],[-37.1391926,-5.3355706],[-37.1429497,-5.3739039],[-37.168643,-5.4743758],[-37.1686852,-5.4745417],[-37.1727593,-5.4904923],[-37.1528453,-5.5389467],[-37.152841,-5.5389573],[-37.1527408,-5.5392011],[-37.1362053,-5.5794348],[-37.104594,-5.6562215],[-37.1045024,-5.6563846],[-37.0622177,-5.7320899],[-37.0622043,-5.7321139],[-37.0605893,-5.735003],[-37.0545605,-5.745788],[-37.0502451,-5.7469977],[-37.0213631,-5.7550937],[-36.9940975,-5.771708],[-37.0357884,-5.8910086],[-37.0355751,-5.8910692],[-37.0354678,-5.8907436],[-37.0307186,-5.8884761],[-37.0265142,-5.8847927],[-37.0197553,-5.8768052],[-37.0153571,-5.8708465],[-37.0144888,-5.8651943],[-37.0117326,-5.8583987],[-37.0096578,-5.8371247],[-37.0062153,-5.8314877],[-37.0021088,-5.8271048],[-36.9900385,-5.8172004],[-36.9851364,-5.8153785],[-36.9774003,-5.8136212],[-36.9801082,-5.7853232],[-36.9801147,-5.7838485],[-36.9792483,-5.7829735],[-36.9671057,-5.775156],[-36.9651076,-5.7735424],[-36.9641183,-5.7696104],[-36.9615286,-5.7525104],[-36.9442652,-5.7419227],[-36.9267639,-5.7311916],[-36.8935658,-5.7108361],[-36.8897734,-5.7055734],[-36.8878204,-5.7032172],[-36.887073,-5.7005671],[-36.8869482,-5.6938205],[-36.8874065,-5.6922034],[-36.887565,-5.6904409],[-36.8869648,-5.6888249],[-36.8860641,-5.6876465],[-36.8847151,-5.6849985],[-36.8839692,-5.682352],[-36.8835511,-5.6726601],[-36.883276,-5.6692255],[-36.8822258,-5.6561132],[-36.8817382,-5.652977],[-36.8816669,-5.651215],[-36.8818967,-5.6503355],[-36.8834907,-5.6480627],[-36.8839478,-5.6467434],[-36.884106,-5.6455708],[-36.8840329,-5.6441033],[-36.8833673,-5.6405758],[-36.8834449,-5.6396218],[-36.8842032,-5.6385223],[-36.88534,-5.6377194],[-36.888137,-5.6363343],[-36.8892069,-5.6350808],[-36.8922334,-5.6308429],[-36.8924623,-5.6301096],[-36.8914199,-5.6267274],[-36.8911282,-5.6232779],[-36.8921187,-5.6212408],[-36.89261,-5.6171818],[-36.8938736,-5.6157586],[-36.894465,-5.6147401],[-36.8948047,-5.6136816],[-36.8950609,-5.6122137],[-36.8953285,-5.607931],[-36.8957095,-5.6066658],[-36.8975261,-5.6034823],[-36.897824,-5.6027907],[-36.8977777,-5.6012606],[-36.8965675,-5.5978911],[-36.8944023,-5.5936903],[-36.8937981,-5.5917939],[-36.89345,-5.5899063],[-36.8931539,-5.5883017],[-36.8923455,-5.5867686],[-36.8915581,-5.5859853],[-36.8891072,-5.5835463],[-36.887134,-5.582102],[-36.8858201,-5.5793838],[-36.8833479,-5.5751766],[-36.8824899,-5.5732473],[-36.8822929,-5.5720102],[-36.8826002,-5.5707291],[-36.8839791,-5.5689053],[-36.8881558,-5.5656097],[-36.8883196,-5.5653241],[-36.8891765,-5.5638365],[-36.8902512,-5.5613701],[-36.8917816,-5.5597947],[-36.8945294,-5.5581767],[-36.8967182,-5.5566515],[-36.8979411,-5.5552718],[-36.8991174,-5.5533018],[-36.8999906,-5.550439],[-36.899645,-5.5473268],[-36.8997024,-5.5460914],[-36.9000595,-5.5448575],[-36.9001674,-5.5436235],[-36.8998165,-5.5420902],[-36.8999231,-5.5408069],[-36.9005373,-5.5394276],[-36.9017098,-5.5380966],[-36.9027821,-5.5365195],[-36.9035002,-5.5344959],[-36.9038669,-5.5312864],[-36.9037717,-5.5295592],[-36.9030663,-5.5271845],[-36.901102,-5.5234716],[-36.9004009,-5.5209508],[-36.8997944,-5.5195646],[-36.8994937,-5.5182813],[-36.8994572,-5.5150209],[-36.8992071,-5.5137347],[-36.8989415,-5.5131583],[-36.8985002,-5.5122012],[-36.8938961,-5.5071937],[-36.8921247,-5.5057557],[-36.8895408,-5.5040676],[-36.8886229,-5.5030472],[-36.8882779,-5.5022859],[-36.8880339,-5.4981799],[-36.8873965,-5.4959105],[-36.8860655,-5.4932765],[-36.8849802,-5.4924836],[-36.8824246,-5.4916444],[-36.8811079,-5.4907994],[-36.8780706,-5.4883205],[-36.8767669,-5.4869085],[-36.8759436,-5.4863845],[-36.8752835,-5.4862356],[-36.8742676,-5.4864286],[-36.8731722,-5.4859768],[-36.8717301,-5.4843602],[-36.8711171,-5.4834063],[-36.869675,-5.4802499],[-36.8694859,-5.4781411],[-36.8711772,-5.4694127],[-36.8717021,-5.4684129],[-36.8738943,-5.4672006],[-36.8745037,-5.4664283],[-36.8739307,-5.4641358],[-36.8740239,-5.4634801],[-36.8737942,-5.4617945],[-36.8742721,-5.4590968],[-36.8742261,-5.458233],[-36.8739151,-5.4575689],[-36.8711483,-5.455369],[-36.8689585,-5.4529173],[-36.8685418,-5.4521014],[-36.8671327,-5.4511407],[-36.8651475,-5.4502171],[-36.8634754,-5.4489574],[-36.8620884,-5.4468966],[-36.8610375,-5.4448],[-36.860405,-5.4423424],[-36.8600528,-5.4402744],[-36.8600629,-5.4374186],[-36.8603944,-5.4350548],[-36.8603058,-5.4338487],[-36.8579346,-5.4306805],[-36.8502991,-5.4191465],[-36.8500269,-5.4179831],[-36.8499011,-5.415168],[-36.8493067,-5.4140937],[-36.8474275,-5.4126573],[-36.8458694,-5.4117569],[-36.8420625,-5.41009],[-36.8410563,-5.4091474],[-36.8399146,-5.4074912],[-36.8389625,-5.4046513],[-36.8384315,-5.4037572]]]},"properties":{"CD_MUN":"2400208","NM_MUN":"Açu","CD_RGI":"240011","NM_RGI":"Açu","CD_RGINT":"2403","NM_RGINT":"Mossoró","CD_UF":"24","NM_UF":"Rio Grande do Norte","SIGLA_UF":"RN","CD_REGIA":"2","NM_REGIA":"Nordeste","SIGLA_RG":"NE","CD_CONCU":"","NM_CONCU":"","AREA_KM2":1303.442}},
{"type":"Feature","geometry":{"type":"Polygon","coordinates":[[[-36.1285469,-5.4568166],[-36.1409006,-5.5002395],[-36.1719788,-5.5446795],[-36.1436944,-5.5669364],[-36.143165,-5.591526],[-36.1379028,-5.5956893],[-36.112822,-5.6155314],[-36.0625348,-5.6552868],[-36.0564134,-5.6385474],[-35.9924082,-5.4637876],[-36.0276707,-5.4452451],[-36.0280203,-5.4448549],[-36.0633023,-5.4053987],[-36.1285469,-5.4568166]]]},"properties":{"CD_MUN":"2409605","NM_MUN":"Pedra Preta","CD_RGI":"240005","NM_RGI":"João Câmara","CD_RGINT":"2401","NM_RGINT":"Natal","CD_UF":"24","NM_UF":"Rio Grande do Norte","SIGLA_UF":"RN","CD_REGIA":"2","NM_REGIA":"Nordeste","SIGLA_RG":"NE","CD_CONCU":"","NM_CONCU":"","AREA_KM2":294.985}},
{"type":"Feature","geometry":{"type":"Polygon","coordinates":[[[-36.0139253,-5.8352257],[-36.0232731,-5.8352251],[-36.0269554,-5.8355028],[-36.0290882,-5.8365527],[-36.0370103,-5.843499],[-36.0391386,-5.844962],[-36.0425018,-5.8461772],[-36.044629,-5.8471227],[-36.046226,-5.8480641],[-36.0495774,-5.8510403],[-36.0524521,-5.8527168],[-36.0567166,-5.8547127],[-36.0594989,-5.8561875],[-36.0595064,-5.8561915],[-36.0595198,-5.8561986],[-36.0601787,-5.8565478],[-36.0637987,-5.8587467],[-36.065188,-5.8587546],[-36.0671193,-5.8573108],[-36.0678196,-5.8560166],[-36.0651756,-5.8507076],[-36.0654497,-5.8495152],[-36.0694136,-5.8472507],[-36.0723601,-5.8458653],[-36.0737539,-5.8449372],[-36.0749302,-5.844634],[-36.0775044,-5.8426721],[-36.0786346,-5.8409638],[-36.0794945,-5.840035],[-36.0820575,-5.840257],[-36.0839749,-5.8415118],[-36.0853628,-5.8413133],[-36.0867021,-5.8407484],[-36.0870254,-5.8402294],[-36.0870285,-5.839503],[-36.0875683,-5.8388828],[-36.0898086,-5.8389991],[-36.0907205,-5.838328],[-36.0921234,-5.8357401],[-36.092132,-5.8341823],[-36.0929916,-5.8331489],[-36.0962569,-5.8318676],[-36.0995787,-5.8299114],[-36.1017676,-5.8300796],[-36.1045345,-5.8323774],[-36.1070231,-5.8363881],[-36.1078559,-5.8369173],[-36.1106437,-5.8386904],[-36.1118128,-5.8401495],[-36.1118102,-5.8406697],[-36.1124963,-5.8422005],[-36.1137781,-5.8436683],[-36.115235,-5.8495747],[-36.1159869,-5.854634],[-36.1171357,-5.8577563],[-36.1178394,-5.8590513],[-36.1186132,-5.859313],[-36.1210189,-5.8594561],[-36.127216,-5.8594229],[-36.1296927,-5.8600721],[-36.1322507,-5.8613286],[-36.1361168,-5.8639393],[-36.1370142,-5.8639451],[-36.137413,-5.8639477],[-36.1385782,-5.863241],[-36.1392968,-5.8616888],[-36.1398954,-5.8586453],[-36.1405479,-5.8576761],[-36.1418434,-5.8570994],[-36.143525,-5.857172],[-36.1475259,-5.8588151],[-36.1498524,-5.8592793],[-36.1509382,-5.8587341],[-36.1518038,-5.8572156],[-36.1523309,-5.8554684],[-36.1524714,-5.8531365],[-36.1533863,-5.8513252],[-36.1548141,-5.8500999],[-36.1563705,-5.8495257],[-36.1577276,-5.8496618],[-36.1590833,-5.8502518],[-36.1679797,-5.8559357],[-36.1700497,-5.8560114],[-36.172963,-5.855443],[-36.1780848,-5.8533939],[-36.1800221,-5.853469],[-36.1820868,-5.8546459],[-36.1839535,-5.8562735],[-36.1857563,-5.8581649],[-36.188155,-5.8625561],[-36.1913316,-5.8689002],[-36.1929931,-5.8727324],[-36.1947824,-5.877209],[-36.1968193,-5.8831166],[-36.2128787,-5.8737258],[-36.2241794,-5.8999534],[-36.2270217,-5.9080756],[-36.2327214,-5.924363],[-36.2528935,-5.982007],[-36.2548019,-5.9861658],[-36.2549595,-5.9865092],[-36.2813571,-6.044042],[-36.3022169,-6.1153717],[-36.2957003,-6.1221662],[-36.2568489,-6.1580152],[-36.2339509,-6.1648026],[-36.2261988,-6.1641242],[-36.2268777,-6.163677],[-36.2279294,-6.1604035],[-36.2281534,-6.1585931],[-36.2281646,-6.1562639],[-36.2270549,-6.1542739],[-36.2257712,-6.1527998],[-36.2253476,-6.1514179],[-36.225141,-6.1496914],[-36.2254084,-6.1481397],[-36.2251738,-6.1433516],[-36.2245044,-6.1414887],[-36.2239503,-6.1409849],[-36.2233805,-6.140467],[-36.2216835,-6.1398417],[-36.2150879,-6.1386871],[-36.2127775,-6.1373905],[-36.2110896,-6.1348332],[-36.2082984,-6.1329007],[-36.2030421,-6.1305698],[-36.2001625,-6.1296074],[-36.1974623,-6.1292939],[-36.1938757,-6.1295756],[-36.1921771,-6.1291817],[-36.1905466,-6.1282771],[-36.1888696,-6.1268824],[-36.1851039,-6.126246],[-36.1834221,-6.1256523],[-36.1816885,-6.1254101],[-36.1737672,-6.1217407],[-36.1726871,-6.1178283],[-36.1704283,-6.1159225],[-36.1685656,-6.1149106],[-36.1665063,-6.113063],[-36.1652905,-6.1092819],[-36.1640067,-6.10749],[-36.1629062,-6.1064721],[-36.1602072,-6.1056229],[-36.1592728,-6.1054854],[-36.155698,-6.1063787],[-36.1543632,-6.1062389],[-36.1528648,-6.1057289],[-36.151298,-6.1049181],[-36.1499704,-6.1037739],[-36.1454898,-6.0986153],[-36.1445601,-6.0979403],[-36.1430287,-6.0973654],[-36.1407261,-6.0969509],[-36.137059,-6.0958951],[-36.1349275,-6.0950251],[-36.1330354,-6.0934447],[-36.1315067,-6.0917299],[-36.1286442,-6.0902449],[-36.1238419,-6.0889989],[-36.1221426,-6.0887898],[-36.1210712,-6.0888509],[-36.1196668,-6.0896125],[-36.1171524,-6.0917213],[-36.116376,-6.0932561],[-36.1176916,-6.1028891],[-36.1172865,-6.1040015],[-36.1163806,-6.104431],[-36.1155134,-6.1044924],[-36.1140802,-6.1040846],[-36.11237,-6.1026066],[-36.1104588,-6.1009557],[-36.1089971,-6.0993734],[-36.1070644,-6.0986124],[-36.0971449,-6.099462],[-36.0958086,-6.0991539],[-36.0916331,-6.099377],[-36.0902645,-6.0993017],[-36.0893655,-6.0988944],[-36.0881048,-6.0973833],[-36.0875386,-6.0969452],[-36.0860714,-6.0966864],[-36.0854708,-6.0967511],[-36.0853015,-6.0970503],[-36.0851262,-6.09842],[-36.084857,-6.0990214],[-36.0816703,-6.1015121],[-36.0803515,-6.1020129],[-36.071872,-6.1004324],[-36.0692762,-6.0986081],[-36.0677407,-6.0969694],[-36.0658286,-6.093791],[-36.0625698,-6.0902395],[-36.0609776,-6.0890649],[-36.0497186,-6.0853566],[-36.0488131,-6.0847171],[-36.0475244,-6.0827337],[-36.0451567,-6.0800268],[-36.0442724,-6.0795106],[-36.0436291,-6.0789648],[-36.0423734,-6.0778995],[-36.0412633,-6.0766092],[-36.0398869,-6.0754426],[-36.0358979,-6.0726009],[-36.0345694,-6.0713539],[-36.031832,-6.0693894],[-36.0111902,-6.049192],[-36.0097497,-6.0483134],[-36.008279,-6.0478409],[-36.0076618,-6.0473091],[-36.0063532,-6.0426987],[-36.0056466,-6.0414742],[-36.0030847,-6.0395038],[-36.0005918,-6.0379203],[-35.998891,-6.03789],[-35.9979462,-6.0376601],[-35.9944612,-6.0347725],[-35.9914321,-6.0336215],[-35.990666,-6.0330282],[-35.989909,-6.0321161],[-35.9896755,-6.0302969],[-35.9884391,-6.0281496],[-35.9884865,-6.0251113],[-35.98814,-6.0247253],[-35.9850784,-6.0231742],[-35.9840331,-6.0223143],[-35.9829797,-6.0202047],[-35.9809645,-6.0179691],[-35.980583,-6.0177484],[-35.9802945,-6.0175816],[-35.9786235,-6.0172591],[-35.9780845,-6.0168731],[-35.9768311,-6.0143985],[-35.9770239,-6.0118669],[-35.9768915,-6.0103107],[-35.9772225,-6.0094252],[-35.9783318,-6.0089633],[-35.9787538,-6.0085368],[-35.9789096,-6.0080226],[-35.978882,-6.0062541],[-35.9795232,-6.0055758],[-35.9795833,-6.0051353],[-35.9792867,-6.0022399],[-35.9807336,-6.0013334],[-35.9812829,-5.9999511],[-35.9819101,-5.9993663],[-35.9841801,-5.9979854],[-35.9839561,-5.9974196],[-35.9823626,-5.9955088],[-35.9820927,-5.9932058],[-35.9810602,-5.9910591],[-35.9797148,-5.9897459],[-35.9784794,-5.9895606],[-35.9779661,-5.9891591],[-35.9777932,-5.988607],[-35.9778607,-5.9877615],[-35.9785048,-5.9863279],[-35.97848,-5.9858589],[-35.9781789,-5.9852217],[-35.977414,-5.9843786],[-35.9771943,-5.983794],[-35.9776402,-5.9818877],[-35.9776407,-5.9810185],[-35.977203,-5.9796631],[-35.9762434,-5.9785656],[-35.9749784,-5.9778923],[-35.9731547,-5.9764247],[-35.9724419,-5.9755349],[-35.9717894,-5.9743074],[-35.9710975,-5.9719991],[-35.9708313,-5.9716123],[-35.9703294,-5.9714629],[-35.9684965,-5.9714169],[-35.968187,-5.9710287],[-35.9682146,-5.970639],[-35.9687783,-5.9698702],[-35.9686511,-5.9693274],[-35.9683704,-5.9690513],[-35.9677312,-5.9688451],[-35.9663136,-5.9688387],[-35.9642399,-5.967948],[-35.9631043,-5.9664666],[-35.9630527,-5.9661218],[-35.9627026,-5.9638329],[-35.9627596,-5.9611791],[-35.9630595,-5.9591459],[-35.966676,-5.9012992],[-35.9835118,-5.8778737],[-36.0139253,-5.8352257]]]},"properties":{"CD_MUN":"2412906","NM_MUN":"São Tomé","CD_RGI":"240006","NM_RGI":"São Paulo do Potengi","CD_RGINT":"2401","NM_RGINT":"Natal","CD_UF":"24","NM_UF":"Rio Grande do Norte","SIGLA_UF":"RN","CD_REGIA":"2","NM_REGIA":"Nordeste","SIGLA_RG":"NE","CD_CONCU":"","NM_CONCU":"","AREA_KM2":862.585}},
{"type":"Feature","geometry":{"type":"Polygon","coordinates":[[[-35.9248041,-6.0106325],[-35.8984622,-5.9920383],[-35.8652004,-5.9685642],[-35.834772,-5.9470964],[-35.8498181,-5.9153663],[-35.8499928,-5.9150891],[-35.8510974,-5.9133337],[-35.8535699,-5.9124361],[-35.8557704,-5.9119033],[-35.8570609,-5.9115908],[-35.8590096,-5.9114386],[-35.8599083,-5.9115028],[-35.8605897,-5.911742],[-35.861521,-5.911615],[-35.8685945,-5.9063653],[-35.8711306,-5.9024722],[-35.8723286,-5.9011839],[-35.8726128,-5.901058],[-35.8726229,-5.9010533],[-35.8729634,-5.9011942],[-35.8735768,-5.9018707],[-35.873714,-5.9039459],[-35.8740122,-5.9045093],[-35.8745656,-5.9049022],[-35.8753136,-5.9050392],[-35.8759199,-5.9048262],[-35.8768658,-5.9049615],[-35.877673,-5.9054106],[-35.8782355,-5.9060141],[-35.8792915,-5.906508],[-35.8823487,-5.906546],[-35.8832719,-5.9067962],[-35.8853609,-5.9090027],[-35.8869927,-5.9092731],[-35.8898001,-5.9081976],[-35.8917404,-5.9070021],[-35.8930031,-5.906856],[-35.8930327,-5.9058925],[-35.8926129,-5.9052072],[-35.8909615,-5.9039614],[-35.8904911,-5.9032237],[-35.8905506,-5.9024447],[-35.8911029,-5.9018991],[-35.8916692,-5.901746],[-35.8922375,-5.9018265],[-35.8935283,-5.9028879],[-35.8947461,-5.9030833],[-35.8956271,-5.9023289],[-35.8968427,-5.9018865],[-35.8967052,-5.9012178],[-35.8957155,-5.9002028],[-35.8955636,-5.8995853],[-35.8957755,-5.8988989],[-35.8963078,-5.8985457],[-35.8969912,-5.8986418],[-35.8972949,-5.8989081],[-35.8980545,-5.9003735],[-35.8991744,-5.900603],[-35.9018828,-5.8991355],[-35.902132,-5.8987338],[-35.9016589,-5.8968635],[-35.9017701,-5.8963765],[-35.9025352,-5.8961382],[-35.9046234,-5.8965122],[-35.9061293,-5.8970898],[-35.9067313,-5.8974868],[-35.9069324,-5.8978206],[-35.9062222,-5.8989277],[-35.9060399,-5.8995143],[-35.9061755,-5.900133],[-35.9065137,-5.900665],[-35.907099,-5.9011296],[-35.912579,-5.9028026],[-35.9130963,-5.902735],[-35.9132948,-5.9025007],[-35.9133259,-5.9020318],[-35.9122311,-5.8999982],[-35.9111543,-5.8968325],[-35.910947,-5.8956047],[-35.9111279,-5.8948164],[-35.9118639,-5.8944755],[-35.912834,-5.8944313],[-35.9141579,-5.8940448],[-35.9154102,-5.8933982],[-35.9162308,-5.8932581],[-35.9167517,-5.8934587],[-35.9170399,-5.8938934],[-35.9169619,-5.8953857],[-35.9166159,-5.8964654],[-35.9169866,-5.896782],[-35.9222947,-5.8988659],[-35.9216708,-5.8997189],[-35.9204585,-5.9024898],[-35.9200783,-5.9049925],[-35.9192436,-5.9085723],[-35.9440032,-5.9047758],[-35.9443517,-5.9047223],[-35.966676,-5.9012992],[-35.9630595,-5.9591459],[-35.9627596,-5.9611791],[-35.9627026,-5.9638329],[-35.9630527,-5.9661218],[-35.9631043,-5.9664666],[-35.9642399,-5.967948],[-35.9663136,-5.9688387],[-35.9677312,-5.9688451],[-35.9683704,-5.9690513],[-35.9686511,-5.9693274],[-35.9687783,-5.9698702],[-35.9682146,-5.970639],[-35.968187,-5.9710287],[-35.9684965,-5.9714169],[-35.9703294,-5.9714629],[-35.9708313,-5.9716123],[-35.9710975,-5.9719991],[-35.9717894,-5.9743074],[-35.9724419,-5.9755349],[-35.9731547,-5.9764247],[-35.9749784,-5.9778923],[-35.9762434,-5.9785656],[-35.977203,-5.9796631],[-35.9776407,-5.9810185],[-35.9776402,-5.9818877],[-35.9771943,-5.983794],[-35.977414,-5.9843786],[-35.9781789,-5.9852217],[-35.97848,-5.9858589],[-35.9785048,-5.9863279],[-35.9778607,-5.9877615],[-35.9777932,-5.988607],[-35.9779661,-5.9891591],[-35.9784794,-5.9895606],[-35.9797148,-5.9897459],[-35.9810602,-5.9910591],[-35.9820927,-5.9932058],[-35.9823626,-5.9955088],[-35.9839561,-5.9974196],[-35.9841801,-5.9979854],[-35.9819101,-5.9993663],[-35.9812829,-5.9999511],[-35.9807336,-6.0013334],[-35.9792867,-6.0022399],[-35.9795833,-6.0051353],[-35.9795232,-6.0055758],[-35.978882,-6.0062541],[-35.9789096,-6.0080226],[-35.9787538,-6.0085368],[-35.9783318,-6.0089633],[-35.9772225,-6.0094252],[-35.9768915,-6.0103107],[-35.9770239,-6.0118669],[-35.9768311,-6.0143985],[-35.9780845,-6.0168731],[-35.9786235,-6.0172591],[-35.9802945,-6.0175816],[-35.980583,-6.0177484],[-35.9809645,-6.0179691],[-35.9829797,-6.0202047],[-35.9840331,-6.0223143],[-35.9850784,-6.0231742],[-35.98814,-6.0247253],[-35.9884865,-6.0251113],[-35.9884391,-6.0281496],[-35.9896755,-6.0302969],[-35.989909,-6.0321161],[-35.990666,-6.0330282],[-35.9914321,-6.0336215],[-35.9944612,-6.0347725],[-35.9979462,-6.0376601],[-35.998891,-6.03789],[-36.0005918,-6.0379203],[-36.0030847,-6.0395038],[-36.0056466,-6.0414742],[-36.0063532,-6.0426987],[-36.0076618,-6.0473091],[-36.008279,-6.0478409],[-36.0097497,-6.0483134],[-36.0111902,-6.049192],[-36.031832,-6.0693894],[-35.9679303,-6.0348054],[-35.9431778,-6.0209312],[-35.9248041,-6.0106325]]]},"properties":{"CD_MUN":"2401503","NM_MUN":"Barcelona","CD_RGI":"240006","NM_RGI":"São Paulo do Potengi","CD_RGINT":"2401","NM_RGINT":"Natal","CD_UF":"24","NM_UF":"Rio Grande do Norte","SIGLA_UF":"RN","CD_REGIA":"2","NM_REGIA":"Nordeste","SIGLA_RG":"NE","CD_CONCU":"","NM_CONCU":"","AREA_KM2":152.626}},
{"type":"Feature","geometry":{"type":"Polygon","coordinates":[[[-35.4468642,-5.7333584],[-35.447437,-5.7330312],[-35.449148,-5.7320513],[-35.4505745,-5.7309103],[-35.4519744,-5.7296155],[-35.4557657,-5.7235172],[-35.4563681,-5.7218134],[-35.4582069,-5.717838],[-35.4593684,-5.7166466],[-35.4609564,-5.7160212],[-35.463581,-5.7161645],[-35.4662886,-5.7167712],[-35.468091,-5.716867],[-35.4701575,-5.7166518],[-35.4712672,-5.7158224],[-35.4717652,-5.7144283],[-35.4730842,-5.7129277],[-35.4741967,-5.7126652],[-35.4768474,-5.7127576],[-35.4785205,-5.7133171],[-35.4806996,-5.7149051],[-35.4823559,-5.7176296],[-35.4845126,-5.7198895],[-35.4867468,-5.7214768],[-35.488442,-5.7212115],[-35.4901354,-5.7204309],[-35.4907827,-5.7198684],[-35.4911363,-5.7195612],[-35.4922217,-5.7186183],[-35.4930132,-5.7176871],[-35.4941761,-5.716806],[-35.4953932,-5.716439],[-35.496413,-5.7164101],[-35.4974402,-5.7167864],[-35.4984444,-5.7169806],[-35.4999161,-5.7169999],[-35.5190423,-5.7140124],[-35.5287123,-5.712502],[-35.5473552,-5.70959],[-35.5474642,-5.7027456],[-35.5518999,-5.7033471],[-35.5576945,-5.7211301],[-35.5839554,-5.7187423],[-35.585179,-5.718631],[-35.5861684,-5.718541],[-35.6284501,-5.7146922],[-35.6296701,-5.7145811],[-35.6318163,-5.7143856],[-35.6321363,-5.7144324],[-35.6562776,-5.7179829],[-35.6564982,-5.7181144],[-35.6551385,-5.7236327],[-35.654458,-5.7263949],[-35.6433009,-5.7716779],[-35.6387698,-5.7900498],[-35.6354406,-5.803541],[-35.6234191,-5.8223377],[-35.5957984,-5.8654966],[-35.5945259,-5.8674851],[-35.5941671,-5.8676477],[-35.5914528,-5.8688776],[-35.5716161,-5.8726291],[-35.5290102,-5.8818086],[-35.4902141,-5.8327135],[-35.4890278,-5.8312123],[-35.4882684,-5.8304541],[-35.4875012,-5.8296879],[-35.4867412,-5.8300409],[-35.4862347,-5.829872],[-35.485031,-5.8299332],[-35.4804831,-5.8316633],[-35.4788935,-5.8325278],[-35.4715851,-5.8348248],[-35.4658739,-5.8113671],[-35.4656617,-5.8104959],[-35.4645186,-5.8058005],[-35.4644948,-5.8057026],[-35.4642693,-5.8047773],[-35.4642469,-5.8046851],[-35.451512,-5.7524185],[-35.4511294,-5.7508482],[-35.4507649,-5.7493537],[-35.4502891,-5.7474031],[-35.4499902,-5.7461775],[-35.4494488,-5.743958],[-35.4483241,-5.7393453],[-35.4468642,-5.7333584]]]},"properties":{"CD_MUN":"2404606","NM_MUN":"Ielmo Marinho","CD_RGI":"240001","NM_RGI":"Natal","CD_RGINT":"2401","NM_RGINT":"Natal","CD_UF":"24","NM_UF":"Rio Grande do Norte","SIGLA_UF":"RN","CD_REGIA":"2","NM_REGIA":"Nordeste","SIGLA_RG":"NE","CD_CONCU":"","NM_CONCU":"","AREA_KM2":312.028}},
{"type":"Feature","geometry":{"type":"Polygon","coordinates":[[[-38.3395874,-6.0776915],[-38.3458641,-6.0891152],[-38.3453416,-6.0969699],[-38.34873,-6.1227684],[-38.3490575,-6.1234536],[-38.3490549,-6.1235399],[-38.3490409,-6.1240015],[-38.349001,-6.1253195],[-38.3538485,-6.1449976],[-38.3555323,-6.1485002],[-38.3673458,-6.1634366],[-38.3654196,-6.1710848],[-38.3649629,-6.1728968],[-38.3577469,-6.2015474],[-38.3574996,-6.2013833],[-38.3399148,-6.1895931],[-38.311443,-6.1765937],[-38.3110076,-6.1763949],[-38.3103775,-6.1767175],[-38.309053,-6.1773955],[-38.2885442,-6.1879015],[-38.2787787,-6.1808632],[-38.277554,-6.1810385],[-38.249116,-6.1637941],[-38.2495734,-6.1359308],[-38.2639688,-6.116247],[-38.2664342,-6.1128768],[-38.2669657,-6.1121507],[-38.2619591,-6.102319],[-38.2613341,-6.0748677],[-38.263899,-6.0713431],[-38.2658465,-6.0728625],[-38.2672431,-6.0727612],[-38.2695882,-6.0715792],[-38.2733717,-6.0682489],[-38.2749004,-6.0657988],[-38.2749235,-6.065891],[-38.2749345,-6.065935],[-38.2749566,-6.0660232],[-38.2750109,-6.0662399],[-38.2750758,-6.0664991],[-38.2751071,-6.066624],[-38.2751244,-6.0666928],[-38.2751393,-6.0667524],[-38.2756332,-6.0687236],[-38.2770092,-6.0699517],[-38.280813,-6.0714124],[-38.2853876,-6.0708682],[-38.2889603,-6.0720774],[-38.2907892,-6.0731514],[-38.2928456,-6.076786],[-38.2962807,-6.0780961],[-38.3004216,-6.0810777],[-38.3037753,-6.0865227],[-38.3048023,-6.0869674],[-38.3064864,-6.0870328],[-38.3065012,-6.0870334],[-38.3101997,-6.0844379],[-38.3157683,-6.0818947],[-38.318799,-6.0776171],[-38.3198892,-6.0770555],[-38.3199214,-6.0770389],[-38.3270888,-6.0785711],[-38.3308608,-6.0785771],[-38.3324291,-6.078143],[-38.3367509,-6.0803928],[-38.3367599,-6.0803973],[-38.3392626,-6.0785869],[-38.3392637,-6.078584],[-38.3395874,-6.0776915]]]},"properties":{"CD_MUN":"2403301","NM_MUN":"Encanto","CD_RGI":"240010","NM_RGI":"Pau dos Ferros","CD_RGINT":"2403","NM_RGINT":"Mossoró","CD_UF":"24","NM_UF":"Rio Grande do Norte","SIGLA_UF":"RN","CD_REGIA":"2","NM_REGIA":"Nordeste","SIGLA_RG":"NE","CD_CONCU":"","NM_CONCU":"","AREA_KM2":125.749}},
{"type":"Feature","geometry":{"type":"Polygon","coordinates":[[[-35.9521544,-5.2373809],[-35.936684,-5.1746665],[-35.9355253,-5.1720881],[-35.9359667,-5.1717588],[-35.9138718,-5.0821901],[-35.9082574,-5.059478],[-35.9085513,-5.0594553],[-35.9089038,-5.0594212],[-35.9089717,-5.0594146],[-35.9096889,-5.0593817],[-35.9101457,-5.0593484],[-35.910244,-5.0593412],[-35.9106871,-5.0592632],[-35.9111488,-5.0591552],[-35.9116074,-5.0590621],[-35.9121128,-5.0589583],[-35.9125444,-5.0588526],[-35.9128894,-5.0587681],[-35.9136413,-5.0585707],[-35.9142787,-5.0583839],[-35.9154022,-5.0580561],[-35.9163205,-5.0577806],[-35.9176107,-5.0573702],[-35.918619,-5.0570277],[-35.9186888,-5.0570035],[-35.9196547,-5.056669],[-35.9203295,-5.0564196],[-35.9210639,-5.0561368],[-35.9223094,-5.0556769],[-35.923376,-5.055275],[-35.9242277,-5.0549617],[-35.9247369,-5.0547217],[-35.9251049,-5.0545482],[-35.9259961,-5.0541862],[-35.9270897,-5.053741],[-35.927762,-5.053442],[-35.9288435,-5.0530641],[-35.9296004,-5.0527583],[-35.9302495,-5.0524859],[-35.931039,-5.0521481],[-35.931734,-5.0517824],[-35.9324744,-5.0514518],[-35.9326275,-5.0513834],[-35.9334994,-5.0509212],[-35.9338274,-5.0507565],[-35.9339873,-5.0506761],[-35.9342035,-5.0506291],[-35.9343478,-5.0505977],[-35.9343549,-5.0505975],[-35.934523,-5.0505932],[-35.9346287,-5.0506324],[-35.9346416,-5.0506583],[-35.9346701,-5.0507157],[-35.9346869,-5.0508136],[-35.9347087,-5.0508771],[-35.9347945,-5.0509139],[-35.9351701,-5.0508746],[-35.9353541,-5.0508095],[-35.9359484,-5.0505992],[-35.9370076,-5.0501233],[-35.9391542,-5.0491732],[-35.9413788,-5.0481458],[-35.9431736,-5.0471826],[-35.9452822,-5.0461143],[-35.947509,-5.0448135],[-35.9483,-5.0443551],[-35.9488667,-5.0442147],[-35.9494994,-5.0440103],[-35.949925,-5.0439139],[-35.9505052,-5.043827],[-35.9509197,-5.0438232],[-35.9513715,-5.04386],[-35.9520819,-5.0439351],[-35.9524064,-5.044009],[-35.9525677,-5.0441344],[-35.9526972,-5.0442977],[-35.9528322,-5.0444078],[-35.9529952,-5.0444509],[-35.9533196,-5.04448],[-35.9533885,-5.0444829],[-35.9536666,-5.0444948],[-35.9541268,-5.0444831],[-35.9545152,-5.0444282],[-35.9549173,-5.044328],[-35.9550468,-5.0442958],[-35.955898,-5.0440588],[-35.9565934,-5.0438633],[-35.9574433,-5.0436289],[-35.958595,-5.043226],[-35.9591593,-5.0430154],[-35.9594646,-5.0429489],[-35.9599093,-5.0428799],[-35.9604573,-5.0428055],[-35.9609334,-5.0427872],[-35.9612356,-5.042798],[-35.9615681,-5.042832],[-35.9618992,-5.0429353],[-35.9620202,-5.043044],[-35.9622188,-5.0432044],[-35.962396,-5.0432938],[-35.9625125,-5.0433371],[-35.9626181,-5.0434081],[-35.96269,-5.0435209],[-35.9627204,-5.0436297],[-35.9627627,-5.0438208],[-35.9627819,-5.0439118],[-35.9627932,-5.0439657],[-35.9628168,-5.0440571],[-35.962917,-5.0441358],[-35.9631332,-5.0442776],[-35.9633333,-5.0443283],[-35.9634983,-5.0443291],[-35.9635988,-5.0443295],[-35.9639924,-5.0443317],[-35.9647857,-5.0442374],[-35.9654895,-5.0440368],[-35.9667588,-5.0435026],[-35.9680004,-5.042844],[-35.9686407,-5.0425455],[-35.9690836,-5.0423882],[-35.96933,-5.0423037],[-35.9695863,-5.0422897],[-35.9698213,-5.0423722],[-35.9701621,-5.0425585],[-35.9702365,-5.0426182],[-35.970415,-5.0427613],[-35.9707516,-5.0429832],[-35.9710914,-5.0431324],[-35.9715568,-5.0432328],[-35.9718732,-5.0432538],[-35.9724399,-5.04323],[-35.9731312,-5.0431761],[-35.9736325,-5.0431309],[-35.9741596,-5.0430803],[-35.974259,-5.0430608],[-35.9747995,-5.0429547],[-35.9761592,-5.042527],[-35.9772512,-5.0421708],[-35.9780643,-5.0418389],[-35.9783126,-5.0417303],[-35.9784934,-5.0416442],[-35.9788228,-5.0415839],[-35.9790816,-5.0415536],[-35.9797951,-5.0415432],[-35.9802429,-5.0415956],[-35.9802543,-5.0415974],[-35.9806752,-5.0416657],[-35.9809719,-5.0417248],[-35.9811867,-5.0418139],[-35.9813926,-5.0419557],[-35.9815028,-5.0421054],[-35.9815528,-5.0422373],[-35.9815935,-5.042426],[-35.9815914,-5.0425861],[-35.9815545,-5.0427594],[-35.9814874,-5.0428969],[-35.9814024,-5.0430491],[-35.9813081,-5.0432124],[-35.9812693,-5.0433104],[-35.9812686,-5.0433622],[-35.9812866,-5.0434099],[-35.9813229,-5.0434794],[-35.9813784,-5.0435791],[-35.981463,-5.0437193],[-35.9816442,-5.0440198],[-35.9817828,-5.0442303],[-35.9819136,-5.0443747],[-35.9820847,-5.0445227],[-35.9822017,-5.0446088],[-35.9825685,-5.0448748],[-35.982816,-5.045054],[-35.9831439,-5.0452403],[-35.9834692,-5.0453669],[-35.9839069,-5.0455201],[-35.984259,-5.0456277],[-35.9849186,-5.0457161],[-35.9853524,-5.045779],[-35.9859654,-5.0458433],[-35.9871734,-5.045957],[-35.9883281,-5.0460523],[-35.9897496,-5.0461139],[-35.9909955,-5.0461776],[-35.9925951,-5.0462641],[-35.993022,-5.0462918],[-35.993293,-5.0462865],[-35.9937948,-5.0462044],[-35.9946459,-5.0460559],[-35.9956376,-5.0457951],[-35.996344,-5.0456227],[-35.9973953,-5.0453263],[-35.9982658,-5.0450447],[-35.9985985,-5.0449627],[-35.9988855,-5.0449425],[-35.9990038,-5.0449324],[-35.9992249,-5.0449135],[-35.999644,-5.0448968],[-35.9999127,-5.0449153],[-36.0003332,-5.0449799],[-36.0007583,-5.0450919],[-36.0010681,-5.045155],[-36.0013788,-5.0451775],[-36.001933,-5.0452144],[-36.0022805,-5.0451967],[-36.0026674,-5.0451962],[-36.0028228,-5.0451938],[-36.0032858,-5.0452571],[-36.0037599,-5.0453159],[-36.0042331,-5.0454153],[-36.0048104,-5.0455647],[-36.0057928,-5.0458073],[-36.0066878,-5.0460261],[-36.0070357,-5.0461],[-36.0072937,-5.0461585],[-36.0073292,-5.0461772],[-36.0073617,-5.0461943],[-36.0074285,-5.0462632],[-36.0074323,-5.0462765],[-36.0074465,-5.0463256],[-36.0074363,-5.0463737],[-36.0074193,-5.046476],[-36.0074123,-5.0465537],[-36.007421,-5.0466398],[-36.00747,-5.0467817],[-36.0075367,-5.0469209],[-36.0076802,-5.0470492],[-36.0078184,-5.0471243],[-36.0080025,-5.0472172],[-36.0084641,-5.0474408],[-36.0089271,-5.0476294],[-36.0093915,-5.0477931],[-36.0100964,-5.0479761],[-36.0104425,-5.048071],[-36.0107947,-5.0481267],[-36.0110331,-5.0481723],[-36.0112363,-5.048241],[-36.0113726,-5.0483433],[-36.0114257,-5.0484381],[-36.0114586,-5.0485594],[-36.0114885,-5.0486697],[-36.0115588,-5.0487462],[-36.0117277,-5.0488292],[-36.0120207,-5.0489499],[-36.0123608,-5.0490618],[-36.0128609,-5.0492147],[-36.0132482,-5.0493679],[-36.0135022,-5.0494426],[-36.0137711,-5.0494885],[-36.0141038,-5.0495291],[-36.0144871,-5.0495873],[-36.0149474,-5.0496045],[-36.0154276,-5.0496169],[-36.0159121,-5.0496297],[-36.0164138,-5.0496224],[-36.0168325,-5.0496425],[-36.0170866,-5.049661],[-36.0178936,-5.0497599],[-36.0184083,-5.0498214],[-36.0196042,-5.0499748],[-36.0201687,-5.0500672],[-36.0204421,-5.05014],[-36.0206271,-5.0502159],[-36.0208717,-5.0502906],[-36.0210749,-5.0503352],[-36.021859,-5.0504248],[-36.0226293,-5.0504861],[-36.023436,-5.0505429],[-36.0244428,-5.0506515],[-36.0251248,-5.050718],[-36.026683,-5.0508577],[-36.0280431,-5.0509513],[-36.0296763,-5.0511],[-36.0312219,-5.0512336],[-36.0315126,-5.0512563],[-36.0327945,-5.0513568],[-36.0336963,-5.0513881],[-36.0342749,-5.0514069],[-36.0344198,-5.0514116],[-36.0351387,-5.0514167],[-36.0358834,-5.0514269],[-36.0366159,-5.0514486],[-36.0371841,-5.051453],[-36.0375353,-5.0514686],[-36.038001,-5.0524621],[-36.0428148,-5.0627286],[-36.0431171,-5.0633733],[-36.0435,-5.0641902],[-36.0427949,-5.067134],[-36.0427879,-5.0671631],[-36.0427714,-5.0672321],[-36.0427594,-5.0672819],[-36.0427,-5.06753],[-36.0396763,-5.0696146],[-36.0335824,-5.073816],[-36.0413126,-5.082603],[-36.0420676,-5.0838061],[-36.0424871,-5.0868622],[-36.0426344,-5.0904457],[-36.0425352,-5.1086161],[-36.04666,-5.1354258],[-36.0487865,-5.1558152],[-36.0490712,-5.1571984],[-36.0496778,-5.1588386],[-36.0510225,-5.1618431],[-36.0518044,-5.1652767],[-36.0523167,-5.1688859],[-36.0550332,-5.1803706],[-36.0552047,-5.1864985],[-36.0538342,-5.2007938],[-36.0539502,-5.2028133],[-36.0587915,-5.2217796],[-36.0609697,-5.2286989],[-36.0618339,-5.2301205],[-36.0629688,-5.2313882],[-36.0656409,-5.2336889],[-36.0659342,-5.2341187],[-36.0655937,-5.2346821],[-36.0646001,-5.2352949],[-36.0621964,-5.2362944],[-36.0610321,-5.2374347],[-36.0598384,-5.2376712],[-36.0587735,-5.2381336],[-36.0584355,-5.2381175],[-36.0570374,-5.2372997],[-36.0561647,-5.2370257],[-36.0549227,-5.2371556],[-36.0517992,-5.2380827],[-36.0496696,-5.2383238],[-36.0468325,-5.2394493],[-36.0426522,-5.239153],[-36.041041,-5.2395332],[-36.0397952,-5.2404339],[-36.0392147,-5.2412683],[-36.0384686,-5.2431873],[-36.0378468,-5.2442258],[-36.0369511,-5.2450386],[-36.0359612,-5.245434],[-36.0312595,-5.2465306],[-36.0287528,-5.2465231],[-36.027431,-5.2466938],[-36.0256312,-5.2474076],[-36.0250246,-5.2474729],[-36.0243072,-5.2472885],[-36.0229627,-5.2472862],[-36.021925,-5.2480424],[-36.0211521,-5.2497958],[-36.0203639,-5.2502665],[-36.0180701,-5.2510201],[-36.0156862,-5.2520463],[-36.0143572,-5.2529178],[-36.012876,-5.2526839],[-36.0116223,-5.2518683],[-36.0112189,-5.2518658],[-36.0086318,-5.2528648],[-36.0061229,-5.2529899],[-36.0019486,-5.2561093],[-35.9939095,-5.2536423],[-35.9521544,-5.2373809]]]},"properties":{"CD_MUN":"2411601","NM_MUN":"São Bento do Norte","CD_RGI":"240005","NM_RGI":"João Câmara","CD_RGINT":"2401","NM_RGINT":"Natal","CD_UF":"24","NM_UF":"Rio Grande do Norte","SIGLA_UF":"RN","CD_REGIA":"2","NM_REGIA":"Nordeste","SIGLA_RG":"NE","CD_CONCU":"","NM_CONCU":"","AREA_KM2":288.761}},
{"type":"Feature","geometry":{"type":"Polygon","coordinates":[[[-36.7222678,-6.646713],[-36.6977712,-6.6196496],[-36.6945929,-6.6186141],[-36.6906867,-6.6173414],[-36.6690962,-6.6103056],[-36.679748,-6.5793492],[-36.6789762,-6.5513388],[-36.6950618,-6.557893],[-36.7035158,-6.5381993],[-36.7047899,-6.5393414],[-36.7058267,-6.5373994],[-36.7075608,-6.5370452],[-36.7077549,-6.5364717],[-36.708718,-6.5355875],[-36.7104524,-6.5365041],[-36.7118358,-6.5368846],[-36.7124084,-6.536887],[-36.7184339,-6.5329654],[-36.7222041,-6.5293452],[-36.7241748,-6.5281071],[-36.727028,-6.5280604],[-36.7288113,-6.526082],[-36.7298339,-6.5262003],[-36.7309729,-6.5256101],[-36.7323342,-6.5253075],[-36.7339303,-6.525507],[-36.7352272,-6.5250812],[-36.7367362,-6.5250294],[-36.7378835,-6.523126],[-36.7406479,-6.5216721],[-36.7413146,-6.520081],[-36.7413721,-6.519347],[-36.7423653,-6.5181433],[-36.7428692,-6.5167295],[-36.7442649,-6.5166324],[-36.744648,-6.5168258],[-36.7450597,-6.5177484],[-36.7458432,-6.5183896],[-36.7474234,-6.5182144],[-36.7481586,-6.5172472],[-36.7491573,-6.5134176],[-36.7503937,-6.5130399],[-36.7510926,-6.5156211],[-36.7516811,-6.5159676],[-36.7536875,-6.5132722],[-36.7577657,-6.5128332],[-36.7580936,-6.5129478],[-36.7588963,-6.5146642],[-36.7611108,-6.5156708],[-36.7610019,-6.5158326],[-36.7636078,-6.5158442],[-36.7647672,-6.5151348],[-36.7674831,-6.5147447],[-36.7695292,-6.5151103],[-36.7710352,-6.5162765],[-36.7738237,-6.5200727],[-36.7765699,-6.5227576],[-36.7803273,-6.5261934],[-36.7813131,-6.5265625],[-36.7830983,-6.5258588],[-36.7853305,-6.5241766],[-36.7864469,-6.5230683],[-36.7881429,-6.5219166],[-36.7910835,-6.5209519],[-36.7921466,-6.5216681],[-36.7927222,-6.5230517],[-36.7929814,-6.5242993],[-36.7941308,-6.5259069],[-36.7952836,-6.526982],[-36.7969734,-6.5273455],[-36.7981714,-6.5279294],[-36.8000142,-6.5279039],[-36.802442,-6.528482],[-36.8045724,-6.529383],[-36.8056816,-6.5304126],[-36.807008,-6.5322859],[-36.8084268,-6.5337196],[-36.8100232,-6.5347063],[-36.8121131,-6.5351158],[-36.8158508,-6.5351298],[-36.8183411,-6.5354978],[-36.8214089,-6.5364486],[-36.8233664,-6.5364563],[-36.8254996,-6.5369989],[-36.8265635,-6.5375386],[-36.8303582,-6.5377821],[-36.8317501,-6.5378709],[-36.8334585,-6.5383243],[-36.8351487,-6.5384202],[-36.8360825,-6.5386491],[-36.8388451,-6.53768],[-36.8447245,-6.5363683],[-36.8491324,-6.535898],[-36.851541,-6.5353729],[-36.8554109,-6.5348122],[-36.8570149,-6.5343734],[-36.8571076,-6.5333048],[-36.8589781,-6.5331345],[-36.8604939,-6.5327846],[-36.8617856,-6.5323],[-36.8636601,-6.5310609],[-36.8651746,-6.530801],[-36.8664212,-6.5303608],[-36.8688357,-6.5299257],[-36.8727872,-6.52972],[-36.8786206,-6.5286312],[-36.8807595,-6.5279263],[-36.8845094,-6.5253609],[-36.8866535,-6.5236771],[-36.89593,-6.518282],[-36.8974446,-6.5181995],[-36.8980137,-6.5179624],[-36.8991374,-6.5174937],[-36.9023003,-6.5170176],[-36.9053248,-6.517296],[-36.907544,-6.5186408],[-36.9117586,-6.5217313],[-36.9161103,-6.5237987],[-36.9180729,-6.5242524],[-36.921226,-6.5243989],[-36.9229198,-6.5238715],[-36.9246129,-6.5228979],[-36.9255099,-6.5212988],[-36.9266297,-6.5197442],[-36.9297538,-6.5170855],[-36.9342603,-6.5146543],[-36.9362192,-6.5143053],[-36.9376456,-6.5136877],[-36.939249,-6.5133383],[-36.9428476,-6.5148223],[-36.9443531,-6.516612],[-36.9488748,-6.5208159],[-36.9505158,-6.5221153],[-36.9513563,-6.5222708],[-36.9509876,-6.5385599],[-36.9509439,-6.5404906],[-36.9402875,-6.5612652],[-36.9513744,-6.570319],[-36.9495241,-6.5714589],[-36.9474668,-6.57076],[-36.9435045,-6.5711048],[-36.9383969,-6.5742588],[-36.9375953,-6.5752639],[-36.9368996,-6.5776849],[-36.9365394,-6.5780987],[-36.9309749,-6.5775926],[-36.9293968,-6.5799917],[-36.9269413,-6.5846462],[-36.9262306,-6.5871281],[-36.9253884,-6.5876872],[-36.9218272,-6.5875333],[-36.9195199,-6.5891803],[-36.9187394,-6.5905065],[-36.9186619,-6.5919094],[-36.9194964,-6.594162],[-36.9192746,-6.5962699],[-36.9174769,-6.5990349],[-36.9184523,-6.6004464],[-36.9182996,-6.6007984],[-36.9164132,-6.6009999],[-36.9144723,-6.6032064],[-36.9103963,-6.6049441],[-36.909994,-6.6076473],[-36.9066206,-6.6088301],[-36.9052177,-6.6083316],[-36.9045166,-6.6088397],[-36.9025612,-6.6139056],[-36.8985581,-6.6142417],[-36.8953301,-6.6136649],[-36.8930806,-6.6140769],[-36.89306,-6.6142252],[-36.8925723,-6.6178005],[-36.8932567,-6.6218744],[-36.8924229,-6.623214],[-36.8923394,-6.6233482],[-36.8910811,-6.6241801],[-36.8856051,-6.6226192],[-36.8832058,-6.6225851],[-36.8736411,-6.6280479],[-36.8705394,-6.6305625],[-36.8684842,-6.6351224],[-36.8694483,-6.6394842],[-36.8687325,-6.6427118],[-36.8699012,-6.6486892],[-36.8694663,-6.6512166],[-36.8684569,-6.6532822],[-36.8665744,-6.6555709],[-36.8664174,-6.6557623],[-36.8635138,-6.653119],[-36.8581035,-6.6487779],[-36.8524257,-6.6492461],[-36.8445931,-6.6537997],[-36.8435944,-6.6582691],[-36.8378982,-6.6602842],[-36.8360669,-6.6615408],[-36.8331747,-6.664548],[-36.8304854,-6.6693159],[-36.8284417,-6.6710641],[-36.8267537,-6.6714773],[-36.8240723,-6.6742756],[-36.8234484,-6.6759992],[-36.8213224,-6.6768628],[-36.8186556,-6.6767106],[-36.8166882,-6.679581],[-36.8164539,-6.6811131],[-36.8160944,-6.6821266],[-36.8140677,-6.6823152],[-36.8133952,-6.6814882],[-36.7940636,-6.6742585],[-36.7921696,-6.6740818],[-36.7879511,-6.6722062],[-36.7861777,-6.6704609],[-36.7862231,-6.6680152],[-36.7648129,-6.6691996],[-36.7636061,-6.6673037],[-36.7624294,-6.6663543],[-36.7539518,-6.6624109],[-36.752294,-6.6600689],[-36.7495805,-6.6593297],[-36.7491088,-6.6590602],[-36.7489748,-6.6577778],[-36.7494591,-6.6572442],[-36.7490128,-6.6562933],[-36.7472003,-6.6542285],[-36.7448057,-6.6523727],[-36.7444271,-6.6520796],[-36.7222678,-6.646713]]]},"properties":{"CD_MUN":"2405702","NM_MUN":"Jardim do Seridó","CD_RGI":"240007","NM_RGI":"Caicó","CD_RGINT":"2402","NM_RGINT":"Caicó","CD_UF":"24","NM_UF":"Rio Grande do Norte","SIGLA_UF":"RN","CD_REGIA":"2","NM_REGIA":"Nordeste","SIGLA_RG":"NE","CD_CONCU":"","NM_CONCU":"","AREA_KM2":367.645}},
{"type":"Feature","geometry":{"type":"Polygon","coordinates":[[[-35.8318886,-5.3060822],[-35.8402248,-5.2345863],[-35.8400505,-5.2340739],[-35.8397236,-5.2331128],[-35.8397221,-5.2331083],[-35.8396742,-5.233083],[-35.8386281,-5.2300093],[-35.8383215,-5.2294455],[-35.8376762,-5.2272696],[-35.8375443,-5.2268248],[-35.8371201,-5.2255785],[-35.8369789,-5.2251636],[-35.8352431,-5.2200634],[-35.8352664,-5.2200156],[-35.8327303,-5.2125661],[-35.8318646,-5.2100244],[-35.8389857,-5.2116438],[-35.9120256,-5.2282547],[-35.914642,-5.2288498],[-35.9521544,-5.2373809],[-35.9939095,-5.2536423],[-36.0019486,-5.2561093],[-36.0508177,-5.2987559],[-36.0382597,-5.3002967],[-36.0369144,-5.3012398],[-36.012403,-5.3990501],[-36.0127522,-5.3963559],[-36.0113687,-5.3951588],[-36.0022831,-5.3845644],[-36.0011534,-5.3809854],[-36.0016271,-5.3779887],[-36.0003065,-5.3749234],[-35.9960605,-5.3691747],[-35.9948313,-5.3660699],[-35.9944528,-5.3636357],[-35.9944091,-5.3609065],[-35.9939138,-5.3590794],[-35.9929312,-5.3568886],[-35.9920638,-5.3538432],[-35.9909535,-5.3507402],[-35.9894466,-5.3474071],[-35.9849305,-5.343952],[-35.9784557,-5.3446838],[-35.9778431,-5.3440769],[-35.9779583,-5.3413059],[-35.9779792,-5.3408122],[-35.9780089,-5.340109],[-35.9760723,-5.3359978],[-35.9755746,-5.3340846],[-35.9754535,-5.3336192],[-35.9754704,-5.3321015],[-35.9071221,-5.319715],[-35.9066648,-5.3196321],[-35.875023,-5.3138978],[-35.8750201,-5.3138973],[-35.8738428,-5.3136839],[-35.8318886,-5.3060822]]]},"properties":{"CD_MUN":"2408805","NM_MUN":"Parazinho","CD_RGI":"240005","NM_RGI":"João Câmara","CD_RGINT":"2401","NM_RGINT":"Natal","CD_UF":"24","NM_UF":"Rio Grande do Norte","SIGLA_UF":"RN","CD_REGIA":"2","NM_REGIA":"Nordeste","SIGLA_RG":"NE","CD_CONCU":"","NM_CONCU":"","AREA_KM2":231.007}},
{"type":"Feature","geometry":{"type":"Polygon","coordinates":[[[-35.501806,-5.4923037],[-35.5006596,-5.4924944],[-35.4975908,-5.4917307],[-35.4970515,-5.4912874],[-35.496053,-5.4904651],[-35.4955436,-5.4898713],[-35.4941927,-5.4882966],[-35.4925611,-5.4873413],[-35.4900674,-5.486917],[-35.4894945,-5.4870438],[-35.4880291,-5.487981],[-35.4870708,-5.4883587],[-35.4862753,-5.488361],[-35.485604,-5.4881779],[-35.4847379,-5.4875917],[-35.4828157,-5.4856115],[-35.4820462,-5.4850256],[-35.4812779,-5.4847158],[-35.4797774,-5.4846295],[-35.4779293,-5.4854771],[-35.4772272,-5.4856353],[-35.4767479,-5.4855748],[-35.4762683,-5.4852966],[-35.4755945,-5.4844015],[-35.4750829,-5.484278],[-35.4746998,-5.4844018],[-35.47448,-5.4851494],[-35.4741924,-5.485306],[-35.4734899,-5.4849982],[-35.4732018,-5.4850292],[-35.4720563,-5.4858115],[-35.4709059,-5.4858163],[-35.4704902,-5.4856313],[-35.4702979,-5.4853212],[-35.4701009,-5.4841116],[-35.469207,-5.4840836],[-35.4688546,-5.4838376],[-35.4688516,-5.4829983],[-35.4680819,-5.482194],[-35.4680166,-5.4813813],[-35.4678535,-5.4812303],[-35.4671839,-5.4814204],[-35.4669936,-5.4813288],[-35.4667959,-5.4800556],[-35.4668907,-5.4797144],[-35.466729,-5.4794354],[-35.4660259,-5.4793442],[-35.465834,-5.4791597],[-35.4655896,-5.4786418],[-35.4651616,-5.4784168],[-35.4650307,-5.4777956],[-35.4641027,-5.4773951],[-35.4639403,-5.4766827],[-35.4632378,-5.4766853],[-35.4628857,-5.4763757],[-35.4625019,-5.4763781],[-35.4613233,-5.4770967],[-35.4595673,-5.4770106],[-35.4591196,-5.4766398],[-35.4584443,-5.4756784],[-35.4561085,-5.4743527],[-35.4554941,-5.4734026],[-35.4548876,-5.472464],[-35.4547251,-5.4718126],[-35.4548159,-5.4706322],[-35.4546874,-5.470104],[-35.4543351,-5.4698262],[-35.4529604,-5.4696758],[-35.4518793,-5.4704255],[-35.4514953,-5.47052],[-35.4509391,-5.4702956],[-35.4506947,-5.4700889],[-35.4505335,-5.4695933],[-35.4499887,-5.4690674],[-35.449572,-5.4689142],[-35.4486807,-5.4692895],[-35.4482975,-5.4691045],[-35.4481703,-5.4686477],[-35.4475033,-5.4686135],[-35.4470828,-5.4688316],[-35.4463151,-5.4685855],[-35.4447498,-5.4684664],[-35.4440137,-5.4678799],[-35.4435654,-5.4677257],[-35.4411403,-5.4679854],[-35.4407243,-5.4678932],[-35.439755,-5.4672586],[-35.4391905,-5.4671552],[-35.4387748,-5.4673098],[-35.4387117,-5.4675607],[-35.4389727,-5.4684908],[-35.4380167,-5.4693654],[-35.4374435,-5.4696468],[-35.4369324,-5.4696481],[-35.4354619,-5.4691888],[-35.433832,-5.4689156],[-35.4317839,-5.4677421],[-35.4298981,-5.4669138],[-35.4292549,-5.4661066],[-35.4291573,-5.4654864],[-35.4286068,-5.4648573],[-35.4282257,-5.464124],[-35.4275869,-5.4639402],[-35.4267535,-5.4633225],[-35.4250286,-5.4631119],[-35.4243894,-5.4627716],[-35.4242598,-5.462307],[-35.4244491,-5.461747],[-35.4243193,-5.4613744],[-35.4234229,-5.4609749],[-35.4231985,-5.4601981],[-35.4224945,-5.4600786],[-35.4213791,-5.460516],[-35.4209322,-5.460459],[-35.4204179,-5.4600244],[-35.4201943,-5.4595889],[-35.4195534,-5.4591901],[-35.4196147,-5.4585988],[-35.4188162,-5.4583836],[-35.418686,-5.4578253],[-35.4184941,-5.457671],[-35.417695,-5.4576733],[-35.4169911,-5.4572116],[-35.4164485,-5.4571819],[-35.4153015,-5.4579322],[-35.4150469,-5.4579325],[-35.4149814,-5.4574681],[-35.4144369,-5.4571598],[-35.4122336,-5.45723],[-35.4116622,-5.4574256],[-35.4102607,-5.4585113],[-35.4094946,-5.458671],[-35.4088564,-5.4592324],[-35.4087322,-5.4597299],[-35.4088294,-5.4601643],[-35.4094082,-5.4611251],[-35.4091853,-5.4613739],[-35.4082541,-5.4615739],[-35.4080136,-5.4616256],[-35.4074266,-5.4615448],[-35.4069832,-5.4616624],[-35.4064445,-5.4624734],[-35.4056481,-5.4628179],[-35.4042009,-5.4641739],[-35.4041841,-5.4641896],[-35.4035148,-5.4645963],[-35.4018849,-5.4644374],[-35.4009311,-5.465072],[-35.4005798,-5.4650737],[-35.4001319,-5.4647657],[-35.3991417,-5.4646755],[-35.3983097,-5.4641817],[-35.3977986,-5.4641847],[-35.3966908,-5.4648638],[-35.3954721,-5.4650007],[-35.3951525,-5.4653127],[-35.3940673,-5.4652859],[-35.3939344,-5.4651793],[-35.3936826,-5.4649772],[-35.3930744,-5.4648544],[-35.3925769,-5.4649979],[-35.3914234,-5.4665703],[-35.3907535,-5.4668523],[-35.3890919,-5.4669211],[-35.3885153,-5.466458],[-35.3874943,-5.4663996],[-35.3857441,-5.4680824],[-35.3846592,-5.4685223],[-35.3837985,-5.4685888],[-35.3823327,-5.4690295],[-35.3819466,-5.4689064],[-35.3815631,-5.468504],[-35.3813689,-5.4679156],[-35.3815252,-5.4669516],[-35.380342,-5.4661475],[-35.3802112,-5.4657767],[-35.3798913,-5.4655911],[-35.3786503,-5.4659997],[-35.3772748,-5.4658173],[-35.3772716,-5.4653824],[-35.3766966,-5.464983],[-35.376375,-5.4644243],[-35.3757668,-5.4643024],[-35.3722045,-5.4644097],[-35.3708834,-5.4647265],[-35.3701826,-5.4651003],[-35.3693573,-5.4660351],[-35.3653748,-5.4683496],[-35.363767,-5.468798],[-35.3628874,-5.468889],[-35.3620902,-5.4694807],[-35.358864,-5.4694938],[-35.3582279,-5.4696211],[-35.3573986,-5.4700606],[-35.3568253,-5.4706521],[-35.3559077,-5.4722088],[-35.3554295,-5.4727076],[-35.3528181,-5.4748303],[-35.351673,-5.4754874],[-35.350718,-5.476547],[-35.3491601,-5.4775476],[-35.3476912,-5.4781099],[-35.3458621,-5.4782766],[-35.3439905,-5.478809],[-35.342717,-5.4798067],[-35.341344,-5.4813454],[-35.3408742,-5.4820842],[-35.3395975,-5.4823678],[-35.3355498,-5.4843092],[-35.3345305,-5.4851219],[-35.3341157,-5.4852479],[-35.3338301,-5.4856218],[-35.333431,-5.4868275],[-35.3324336,-5.4875206],[-35.3315125,-5.4887056],[-35.3301727,-5.4892072],[-35.3288983,-5.4901463],[-35.3279404,-5.490117],[-35.3263456,-5.4904348],[-35.3255149,-5.4901567],[-35.3239361,-5.4888498],[-35.3234641,-5.4884591],[-35.3214202,-5.4883408],[-35.3162196,-5.4893249],[-35.3147185,-5.4894521],[-35.313954,-5.4898925],[-35.3130969,-5.4910776],[-35.3125861,-5.4912961],[-35.3121156,-5.4912976],[-35.3100678,-5.490656],[-35.3093566,-5.4902835],[-35.3089086,-5.4897873],[-35.3088065,-5.4886683],[-35.3085189,-5.4882362],[-35.3066009,-5.4876844],[-35.3058623,-5.486848],[-35.3053199,-5.4867572],[-35.3044595,-5.4872875],[-35.3036933,-5.4874159],[-35.3014915,-5.4867646],[-35.2998951,-5.4872438],[-35.2983601,-5.4869397],[-35.2974983,-5.4870678],[-35.2968312,-5.4878461],[-35.2960981,-5.4883767],[-35.2959073,-5.4887507],[-35.2960727,-5.4901155],[-35.2965573,-5.4913266],[-35.2963975,-5.4918553],[-35.2960059,-5.4922397],[-35.2942939,-5.492608],[-35.2934342,-5.4931709],[-35.2922216,-5.4934235],[-35.2912649,-5.4941115],[-35.2898278,-5.4939922],[-35.2889043,-5.494463],[-35.2870212,-5.4946217],[-35.2856003,-5.4939429],[-35.2848135,-5.4937322],[-35.2844919,-5.4929263],[-35.2841074,-5.492616],[-35.2835638,-5.4926178],[-35.2820661,-5.4933386],[-35.2817488,-5.4937432],[-35.2815292,-5.4948938],[-35.2808919,-5.4950835],[-35.2805096,-5.4957671],[-35.2796176,-5.4962679],[-35.2793961,-5.4966118],[-35.2794617,-5.4969831],[-35.2800378,-5.4975105],[-35.2800719,-5.4978817],[-35.2793076,-5.4982575],[-35.2791812,-5.4985381],[-35.2794403,-5.4999339],[-35.2794104,-5.500494],[-35.2790944,-5.5010523],[-35.2788714,-5.5012725],[-35.2784237,-5.5013261],[-35.2774662,-5.5010605],[-35.2766344,-5.5010941],[-35.2752321,-5.5016278],[-35.2752407,-5.5017041],[-35.2739793,-5.5031425],[-35.2740192,-5.5037927],[-35.2738507,-5.5039939],[-35.273693,-5.5041211],[-35.2733927,-5.5042791],[-35.2731537,-5.5043806],[-35.2729095,-5.5045383],[-35.2727365,-5.5046655],[-35.2726551,-5.5048996],[-35.2726347,-5.5051438],[-35.2726346,-5.5053214],[-35.2725838,-5.5054491],[-35.2722846,-5.505587],[-35.2720848,-5.5056779],[-35.2719122,-5.5058917],[-35.2719071,-5.5061461],[-35.2719071,-5.5064717],[-35.2719173,-5.5066975],[-35.2719026,-5.5068439],[-35.2718123,-5.5069313],[-35.2716019,-5.5068737],[-35.2712762,-5.5067567],[-35.2709506,-5.5066753],[-35.2707267,-5.5065735],[-35.2704774,-5.5063496],[-35.2701518,-5.5063496],[-35.2699776,-5.5064045],[-35.2696227,-5.5065684],[-35.2695311,-5.5067058],[-35.2695718,-5.506894],[-35.2696481,-5.5070772],[-35.2698872,-5.5072604],[-35.270279,-5.5075555],[-35.270625,-5.5078048],[-35.2706679,-5.5079486],[-35.2707064,-5.5082831],[-35.2706352,-5.5086138],[-35.2708641,-5.5088733],[-35.2713017,-5.509031],[-35.2715459,-5.5091175],[-35.2717033,-5.5091293],[-35.2718817,-5.5093159],[-35.2718123,-5.509529],[-35.2717215,-5.5096925],[-35.2716306,-5.5098741],[-35.2717033,-5.5101648],[-35.2716851,-5.5104918],[-35.2716851,-5.5108733],[-35.2716851,-5.5111639],[-35.2716306,-5.5114001],[-35.271667,-5.5117634],[-35.2716306,-5.5119814],[-35.2716306,-5.5123083],[-35.2715398,-5.5126172],[-35.271449,-5.5128715],[-35.2713582,-5.5130895],[-35.2712673,-5.5134346],[-35.2710675,-5.5137071],[-35.271013,-5.5139796],[-35.270904,-5.5142339],[-35.270904,-5.5144882],[-35.2707224,-5.5149242],[-35.2706497,-5.5153057],[-35.2705407,-5.5157235],[-35.2703045,-5.5160868],[-35.2702137,-5.5164864],[-35.2700321,-5.5168679],[-35.2699049,-5.5172676],[-35.2696324,-5.5177399],[-35.2693236,-5.5180124],[-35.2690329,-5.5182485],[-35.268815,-5.518412],[-35.2685061,-5.5186118],[-35.2681428,-5.5188843],[-35.267725,-5.5190841],[-35.2673585,-5.5193188],[-35.2672211,-5.5194228],[-35.2670905,-5.5195216],[-35.266982,-5.5196037],[-35.2665486,-5.5199476],[-35.2659085,-5.5204483],[-35.2651555,-5.5212674],[-35.2645572,-5.522238],[-35.2638028,-5.5232307],[-35.2629787,-5.5242304],[-35.2624528,-5.5252557],[-35.2622604,-5.5262841],[-35.2620111,-5.5270728],[-35.2617214,-5.527518],[-35.2614701,-5.5277684],[-35.2611564,-5.5279988],[-35.2608595,-5.5282353],[-35.2605003,-5.5285227],[-35.2602848,-5.5285945],[-35.2600014,-5.5289349],[-35.259691,-5.5289756],[-35.2595126,-5.5290974],[-35.2593908,-5.5291181],[-35.2592891,-5.5290927],[-35.2590277,-5.5291872],[-35.2588922,-5.529225],[-35.2587583,-5.5292411],[-35.2586022,-5.5294234],[-35.2585157,-5.5297236],[-35.258453,-5.5300492],[-35.2583811,-5.5303725],[-35.2579142,-5.5305162],[-35.2576448,-5.530606],[-35.2573934,-5.5305521],[-35.2572856,-5.5303725],[-35.2569084,-5.5302827],[-35.2564774,-5.5302647],[-35.256226,-5.5299056],[-35.2561721,-5.5294745],[-35.2561003,-5.5290794],[-35.2561362,-5.5287562],[-35.2563158,-5.5284329],[-35.2565133,-5.5281455],[-35.256675,-5.5278223],[-35.2570521,-5.5277504],[-35.2572676,-5.5279839],[-35.2574113,-5.5278761],[-35.2574652,-5.5276786],[-35.257555,-5.5268165],[-35.2573395,-5.526619],[-35.2569982,-5.5263855],[-35.2566391,-5.5262418],[-35.2559027,-5.5260982],[-35.2556693,-5.5258108],[-35.2556063,-5.52555],[-35.2555435,-5.52529],[-35.255328,-5.5244639],[-35.2551664,-5.5238892],[-35.255346,-5.52353],[-35.2557052,-5.5231888],[-35.2556333,-5.5226679],[-35.255346,-5.5219855],[-35.2551843,-5.5211593],[-35.2549329,-5.5206924],[-35.2542684,-5.5206744],[-35.2539451,-5.5206026],[-35.2536578,-5.5203332],[-35.2535141,-5.5201895],[-35.2534782,-5.5199022],[-35.2538455,-5.5195317],[-35.2561191,-5.51732],[-35.255832,-5.5168688],[-35.2562262,-5.5164491],[-35.256865,-5.5157167],[-35.2574461,-5.5149237],[-35.258198,-5.5135355],[-35.2586954,-5.512296],[-35.2587439,-5.5121751],[-35.2592225,-5.5108481],[-35.2595803,-5.5094364],[-35.2598495,-5.5079869],[-35.260121,-5.5056027],[-35.2602162,-5.5040798],[-35.2602686,-5.5028685],[-35.2602581,-5.5015086],[-35.2601494,-5.4997357],[-35.2599532,-5.4972961],[-35.2597396,-5.4956714],[-35.2596472,-5.4952591],[-35.2594596,-5.4949041],[-35.2593029,-5.4946675],[-35.2589627,-5.4944875],[-35.2587949,-5.4943723],[-35.2582014,-5.4941476],[-35.2580032,-5.4939271],[-35.2577749,-5.4936991],[-35.2577164,-5.4933326],[-35.2577821,-5.4930365],[-35.2579502,-5.4928468],[-35.2582604,-5.4928229],[-35.2586448,-5.492848],[-35.2590232,-5.4928745],[-35.2593456,-5.4928401],[-35.2595432,-5.4926928],[-35.2597713,-5.4923468],[-35.2597723,-5.4923454],[-35.2598198,-5.4922733],[-35.2599879,-5.4916244],[-35.2600799,-5.4907639],[-35.2602789,-5.4898548],[-35.2603519,-5.4895211],[-35.2604388,-5.4882223],[-35.2604188,-5.4877967],[-35.2603755,-5.4868732],[-35.2603993,-5.4848672],[-35.2602046,-5.4840814],[-35.2598875,-5.4835076],[-35.2595073,-5.4827915],[-35.259411,-5.4822892],[-35.2595843,-5.4817138],[-35.2598138,-5.4812525],[-35.26031,-5.4807652],[-35.2606826,-5.4806247],[-35.2609268,-5.4806329],[-35.2614299,-5.480642],[-35.261732,-5.480674],[-35.2621325,-5.4808129],[-35.2622367,-5.4809974],[-35.2623586,-5.4813333],[-35.2624232,-5.4815267],[-35.262533,-5.4818548],[-35.2627536,-5.4820416],[-35.2629586,-5.4820476],[-35.2632291,-5.4820762],[-35.2632766,-5.4820719],[-35.2635905,-5.4820439],[-35.2638043,-5.4821213],[-35.2641921,-5.4823026],[-35.2644375,-5.4824671],[-35.2647384,-5.482628],[-35.2651961,-5.4827591],[-35.2657379,-5.4826634],[-35.2662644,-5.4824361],[-35.2671586,-5.4819035],[-35.2679068,-5.4813232],[-35.2682205,-5.4809809],[-35.2686798,-5.4805058],[-35.2693231,-5.4801506],[-35.2696921,-5.4798643],[-35.2702258,-5.4793975],[-35.2704571,-5.4793537],[-35.2706375,-5.4793319],[-35.270711,-5.4793299],[-35.2708391,-5.4792588],[-35.271023,-5.4791582],[-35.2712008,-5.4790408],[-35.2713509,-5.4789466],[-35.2715003,-5.4788244],[-35.2717147,-5.4788019],[-35.2718871,-5.4788988],[-35.2719254,-5.47905],[-35.2719643,-5.4792288],[-35.2721138,-5.479326],[-35.2722891,-5.4793438],[-35.272462,-5.4792831],[-35.2728383,-5.4790545],[-35.2731878,-5.4786411],[-35.2735866,-5.4781413],[-35.2737295,-5.4778721],[-35.2738915,-5.477567],[-35.2744155,-5.4765463],[-35.2748367,-5.4756352],[-35.2750045,-5.4749353],[-35.2750891,-5.4744708],[-35.2751323,-5.474234],[-35.2752516,-5.4736399],[-35.2753604,-5.4732768],[-35.2754669,-5.4730376],[-35.2756274,-5.4729151],[-35.2758786,-5.4728014],[-35.2760556,-5.472767],[-35.2761804,-5.4727805],[-35.2762696,-5.472733],[-35.2763718,-5.4725445],[-35.2764339,-5.4723403],[-35.2764626,-5.4721598],[-35.2765697,-5.4719723],[-35.2767762,-5.4718994],[-35.2770493,-5.4718369],[-35.277365,-5.471689],[-35.277502,-5.4715222],[-35.277768,-5.4713602],[-35.2780487,-5.4711175],[-35.278274,-5.4708859],[-35.2784107,-5.4705228],[-35.2785189,-5.4701436],[-35.2787517,-5.46976],[-35.2791442,-5.4694342],[-35.2796035,-5.4689456],[-35.2797335,-5.468607],[-35.2798069,-5.4682982],[-35.2798958,-5.4680604],[-35.279957,-5.4678344],[-35.2804388,-5.4673248],[-35.2806898,-5.4669976],[-35.280983,-5.4665907],[-35.281212,-5.4661955],[-35.2815613,-5.4656249],[-35.2817387,-5.4652944],[-35.281832,-5.4649199],[-35.2818982,-5.4646536],[-35.2820621,-5.4644696],[-35.2822405,-5.4643631],[-35.2825343,-5.4643608],[-35.2827998,-5.4644242],[-35.282886,-5.4644447],[-35.2830543,-5.4644006],[-35.283234,-5.464305],[-35.2837018,-5.46394],[-35.2838526,-5.4638223],[-35.2841741,-5.4635714],[-35.2851202,-5.4629079],[-35.2857795,-5.4624583],[-35.2860858,-5.4621096],[-35.2862309,-5.4617834],[-35.2866797,-5.4614192],[-35.2869573,-5.4613473],[-35.2873143,-5.4612592],[-35.2874787,-5.4612187],[-35.2877398,-5.4609923],[-35.2880024,-5.4605602],[-35.2881001,-5.4602793],[-35.2882632,-5.4598099],[-35.2884435,-5.4593984],[-35.288684,-5.4588497],[-35.2889121,-5.458277],[-35.2889232,-5.4582493],[-35.2889396,-5.4581984],[-35.2889952,-5.4580262],[-35.2891549,-5.4575317],[-35.2891558,-5.4575287],[-35.2893915,-5.4567673],[-35.2896069,-5.4558875],[-35.2897561,-5.4551129],[-35.2898424,-5.4542701],[-35.2899707,-5.453181],[-35.2900125,-5.4522792],[-35.2899883,-5.4512429],[-35.2900242,-5.4504704],[-35.2901033,-5.4494648],[-35.290207,-5.4488627],[-35.2903899,-5.4483732],[-35.2906129,-5.4478471],[-35.2908557,-5.4471756],[-35.2909456,-5.4468247],[-35.2910547,-5.4463991],[-35.2910792,-5.4458182],[-35.2910588,-5.4453375],[-35.2910559,-5.4452681],[-35.2909873,-5.4446615],[-35.2909365,-5.4443797],[-35.2909148,-5.4442592],[-35.2908184,-5.4438564],[-35.2907726,-5.4436226],[-35.2908378,-5.4432947],[-35.2910385,-5.4429044],[-35.2912682,-5.4423228],[-35.2913566,-5.441638],[-35.2914976,-5.440841],[-35.2915209,-5.4403431],[-35.2915091,-5.4398322],[-35.2915464,-5.4393924],[-35.2916969,-5.4389329],[-35.2919102,-5.438199],[-35.2920973,-5.4375258],[-35.2922249,-5.4367137],[-35.2924383,-5.4357343],[-35.2926207,-5.4347771],[-35.2929075,-5.4334477],[-35.2930089,-5.4328382],[-35.2930487,-5.4319264],[-35.2930487,-5.4308605],[-35.292925,-5.4298986],[-35.2927917,-5.4288726],[-35.2927336,-5.4281806],[-35.2925486,-5.4275065],[-35.2924412,-5.4270429],[-35.2924119,-5.4266751],[-35.2925782,-5.4263366],[-35.2930082,-5.426029],[-35.2934418,-5.4260643],[-35.2938805,-5.4262471],[-35.2943598,-5.4262985],[-35.2950152,-5.4265162],[-35.295569,-5.4266992],[-35.2962117,-5.4266984],[-35.2966478,-5.4265972],[-35.2972029,-5.4264677],[-35.2977016,-5.4261441],[-35.2980241,-5.425887],[-35.2984268,-5.4254525],[-35.2992716,-5.4243125],[-35.3002389,-5.4227862],[-35.3006707,-5.421654],[-35.3009924,-5.4206529],[-35.3013012,-5.4194091],[-35.3014072,-5.418865],[-35.3017871,-5.4181977],[-35.3020696,-5.4176087],[-35.3023061,-5.4171741],[-35.3026679,-5.416772],[-35.3031072,-5.4166153],[-35.3039,-5.4165674],[-35.3046185,-5.4167034],[-35.3053968,-5.4166857],[-35.3061835,-5.4164102],[-35.3066054,-5.4161746],[-35.3071026,-5.4157837],[-35.3075209,-5.415398],[-35.3075962,-5.4153286],[-35.308045,-5.4147382],[-35.3085607,-5.4138118],[-35.3088033,-5.4131106],[-35.309022,-5.4124909],[-35.3092106,-5.4119692],[-35.3095896,-5.411199],[-35.3100452,-5.4104682],[-35.3103038,-5.4098545],[-35.3104803,-5.4089919],[-35.3106273,-5.4075823],[-35.3106473,-5.4060198],[-35.310648,-5.4059695],[-35.3106416,-5.4057637],[-35.3106067,-5.4046358],[-35.3105333,-5.4034463],[-35.3105571,-5.4027997],[-35.3105315,-5.4023128],[-35.3104217,-5.4015449],[-35.3102995,-5.4008915],[-35.3102969,-5.4008773],[-35.3101774,-5.4002271],[-35.3101106,-5.3996912],[-35.3100908,-5.3992436],[-35.3101058,-5.3989873],[-35.3101215,-5.3987179],[-35.3101448,-5.3981318],[-35.3101291,-5.397527],[-35.3101071,-5.3968337],[-35.3100144,-5.3963319],[-35.3099109,-5.3953129],[-35.3098122,-5.3943057],[-35.3097432,-5.3931793],[-35.3096741,-5.3925684],[-35.309659,-5.3919819],[-35.3097397,-5.3913808],[-35.309941,-5.3906522],[-35.3102414,-5.3901076],[-35.3109265,-5.3893684],[-35.3127595,-5.3876017],[-35.3142577,-5.3860374],[-35.3153981,-5.3845436],[-35.3167547,-5.382927],[-35.3172947,-5.3820645],[-35.3178895,-5.3808857],[-35.3183845,-5.3798226],[-35.3189779,-5.3787629],[-35.3192756,-5.3781352],[-35.3194116,-5.3778303],[-35.3196058,-5.3777427],[-35.3197194,-5.3777977],[-35.3199389,-5.3778518],[-35.3201614,-5.3778057],[-35.3204277,-5.3776013],[-35.32074,-5.3774008],[-35.3210446,-5.3771322],[-35.3212883,-5.377015],[-35.3215064,-5.376946],[-35.3218609,-5.3768775],[-35.3222368,-5.3769274],[-35.3224191,-5.3769948],[-35.322564,-5.3770945],[-35.3228912,-5.3772804],[-35.3232921,-5.3779719],[-35.3234617,-5.3784284],[-35.3237483,-5.3788856],[-35.3241539,-5.3793934],[-35.3244446,-5.3797185],[-35.324645,-5.3798758],[-35.3248896,-5.3801613],[-35.325022,-5.3803791],[-35.3250519,-5.3804284],[-35.3251414,-5.3806728],[-35.3252963,-5.3809217],[-35.3255025,-5.3811331],[-35.3257807,-5.3812023],[-35.3259919,-5.3812574],[-35.3260272,-5.3812891],[-35.3565239,-5.4088973],[-35.3619893,-5.4138451],[-35.3642038,-5.415155],[-35.3657605,-5.4155391],[-35.3680703,-5.415665],[-35.3700269,-5.4151688],[-35.3716851,-5.415261],[-35.3732228,-5.4162186],[-35.3738487,-5.4168634],[-35.3755169,-5.4193976],[-35.377089,-5.4237397],[-35.3784729,-5.4311584],[-35.3794392,-5.4343296],[-35.3809067,-5.4370102],[-35.3837798,-5.4415352],[-35.3874475,-5.4480126],[-35.3879013,-5.4488138],[-35.3879631,-5.4498871],[-35.3879879,-5.450317],[-35.3876812,-5.4525718],[-35.3886697,-5.4518961],[-35.3900732,-5.4512567],[-35.3914729,-5.4497705],[-35.3933008,-5.4469466],[-35.3945972,-5.4465205],[-35.3953539,-5.4457795],[-35.3975201,-5.4429009],[-35.3997467,-5.4403945],[-35.4002328,-5.4396429],[-35.400619,-5.4381991],[-35.4011488,-5.4372399],[-35.4014563,-5.4371647],[-35.403078,-5.4375818],[-35.404928,-5.437519],[-35.4079936,-5.4384074],[-35.4100224,-5.4381994],[-35.4111002,-5.4377213],[-35.4127155,-5.4366889],[-35.4136925,-5.4364829],[-35.4151327,-5.4367038],[-35.416292,-5.437324],[-35.4169346,-5.4374718],[-35.4194562,-5.4376117],[-35.4227193,-5.4386477],[-35.4255818,-5.4393375],[-35.4264574,-5.4397104],[-35.4287794,-5.4417272],[-35.4297085,-5.4427473],[-35.4317203,-5.444241],[-35.4368174,-5.4459205],[-35.4386217,-5.4468142],[-35.440267,-5.4468581],[-35.4410145,-5.4464329],[-35.4422394,-5.4452996],[-35.4439608,-5.4447679],[-35.4454265,-5.4450369],[-35.4468153,-5.4450552],[-35.4487478,-5.4447258],[-35.4503078,-5.4447267],[-35.4545621,-5.4462818],[-35.4576454,-5.4461872],[-35.4600108,-5.4465531],[-35.4635776,-5.4483805],[-35.4672754,-5.4499736],[-35.4715709,-5.4509153],[-35.4738894,-5.451849],[-35.4764455,-5.45261],[-35.4815783,-5.4533656],[-35.499411,-5.4876934],[-35.501806,-5.4923037]]]},"properties":{"CD_MUN":"2407500","NM_MUN":"Maxaranguape","CD_RGI":"240001","NM_RGI":"Natal","CD_RGINT":"2401","NM_RGINT":"Natal","CD_UF":"24","NM_UF":"Rio Grande do Norte","SIGLA_UF":"RN","CD_REGIA":"2","NM_REGIA":"Nordeste","SIGLA_RG":"NE","CD_CONCU":"","NM_CONCU":"","AREA_KM2":132.129}},
{"type":"Feature","geometry":{"type":"Polygon","coordinates":[[[-35.7213801,-6.1731356],[-35.7202114,-6.1764302],[-35.682186,-6.1681726],[-35.6626338,-6.1743872],[-35.6538028,-6.1771941],[-35.6489578,-6.1689618],[-35.6404171,-6.1544501],[-35.6386237,-6.1377194],[-35.638603,-6.1375263],[-35.6251834,-6.1265359],[-35.6050882,-6.1100784],[-35.6028995,-6.1082859],[-35.5888724,-6.0967987],[-35.5905258,-6.0961671],[-35.6015785,-6.0919584],[-35.6068646,-6.0907434],[-35.6129168,-6.0893524],[-35.6859654,-6.0725632],[-35.6906088,-6.0714959],[-35.6923052,-6.0709164],[-35.6941122,-6.070299],[-35.7010335,-6.0679344],[-35.781562,-6.040704],[-35.7813445,-6.0406713],[-35.7817056,-6.0390328],[-35.7842821,-6.0395367],[-35.7840453,-6.0409307],[-35.7840443,-6.0409353],[-35.7840914,-6.0409406],[-35.7986908,-6.0425774],[-35.8053532,-6.0433243],[-35.8225271,-6.0731758],[-35.82321,-6.0743628],[-35.8258004,-6.0788654],[-35.8207566,-6.129362],[-35.8082464,-6.1396583],[-35.7897352,-6.1403484],[-35.7323124,-6.1424891],[-35.7322502,-6.1424914],[-35.7273286,-6.156366],[-35.7213801,-6.1731356]]]},"properties":{"CD_MUN":"2410306","NM_MUN":"Serra Caiada","CD_RGI":"240002","NM_RGI":"Santo Antônio - Passa e Fica - Nova Cruz","CD_RGINT":"2401","NM_RGINT":"Natal","CD_UF":"24","NM_UF":"Rio Grande do Norte","SIGLA_UF":"RN","CD_REGIA":"2","NM_REGIA":"Nordeste","SIGLA_RG":"NE","CD_CONCU":"","NM_CONCU":"","AREA_KM2":230.036}},
{"type":"Feature","geometry":{"type":"Polygon","coordinates":[[[-37.2183627,-6.6197284],[-37.1803979,-6.6139103],[-37.1795753,-6.6137838],[-37.1780554,-6.6145848],[-37.1749374,-6.6139336],[-37.1740721,-6.6152165],[-37.1721965,-6.6158384],[-37.1719567,-6.6171641],[-37.1725799,-6.6179478],[-37.1717176,-6.6187275],[-37.1675036,-6.6181638],[-37.1653924,-6.6193663],[-37.1632075,-6.6191252],[-37.1613282,-6.6206804],[-37.1591344,-6.623446],[-37.1559307,-6.6239794],[-37.1504227,-6.6261373],[-37.1497526,-6.6268],[-37.1489249,-6.6288914],[-37.1462588,-6.6300963],[-37.143553,-6.6346847],[-37.1421226,-6.6352219],[-37.1414023,-6.6367243],[-37.1360704,-6.6435559],[-37.1347763,-6.6498581],[-37.1332231,-6.6508491],[-37.1317243,-6.6525853],[-37.1299019,-6.6522481],[-37.1264642,-6.6550562],[-37.1236974,-6.6556379],[-37.1229113,-6.6581294],[-37.1208148,-6.6600028],[-37.1195984,-6.6601633],[-37.11639,-6.659379],[-37.1151382,-6.6585392],[-37.1122279,-6.6548885],[-37.1106818,-6.6553418],[-37.1094659,-6.6568242],[-37.108116,-6.6599301],[-37.1090251,-6.6623572],[-37.1079725,-6.6644442],[-37.1082625,-6.6655127],[-37.1093842,-6.6667048],[-37.1080362,-6.6697518],[-37.1089079,-6.6712601],[-37.1089463,-6.6722241],[-37.1084848,-6.6728898],[-37.107022,-6.6730299],[-37.1056397,-6.6740704],[-37.1052974,-6.6760766],[-37.1057032,-6.6785262],[-37.1047775,-6.6811134],[-37.1036007,-6.6822274],[-37.1028815,-6.6847293],[-37.100007,-6.6830484],[-37.1000548,-6.6836692],[-37.0966427,-6.685909],[-37.0913355,-6.6867906],[-37.0877221,-6.6899324],[-37.0830132,-6.690915],[-37.084991,-6.697083],[-37.0844823,-6.6994867],[-37.0830822,-6.6990797],[-37.0815794,-6.6992746],[-37.0779708,-6.700713],[-37.0739671,-6.7012988],[-37.0695483,-6.7047073],[-37.0662748,-6.7061366],[-37.0650694,-6.7074338],[-37.0650495,-6.7120925],[-37.0608399,-6.7136787],[-37.0600344,-6.7149779],[-37.0617236,-6.7179908],[-37.0597108,-6.7207354],[-37.0542953,-6.7233184],[-37.0525948,-6.7232134],[-37.0506912,-6.7238561],[-37.0473794,-6.7261471],[-37.0439795,-6.7257325],[-37.0431744,-6.7264306],[-37.042367,-6.7280295],[-37.0421848,-6.7296354],[-37.0404728,-6.7320323],[-37.0367673,-6.7327206],[-37.0352606,-6.7341658],[-37.0208482,-6.722959],[-37.0121854,-6.7162231],[-37.0099855,-6.7145125],[-37.0038553,-6.7097458],[-37.0035912,-6.7096123],[-36.990788,-6.6729509],[-36.9798218,-6.6415649],[-36.9799693,-6.6370514],[-36.9806201,-6.6171364],[-36.9370049,-6.5777794],[-36.9368996,-6.5776849],[-36.9375953,-6.5752639],[-36.9383969,-6.5742588],[-36.9435045,-6.5711048],[-36.9474668,-6.57076],[-36.9495241,-6.5714589],[-36.9513744,-6.570319],[-36.9402875,-6.5612652],[-36.9509439,-6.5404906],[-36.9509876,-6.5385599],[-36.9513563,-6.5222708],[-36.951371,-6.5216395],[-36.9627181,-6.5099686],[-36.9608911,-6.5055017],[-36.9577275,-6.4916717],[-36.9364881,-6.4754345],[-36.9048379,-6.4479241],[-36.8741265,-6.4186713],[-36.8740091,-6.4181122],[-36.8608158,-6.388783],[-36.8733289,-6.3796954],[-36.8863187,-6.342869],[-36.9028053,-6.3417457],[-36.9050456,-6.34027],[-36.9056717,-6.3387129],[-36.9053689,-6.3360686],[-36.9026916,-6.3321097],[-36.9016101,-6.3293846],[-36.9011451,-6.325998],[-36.9021279,-6.3184897],[-36.9029538,-6.3167691],[-36.9056216,-6.3148603],[-36.9069156,-6.3152615],[-36.9085565,-6.3147352],[-36.9121974,-6.3077312],[-36.9171425,-6.3051606],[-36.9172542,-6.3020051],[-36.9181783,-6.2999659],[-36.9225412,-6.2963119],[-36.9237079,-6.2943955],[-36.9258904,-6.2868415],[-36.9264554,-6.2856071],[-36.9297154,-6.2806107],[-36.9300292,-6.2790738],[-36.9292896,-6.2753777],[-36.9256384,-6.2716566],[-36.9234069,-6.2701737],[-36.9199179,-6.2688986],[-36.9178497,-6.2675059],[-36.914632,-6.2605617],[-36.9135501,-6.2557921],[-36.9134167,-6.2547812],[-36.9133411,-6.2502805],[-36.9128291,-6.2482033],[-36.9109953,-6.2445559],[-36.9095667,-6.243205],[-36.8982507,-6.2407695],[-36.8953228,-6.2394006],[-36.8944209,-6.2389273],[-36.9011537,-6.2389313],[-36.9230245,-6.2389454],[-36.9240543,-6.2389462],[-36.9230632,-6.2330374],[-36.9228606,-6.2255953],[-36.9232,-6.2231651],[-36.9238216,-6.2208926],[-36.9269305,-6.2157528],[-36.9319187,-6.2118962],[-36.9382,-6.2065533],[-36.9412762,-6.2032853],[-36.950231,-6.1955952],[-36.9521577,-6.1940809],[-36.9573171,-6.1907638],[-36.9590876,-6.19119],[-36.9680999,-6.1907184],[-36.9710557,-6.191305],[-36.9736656,-6.1925127],[-36.9772229,-6.197198],[-36.9799925,-6.2017839],[-36.9816458,-6.2034052],[-36.9846638,-6.2052037],[-36.9875336,-6.2094072],[-36.9908236,-6.2130153],[-37.0031195,-6.2216917],[-37.0166317,-6.2228164],[-37.0333576,-6.226494],[-37.0451274,-6.2240384],[-37.0457156,-6.2239157],[-37.0479016,-6.2347325],[-37.0486697,-6.2363566],[-37.0508145,-6.2399661],[-37.0808855,-6.2905728],[-37.0813563,-6.2923173],[-37.0809443,-6.2940197],[-37.0754479,-6.3060535],[-37.0753713,-6.3074549],[-37.0816173,-6.3542286],[-37.0818504,-6.3598793],[-37.080993,-6.3652547],[-37.0757342,-6.382839],[-37.0753092,-6.3842604],[-37.0728498,-6.3924812],[-37.0732894,-6.4036393],[-37.0751592,-6.4024012],[-37.0761694,-6.4023499],[-37.0792842,-6.4048043],[-37.0803773,-6.4050287],[-37.0814018,-6.4046865],[-37.081335,-6.403401],[-37.0858349,-6.4052575],[-37.0870866,-6.4061122],[-37.088654,-6.4083782],[-37.090175,-6.4093464],[-37.0916957,-6.4098948],[-37.0934215,-6.4092252],[-37.09476,-6.4098138],[-37.0965192,-6.4120253],[-37.0997924,-6.4129821],[-37.1001806,-6.4160705],[-37.101956,-6.41762],[-37.1408029,-6.4279706],[-37.139679,-6.440679],[-37.1403754,-6.4484809],[-37.1476377,-6.447226],[-37.1528043,-6.4470349],[-37.1569348,-6.444886],[-37.1624927,-6.4445709],[-37.1655011,-6.4431826],[-37.1673823,-6.4428656],[-37.177111,-6.4374412],[-37.1800075,-6.4368421],[-37.1833168,-6.4367931],[-37.1866066,-6.4377758],[-37.1884689,-6.4390067],[-37.1907261,-6.4409391],[-37.1934741,-6.4448885],[-37.1953266,-6.4467561],[-37.1949995,-6.4529381],[-37.1955743,-6.4550317],[-37.1995394,-6.4634625],[-37.2058127,-6.4695296],[-37.2061909,-6.4698953],[-37.2052957,-6.470444],[-37.2050113,-6.4725842],[-37.2035926,-6.4750712],[-37.2027534,-6.4787617],[-37.2048222,-6.4870496],[-37.2052561,-6.4914114],[-37.2050673,-6.4961778],[-37.2058118,-6.4997313],[-37.2024124,-6.5066426],[-37.2022337,-6.5085623],[-37.1998839,-6.5110366],[-37.1992573,-6.513172],[-37.1996368,-6.514745],[-37.2050991,-6.5206332],[-37.2100142,-6.5244294],[-37.2114531,-6.5265258],[-37.2134468,-6.5274295],[-37.2136447,-6.5297049],[-37.2131607,-6.5303932],[-37.2114369,-6.5312483],[-37.2112275,-6.5318421],[-37.2120968,-6.5403356],[-37.2132626,-6.5428998],[-37.2145084,-6.5484811],[-37.2166365,-6.5503161],[-37.2167032,-6.5510064],[-37.2152158,-6.5530361],[-37.2169149,-6.5593975],[-37.2208973,-6.5622397],[-37.2220966,-6.5644833],[-37.2253317,-6.5649083],[-37.2296274,-6.5673737],[-37.2304662,-6.5683422],[-37.2308152,-6.5694521],[-37.2308829,-6.569666],[-37.2306425,-6.5699221],[-37.2183627,-6.6197284]]]},"properties":{"CD_MUN":"2402006","NM_MUN":"Caicó","CD_RGI":"240007","NM_RGI":"Caicó","CD_RGINT":"2402","NM_RGINT":"Caicó","CD_UF":"24","NM_UF":"Rio Grande do Norte","SIGLA_UF":"RN","CD_REGIA":"2","NM_REGIA":"Nordeste","SIGLA_RG":"NE","CD_CONCU":"","NM_CONCU":"","AREA_KM2":1228.583}},
{"type":"Feature","geometry":{"type":"Polygon","coordinates":[[[-38.4813597,-6.3043986],[-38.4810444,-6.3046593],[-38.4564117,-6.3251654],[-38.4576126,-6.3297068],[-38.4565111,-6.3291846],[-38.4526427,-6.3261816],[-38.446858,-6.3191719],[-38.4419101,-6.3157802],[-38.4345916,-6.3129198],[-38.4317948,-6.3097623],[-38.4252797,-6.3060011],[-38.4241614,-6.3047246],[-38.422923,-6.3021706],[-38.4209164,-6.3005823],[-38.4086643,-6.2934575],[-38.4061377,-6.2919312],[-38.399794,-6.2867055],[-38.3988563,-6.2848428],[-38.3995338,-6.2835291],[-38.4023909,-6.2819274],[-38.4035221,-6.2795195],[-38.4028866,-6.2772929],[-38.402137,-6.2759042],[-38.4001822,-6.2746614],[-38.3986799,-6.2742955],[-38.3967644,-6.2742553],[-38.3925548,-6.2746159],[-38.3906014,-6.2734483],[-38.3894387,-6.2717293],[-38.388613,-6.2711446],[-38.3856845,-6.2697553],[-38.382763,-6.2669817],[-38.3792643,-6.2627041],[-38.3814112,-6.2592394],[-38.3813373,-6.2577786],[-38.3799841,-6.2564644],[-38.3763411,-6.2556183],[-38.371852,-6.2485621],[-38.3611167,-6.2288232],[-38.3579287,-6.2178011],[-38.3578838,-6.2176445],[-38.3574996,-6.2013833],[-38.3577469,-6.2015474],[-38.3649629,-6.1728968],[-38.417716,-6.2185674],[-38.4180266,-6.2188363],[-38.4278189,-6.2327779],[-38.42981,-6.2356128],[-38.4303968,-6.2364472],[-38.4337709,-6.2336576],[-38.4348642,-6.2315203],[-38.4368847,-6.2300872],[-38.4484916,-6.2218549],[-38.450834,-6.2243693],[-38.4551286,-6.2272927],[-38.4561752,-6.2291452],[-38.4565472,-6.2298036],[-38.4575544,-6.2303681],[-38.4623286,-6.2314158],[-38.4656562,-6.2427293],[-38.4661528,-6.2444175],[-38.4699433,-6.2527093],[-38.4815252,-6.2520199],[-38.4881873,-6.2831158],[-38.4813597,-6.3043986]]]},"properties":{"CD_MUN":"2402907","NM_MUN":"Coronel João Pessoa","CD_RGI":"240010","NM_RGI":"Pau dos Ferros","CD_RGINT":"2403","NM_RGINT":"Mossoró","CD_UF":"24","NM_UF":"Rio Grande do Norte","SIGLA_UF":"RN","CD_REGIA":"2","NM_REGIA":"Nordeste","SIGLA_RG":"NE","CD_CONCU":"","NM_CONCU":"","AREA_KM2":117.139}},
{"type":"Feature","geometry":{"type":"Polygon","coordinates":[[[-37.3142989,-6.6889744],[-37.2988085,-6.6914769],[-37.2982667,-6.6915644],[-37.283716,-6.6939148],[-37.2876947,-6.7064888],[-37.2888641,-6.7065105],[-37.2901673,-6.7130439],[-37.2856356,-6.7163281],[-37.2799178,-6.7242339],[-37.271807,-6.7286058],[-37.2639208,-6.73217],[-37.2587412,-6.7391247],[-37.2387828,-6.7421469],[-37.2043318,-6.7617339],[-37.2043271,-6.7617324],[-37.1851289,-6.7558554],[-37.1748094,-6.7517689],[-37.1576955,-6.7396331],[-37.1508705,-6.7367518],[-37.1286209,-6.7308819],[-37.1252663,-6.7312532],[-37.1211836,-6.7309203],[-37.1187977,-6.7297302],[-37.1150989,-6.7290127],[-37.1120126,-6.7274369],[-37.1057356,-6.7254666],[-37.0955763,-6.7245057],[-37.0939398,-6.7236441],[-37.0915877,-6.726796],[-37.0874868,-6.7299782],[-37.0871465,-6.7314257],[-37.0831179,-6.7355719],[-37.0831141,-6.7363879],[-37.0840371,-6.7379917],[-37.0838068,-6.7395503],[-37.0828344,-6.7411077],[-37.0784703,-6.7455139],[-37.0764642,-6.7457299],[-37.0761651,-6.7462481],[-37.0769371,-6.7482251],[-37.075509,-6.7503239],[-37.0754171,-6.754134],[-37.0709438,-6.753306],[-37.062944,-6.7509957],[-37.0594232,-6.749425],[-37.0506792,-6.7444141],[-37.0412886,-6.7400625],[-37.0352606,-6.7341658],[-37.0367673,-6.7327206],[-37.0404728,-6.7320323],[-37.0421848,-6.7296354],[-37.042367,-6.7280295],[-37.0431744,-6.7264306],[-37.0439795,-6.7257325],[-37.0473794,-6.7261471],[-37.0506912,-6.7238561],[-37.0525948,-6.7232134],[-37.0542953,-6.7233184],[-37.0597108,-6.7207354],[-37.0617236,-6.7179908],[-37.0600344,-6.7149779],[-37.0608399,-6.7136787],[-37.0650495,-6.7120925],[-37.0650694,-6.7074338],[-37.0662748,-6.7061366],[-37.0695483,-6.7047073],[-37.0739671,-6.7012988],[-37.0779708,-6.700713],[-37.0815794,-6.6992746],[-37.0830822,-6.6990797],[-37.0844823,-6.6994867],[-37.084991,-6.697083],[-37.0830132,-6.690915],[-37.0877221,-6.6899324],[-37.0913355,-6.6867906],[-37.0966427,-6.685909],[-37.1000548,-6.6836692],[-37.100007,-6.6830484],[-37.1028815,-6.6847293],[-37.1036007,-6.6822274],[-37.1047775,-6.6811134],[-37.1057032,-6.6785262],[-37.1052974,-6.6760766],[-37.1056397,-6.6740704],[-37.107022,-6.6730299],[-37.1084848,-6.6728898],[-37.1089463,-6.6722241],[-37.1089079,-6.6712601],[-37.1080362,-6.6697518],[-37.1093842,-6.6667048],[-37.1082625,-6.6655127],[-37.1079725,-6.6644442],[-37.1090251,-6.6623572],[-37.108116,-6.6599301],[-37.1094659,-6.6568242],[-37.1106818,-6.6553418],[-37.1122279,-6.6548885],[-37.1151382,-6.6585392],[-37.11639,-6.659379],[-37.1195984,-6.6601633],[-37.1208148,-6.6600028],[-37.1229113,-6.6581294],[-37.1236974,-6.6556379],[-37.1264642,-6.6550562],[-37.1299019,-6.6522481],[-37.1317243,-6.6525853],[-37.1332231,-6.6508491],[-37.1347763,-6.6498581],[-37.1360704,-6.6435559],[-37.1414023,-6.6367243],[-37.1421226,-6.6352219],[-37.143553,-6.6346847],[-37.1462588,-6.6300963],[-37.1489249,-6.6288914],[-37.1497526,-6.6268],[-37.1504227,-6.6261373],[-37.1559307,-6.6239794],[-37.1591344,-6.623446],[-37.1613282,-6.6206804],[-37.1632075,-6.6191252],[-37.1653924,-6.6193663],[-37.1675036,-6.6181638],[-37.1717176,-6.6187275],[-37.1725799,-6.6179478],[-37.1719567,-6.6171641],[-37.1721965,-6.6158384],[-37.1740721,-6.6152165],[-37.1749374,-6.6139336],[-37.1780554,-6.6145848],[-37.1795753,-6.6137838],[-37.1803979,-6.6139103],[-37.2183627,-6.6197284],[-37.2514318,-6.6468816],[-37.301692,-6.6522295],[-37.3115377,-6.6663047],[-37.3142989,-6.6889744]]]},"properties":{"CD_MUN":"2412104","NM_MUN":"São João do Sabugi","CD_RGI":"240007","NM_RGI":"Caicó","CD_RGINT":"2402","NM_RGINT":"Caicó","CD_UF":"24","NM_UF":"Rio Grande do Norte","SIGLA_UF":"RN","CD_REGIA":"2","NM_REGIA":"Nordeste","SIGLA_RG":"NE","CD_CONCU":"","NM_CONCU":"","AREA_KM2":277.011}},
{"type":"Feature","geometry":{"type":"Polygon","coordinates":[[[-37.3184792,-6.4546691],[-37.3805415,-6.4373072],[-37.3812466,-6.4370965],[-37.3812436,-6.4371094],[-37.3858353,-6.4415272],[-37.3875569,-6.4451399],[-37.3880017,-6.4486336],[-37.3909523,-6.4528424],[-37.3917454,-6.4624559],[-37.3935363,-6.4722007],[-37.394018,-6.4803146],[-37.3946812,-6.4914887],[-37.3957857,-6.5100932],[-37.396215,-6.5125142],[-37.3968914,-6.5142074],[-37.3999866,-6.5194892],[-37.4117002,-6.5295306],[-37.4157096,-6.5318801],[-37.4192922,-6.5331711],[-37.4211872,-6.533298],[-37.4361865,-6.5332434],[-37.4364546,-6.5332424],[-37.4365644,-6.533242],[-37.4445465,-6.5330774],[-37.4448956,-6.5330705],[-37.4647245,-6.5326637],[-37.4681365,-6.5339346],[-37.4736669,-6.5375956],[-37.4823574,-6.5477109],[-37.4831284,-6.5504109],[-37.4829406,-6.5532887],[-37.4819075,-6.5572454],[-37.4805828,-6.5598201],[-37.4787178,-6.5617029],[-37.4760194,-6.562654],[-37.4750574,-6.5634915],[-37.474815,-6.5644509],[-37.4786094,-6.578225],[-37.4785345,-6.5850657],[-37.4798532,-6.5926297],[-37.4801186,-6.5941518],[-37.4797418,-6.5998791],[-37.4797437,-6.5998949],[-37.4803841,-6.6052178],[-37.4800211,-6.606178],[-37.4787602,-6.6072826],[-37.4760003,-6.6081139],[-37.4745329,-6.6179142],[-37.4774088,-6.6374445],[-37.4772159,-6.6419108],[-37.4763632,-6.6447964],[-37.4736238,-6.6493421],[-37.4661909,-6.6599595],[-37.4671382,-6.6635913],[-37.468151,-6.6656343],[-37.4708372,-6.6693003],[-37.4752015,-6.6728224],[-37.4749564,-6.6745009],[-37.4721668,-6.6776945],[-37.4708648,-6.6795258],[-37.4709816,-6.6803367],[-37.4759903,-6.6890452],[-37.4780695,-6.6951709],[-37.4820467,-6.7046096],[-37.4846995,-6.7100374],[-37.4558733,-6.7052522],[-37.4463053,-6.7036642],[-37.426979,-6.7004572],[-37.4073341,-6.6971954],[-37.3999701,-6.699729],[-37.3958355,-6.7003541],[-37.3956997,-6.7003742],[-37.3883206,-6.6998276],[-37.3838316,-6.7004882],[-37.3810936,-6.7004345],[-37.3783557,-6.7003807],[-37.367527,-6.7012059],[-37.3624695,-6.7006237],[-37.3534399,-6.701263],[-37.3480763,-6.7012547],[-37.3427129,-6.7012464],[-37.3384095,-6.7006057],[-37.3319825,-6.6981371],[-37.3142989,-6.6889744],[-37.3115377,-6.6663047],[-37.301692,-6.6522295],[-37.2514318,-6.6468816],[-37.2183627,-6.6197284],[-37.2306425,-6.5699221],[-37.2308829,-6.569666],[-37.2308152,-6.5694521],[-37.2541241,-6.5450066],[-37.2540266,-6.5429943],[-37.2544001,-6.5417026],[-37.2572264,-6.5388455],[-37.2580356,-6.5373004],[-37.2569013,-6.5363172],[-37.2568213,-6.5352194],[-37.2584854,-6.5342796],[-37.2589287,-6.5323756],[-37.2616519,-6.5273103],[-37.2611181,-6.5245854],[-37.2602306,-6.523526],[-37.3005467,-6.475879],[-37.3006378,-6.4757714],[-37.3184792,-6.4546691]]]},"properties":{"CD_MUN":"2413409","NM_MUN":"Serra Negra do Norte","CD_RGI":"240007","NM_RGI":"Caicó","CD_RGINT":"2402","NM_RGINT":"Caicó","CD_UF":"24","NM_UF":"Rio Grande do Norte","SIGLA_UF":"RN","CD_REGIA":"2","NM_REGIA":"Nordeste","SIGLA_RG":"NE","CD_CONCU":"","NM_CONCU":"","AREA_KM2":562.396}},
{"type":"Feature","geometry":{"type":"Polygon","coordinates":[[[-35.7468119,-5.6196922],[-35.7477966,-5.6194304],[-35.7490168,-5.6196493],[-35.7518708,-5.6207039],[-35.7538947,-5.6219362],[-35.7541046,-5.6224565],[-35.7541424,-5.6233869],[-35.7539547,-5.6259045],[-35.7541236,-5.6264633],[-35.7555308,-5.6276919],[-35.7570915,-5.6279649],[-35.7583732,-5.6276784],[-35.7617433,-5.6257773],[-35.7641019,-5.6236824],[-35.7672828,-5.6205017],[-35.7685548,-5.6195336],[-35.7710655,-5.6188796],[-35.7720544,-5.619077],[-35.7728407,-5.6196739],[-35.7732981,-5.620392],[-35.7728112,-5.6220794],[-35.7671011,-5.6260927],[-35.7662429,-5.6271385],[-35.7658338,-5.6283441],[-35.7658012,-5.6297469],[-35.7655594,-5.6310299],[-35.7615034,-5.6356578],[-35.7612576,-5.6365022],[-35.7614274,-5.6376225],[-35.7618849,-5.6382209],[-35.7627916,-5.6384176],[-35.7641512,-5.6382911],[-35.7655095,-5.6378442],[-35.7692922,-5.6360622],[-35.7704848,-5.6356551],[-35.7743982,-5.6353936],[-35.7755108,-5.6350297],[-35.7765897,-5.6339448],[-35.7770658,-5.6328186],[-35.7773869,-5.6310936],[-35.7782467,-5.6298858],[-35.7796843,-5.6288795],[-35.7821105,-5.6275452],[-35.7848659,-5.6268098],[-35.7865962,-5.6266416],[-35.7917479,-5.626737],[-35.7947121,-5.6260809],[-35.797167,-5.6246663],[-35.7991109,-5.6236955],[-35.7999715,-5.6230501],[-35.8020237,-5.6209567],[-35.8030499,-5.6202713],[-35.8056091,-5.6194023],[-35.8063973,-5.619282],[-35.8093044,-5.6188383],[-35.8150745,-5.6187699],[-35.816762,-5.6184409],[-35.8200131,-5.6174242],[-35.8224026,-5.617452],[-35.8249173,-5.6178004],[-35.8258232,-5.6175154],[-35.8266027,-5.6170311],[-35.8271153,-5.6160564],[-35.8280694,-5.6134174],[-35.8291332,-5.6118086],[-35.8299135,-5.6112433],[-35.8312294,-5.6107567],[-35.8326286,-5.6105491],[-35.8379266,-5.6114019],[-35.8409984,-5.6114695],[-35.8461429,-5.610966],[-35.8477506,-5.610195],[-35.8484909,-5.6100316],[-35.8519096,-5.609813],[-35.8536752,-5.6087632],[-35.8544584,-5.6086407],[-35.855159,-5.6087579],[-35.8558329,-5.6093723],[-35.8574403,-5.6117505],[-35.8579768,-5.6120283],[-35.8592929,-5.6121017],[-35.8607372,-5.6118954],[-35.8638695,-5.6118793],[-35.8647334,-5.6116343],[-35.866454,-5.6095033],[-35.8671048,-5.6080973],[-35.8671377,-5.6061328],[-35.8673012,-5.6057326],[-35.8677935,-5.6054473],[-35.8685366,-5.605365],[-35.8700614,-5.6057176],[-35.8723731,-5.6066268],[-35.8732004,-5.6073862],[-35.8734529,-5.6083062],[-35.8732918,-5.6091072],[-35.8726786,-5.6100723],[-35.8704232,-5.6123788],[-35.8696473,-5.613826],[-35.8692849,-5.6153913],[-35.8694196,-5.6173944],[-35.8704653,-5.6215468],[-35.8720465,-5.6240339],[-35.8726677,-5.6246305],[-35.8800611,-5.6281619],[-35.8834542,-5.6309484],[-35.8853116,-5.6319427],[-35.8859299,-5.6319809],[-35.8879832,-5.6313695],[-35.8927958,-5.6289386],[-35.8943277,-5.6275456],[-35.8950502,-5.6264432],[-35.8963207,-5.6250346],[-35.8970185,-5.6245907],[-35.8983768,-5.6243034],[-35.9032469,-5.6257806],[-35.9070579,-5.6269378],[-35.9092937,-5.627989],[-35.9112795,-5.6296611],[-35.9129577,-5.631488],[-35.9138088,-5.6321251],[-35.915115,-5.6326541],[-35.9183868,-5.6328526],[-35.9217861,-5.633753],[-35.9236792,-5.6349347],[-35.9241877,-5.6356961],[-35.9243796,-5.6366138],[-35.9242263,-5.6383288],[-35.9233637,-5.6409598],[-35.9227864,-5.6450309],[-35.9228136,-5.6463272],[-35.9231338,-5.6476063],[-35.92429,-5.6498549],[-35.9251973,-5.6506274],[-35.927394,-5.651857],[-35.9287833,-5.6526352],[-35.9297567,-5.6528658],[-35.9310769,-5.6527593],[-35.9319117,-5.6528892],[-35.9327823,-5.6534262],[-35.9334486,-5.6543346],[-35.9341909,-5.6569289],[-35.9360437,-5.6609689],[-35.9374142,-5.6630663],[-35.9392932,-5.6644298],[-35.9396745,-5.6648756],[-35.9409605,-5.6669292],[-35.9414407,-5.6681892],[-35.9416652,-5.6687785],[-35.9342104,-5.7148749],[-35.9340442,-5.7159043],[-35.941136,-5.7258071],[-35.9415991,-5.7277917],[-35.9396394,-5.7330119],[-35.8828549,-5.7272051],[-35.8320323,-5.7220062],[-35.8310809,-5.7219089],[-35.8255447,-5.7213426],[-35.7850507,-5.7171998],[-35.7770999,-5.716386],[-35.756387,-5.7166615],[-35.7425516,-5.7168441],[-35.6562776,-5.7179829],[-35.6321363,-5.7144324],[-35.6972182,-5.6655883],[-35.7069086,-5.6403689],[-35.7079422,-5.6376792],[-35.7094525,-5.6362727],[-35.7109043,-5.6351986],[-35.7123306,-5.6346308],[-35.714987,-5.6340859],[-35.72331,-5.6328536],[-35.7264372,-5.6313523],[-35.7273889,-5.6313472],[-35.7281741,-5.631343],[-35.7292801,-5.6316326],[-35.7344715,-5.6339394],[-35.7371981,-5.6358902],[-35.7377852,-5.6361402],[-35.7387494,-5.6359804],[-35.7425242,-5.6346714],[-35.7456236,-5.6330218],[-35.7462358,-5.6322125],[-35.7474963,-5.6293084],[-35.7477692,-5.6275391],[-35.7476789,-5.6263635],[-35.7465611,-5.6231603],[-35.7468119,-5.6196922]]]},"properties":{"CD_MUN":"2401602","NM_MUN":"Bento Fernandes","CD_RGI":"240001","NM_RGI":"Natal","CD_RGINT":"2401","NM_RGINT":"Natal","CD_UF":"24","NM_UF":"Rio Grande do Norte","SIGLA_UF":"RN","CD_REGIA":"2","NM_REGIA":"Nordeste","SIGLA_RG":"NE","CD_CONCU":"","NM_CONCU":"","AREA_KM2":301.069}},
{"type":"Feature","geometry":{"type":"Polygon","coordinates":[[[-35.6697641,-6.4156199],[-35.6697569,-6.4156188],[-35.6697623,-6.4155965],[-35.6698139,-6.4153876],[-35.6699643,-6.4151261],[-35.6702082,-6.4149216],[-35.6703073,-6.4147681],[-35.6703936,-6.4146651],[-35.6708171,-6.4143816],[-35.6710342,-6.414224],[-35.6713009,-6.4141036],[-35.6493275,-6.4187154],[-35.649225,-6.419006],[-35.6485729,-6.4188269],[-35.6484085,-6.4194203],[-35.6483443,-6.4193593],[-35.6482848,-6.419259],[-35.6481799,-6.4191714],[-35.6480155,-6.4191056],[-35.6478996,-6.419079],[-35.6476726,-6.4191275],[-35.6475035,-6.4192215],[-35.6474769,-6.4192277],[-35.646638,-6.419046],[-35.6465372,-6.419301],[-35.6290102,-6.4229796],[-35.616476,-6.4256103],[-35.5983758,-6.4271163],[-35.5929605,-6.4275669],[-35.5858257,-6.4281606],[-35.5808011,-6.4285786],[-35.5676204,-6.4296753],[-35.559232,-6.4303727],[-35.5587946,-6.4304097],[-35.5586737,-6.4304197],[-35.5585648,-6.4223755],[-35.5582081,-6.4222814],[-35.5566793,-6.4218781],[-35.5527311,-6.4237925],[-35.5517577,-6.4235044],[-35.544243,-6.4173793],[-35.5550372,-6.3910185],[-35.5807089,-6.3878527],[-35.5929758,-6.3863399],[-35.5930966,-6.3863251],[-35.5969636,-6.3858474],[-35.5970246,-6.3858399],[-35.5971866,-6.3855259],[-35.5983709,-6.3832313],[-35.6149772,-6.3510454],[-35.6155498,-6.3499337],[-35.6169454,-6.3493887],[-35.6179895,-6.3483919],[-35.6271019,-6.3409945],[-35.6277384,-6.3409006],[-35.6295479,-6.3406328],[-35.6314653,-6.3392211],[-35.63384,-6.3364087],[-35.6362796,-6.3345876],[-35.6374831,-6.3310797],[-35.638816,-6.3296723],[-35.6432257,-6.3257564],[-35.6436755,-6.3262433],[-35.6460499,-6.326751],[-35.6474512,-6.3268119],[-35.648331,-6.3265427],[-35.6493358,-6.325527],[-35.6496256,-6.3216963],[-35.6494854,-6.3203331],[-35.6496124,-6.3194523],[-35.6500514,-6.3189196],[-35.6511229,-6.3182788],[-35.6524711,-6.3180839],[-35.6538342,-6.3182278],[-35.6547649,-6.3186946],[-35.6558514,-6.3189567],[-35.6563796,-6.3189555],[-35.6569267,-6.3187319],[-35.6572758,-6.3181366],[-35.657197,-6.3156295],[-35.6576385,-6.3152785],[-35.6595026,-6.3154185],[-35.660186,-6.3153269],[-35.6617986,-6.3145768],[-35.6630204,-6.313582],[-35.664044,-6.3121656],[-35.6658786,-6.3103097],[-35.6663703,-6.3087988],[-35.6673749,-6.3086258],[-35.6690539,-6.3094552],[-35.6700618,-6.310288],[-35.6712461,-6.312462],[-35.671417,-6.3145531],[-35.6708674,-6.3269399],[-35.6698382,-6.3317545],[-35.6699292,-6.3487003],[-35.6822989,-6.3525741],[-35.6830217,-6.3581066],[-35.6829408,-6.3638997],[-35.6792006,-6.3691653],[-35.6787451,-6.3703416],[-35.6768095,-6.3797313],[-35.6771764,-6.3814133],[-35.6805012,-6.3877117],[-35.6811096,-6.3910629],[-35.6785817,-6.3975961],[-35.6781191,-6.4002333],[-35.672534,-6.4082726],[-35.6719365,-6.4101715],[-35.671556,-6.4152326],[-35.6697641,-6.4156199]]]},"properties":{"CD_MUN":"2406205","NM_MUN":"Lagoa d'Anta","CD_RGI":"240002","NM_RGI":"Santo Antônio - Passa e Fica - Nova Cruz","CD_RGINT":"2401","NM_RGINT":"Natal","CD_UF":"24","NM_UF":"Rio Grande do Norte","SIGLA_UF":"RN","CD_REGIA":"2","NM_REGIA":"Nordeste","SIGLA_RG":"NE","CD_CONCU":"","NM_CONCU":"","AREA_KM2":104.065}},
{"type":"Feature","geometry":{"type":"Polygon","coordinates":[[[-35.3096188,-6.4031122],[-35.3153446,-6.3988079],[-35.323595,-6.3926058],[-35.3252278,-6.3913784],[-35.3306998,-6.3872648],[-35.3388928,-6.3811059],[-35.3391763,-6.3799132],[-35.3399766,-6.3781779],[-35.342274,-6.3755674],[-35.3423834,-6.3746996],[-35.3412687,-6.3722194],[-35.3414666,-6.3710401],[-35.3417404,-6.3651919],[-35.3419612,-6.3640511],[-35.3425146,-6.3639094],[-35.3449205,-6.3625763],[-35.34527,-6.3620553],[-35.345663,-6.359791],[-35.3465355,-6.3584182],[-35.3460288,-6.3574295],[-35.345672,-6.3562054],[-35.3460701,-6.3554024],[-35.3462153,-6.3541748],[-35.3451486,-6.353392],[-35.345004,-6.3532859],[-35.3447125,-6.3526738],[-35.3444211,-6.3520617],[-35.3443607,-6.3497028],[-35.3447073,-6.3490408],[-35.3446062,-6.3483806],[-35.3441982,-6.3474865],[-35.344773,-6.3462582],[-35.3445161,-6.3454105],[-35.344711,-6.3441837],[-35.3444052,-6.3432407],[-35.3444023,-6.3423449],[-35.3441461,-6.3413563],[-35.3450967,-6.3404072],[-35.3459685,-6.3387059],[-35.3460272,-6.3383231],[-35.3462145,-6.337101],[-35.3458246,-6.3346226],[-35.342209,-6.3152563],[-35.3455068,-6.3152165],[-35.3472589,-6.3146453],[-35.3489289,-6.3145079],[-35.352108,-6.3126675],[-35.3555275,-6.3099524],[-35.35667,-6.3095511],[-35.3586251,-6.3081125],[-35.3596858,-6.3078709],[-35.3606669,-6.3079446],[-35.3642463,-6.3042763],[-35.3667661,-6.30133],[-35.3674561,-6.2998843],[-35.3673941,-6.2987209],[-35.3669663,-6.2985525],[-35.3663703,-6.2988967],[-35.3653457,-6.2988723],[-35.3649745,-6.2985898],[-35.3649442,-6.2981624],[-35.3660756,-6.2965916],[-35.3660437,-6.2961074],[-35.365872,-6.295738],[-35.3661824,-6.2951674],[-35.3662661,-6.2947387],[-35.3662367,-6.2942847],[-35.3654592,-6.2924652],[-35.3658245,-6.2914108],[-35.3657942,-6.2909843],[-35.3643096,-6.2894812],[-35.3639657,-6.2893406],[-35.3635958,-6.2893419],[-35.3630804,-6.2887751],[-35.3626242,-6.2884923],[-35.3625084,-6.2881514],[-35.3625926,-6.2877804],[-35.3628188,-6.2875809],[-35.3631283,-6.2870094],[-35.3631267,-6.2864394],[-35.3627201,-6.2845913],[-35.3628857,-6.2833376],[-35.3628546,-6.2828543],[-35.3626546,-6.2825415],[-35.3621981,-6.2823155],[-35.3622474,-6.2809771],[-35.3622109,-6.2809079],[-35.3619625,-6.2804379],[-35.3611613,-6.2796999],[-35.3609895,-6.2793314],[-35.3610144,-6.2785345],[-35.3607005,-6.278364],[-35.3604406,-6.2775395],[-35.3600952,-6.2769725],[-35.3595245,-6.2764349],[-35.3588976,-6.276124],[-35.3577542,-6.2750762],[-35.3575929,-6.2745797],[-35.3574765,-6.274221],[-35.3531153,-6.2457035],[-35.3499311,-6.2248793],[-35.3581296,-6.2498125],[-35.369598,-6.2773979],[-35.3884804,-6.3228452],[-35.393052,-6.3298529],[-35.4006612,-6.3415178],[-35.4045916,-6.3599028],[-35.4092084,-6.381516],[-35.386243,-6.3904884],[-35.3729421,-6.4055017],[-35.3594821,-6.4074649],[-35.3559592,-6.4079787],[-35.3556207,-6.4080281],[-35.3543209,-6.4082177],[-35.350219,-6.4088153],[-35.3488392,-6.4073811],[-35.3463009,-6.4057755],[-35.3436604,-6.4051308],[-35.3422606,-6.4052904],[-35.3409611,-6.403982],[-35.3369675,-6.3960931],[-35.3242146,-6.3971499],[-35.3238166,-6.3971829],[-35.3096188,-6.4031122]]]},"properties":{"CD_MUN":"2414704","NM_MUN":"Várzea","CD_RGI":"240002","NM_RGI":"Santo Antônio - Passa e Fica - Nova Cruz","CD_RGINT":"2401","NM_RGINT":"Natal","CD_UF":"24","NM_UF":"Rio Grande do Norte","SIGLA_UF":"RN","CD_REGIA":"2","NM_REGIA":"Nordeste","SIGLA_RG":"NE","CD_CONCU":"","NM_CONCU":"","AREA_KM2":72.684}},
{"type":"Feature","geometry":{"type":"Polygon","coordinates":[[[-37.5830954,-5.2779323],[-37.5485358,-5.2852614],[-37.4639263,-5.3031797],[-37.4259809,-5.3112157],[-37.4234285,-5.3127892],[-37.416716,-5.3169274],[-37.3911511,-5.3326833],[-37.3711537,-5.344995],[-37.3710719,-5.3450454],[-37.3671798,-5.3474416],[-37.295785,-5.3913969],[-37.2961175,-5.3924115],[-37.2970262,-5.3925483],[-37.2968802,-5.3942115],[-37.2975388,-5.3956964],[-37.299477,-5.3967168],[-37.3008419,-5.3963571],[-37.3027115,-5.3971206],[-37.303615,-5.3977294],[-37.3035981,-5.3987799],[-37.3024844,-5.3998961],[-37.2990157,-5.4003106],[-37.298535,-5.4006797],[-37.2984201,-5.4017485],[-37.2969296,-5.4030369],[-37.2974228,-5.4077328],[-37.2941329,-5.4134846],[-37.2932851,-5.4172293],[-37.2933089,-5.4209243],[-37.2946503,-5.4295704],[-37.2962559,-5.4308557],[-37.2982818,-5.4334904],[-37.2998498,-5.4391939],[-37.3014746,-5.4414865],[-37.3019954,-5.4434305],[-37.3013962,-5.4453942],[-37.2997765,-5.4471823],[-37.2989308,-5.4489276],[-37.2984802,-5.4517604],[-37.2990958,-5.4532868],[-37.3008393,-5.4544797],[-37.3006351,-5.4571525],[-37.3016473,-5.4599679],[-37.3010215,-5.4614352],[-37.3020884,-5.4632142],[-37.3011738,-5.4646157],[-37.2997813,-5.465232],[-37.2986787,-5.4663551],[-37.2984863,-5.4699368],[-37.2954005,-5.4739931],[-37.2948145,-5.4755473],[-37.2946706,-5.4778988],[-37.1727593,-5.4904923],[-37.1686852,-5.4745417],[-37.168643,-5.4743758],[-37.1429497,-5.3739039],[-37.1391926,-5.3355706],[-37.1261353,-5.2934245],[-37.1558045,-5.293891],[-37.155839,-5.2938916],[-37.1561121,-5.2403465],[-37.1561433,-5.2342302],[-37.1562964,-5.2042077],[-37.1564879,-5.1666626],[-37.111091,-5.1665542],[-37.1110828,-5.1500056],[-37.105482,-5.1499906],[-37.1054099,-5.1326901],[-37.1112567,-5.13271],[-37.1114052,-5.1246507],[-37.1180458,-5.1218657],[-37.1212481,-5.1194444],[-37.1255444,-5.1153278],[-37.1305411,-5.1111627],[-37.1339151,-5.1079173],[-37.1374079,-5.105352],[-37.1376046,-5.1045757],[-37.1409544,-5.1011828],[-37.1413688,-5.0997296],[-37.142924,-5.0975471],[-37.1433159,-5.0960898],[-37.143613,-5.0937569],[-37.1447137,-5.0901157],[-37.1453931,-5.0893411],[-37.1474357,-5.0855587],[-37.1483139,-5.0830825],[-37.1502809,-5.080708],[-37.1517353,-5.0782806],[-37.1528096,-5.0764876],[-37.1527675,-5.0747878],[-37.1524812,-5.0729388],[-37.1519306,-5.0710901],[-37.1499427,-5.068996],[-37.1497106,-5.0687514],[-37.1491812,-5.0677315],[-37.1485088,-5.0655434],[-37.1480628,-5.0611194],[-37.1486937,-5.0603928],[-37.1503912,-5.0591847],[-37.1517017,-5.0571935],[-37.1520466,-5.0556898],[-37.1527035,-5.0544147],[-37.1528066,-5.0542146],[-37.1529464,-5.0539441],[-37.1532481,-5.0503971],[-37.153108,-5.0484044],[-37.1521934,-5.047041],[-37.1501894,-5.0448502],[-37.148645,-5.0438239],[-37.1484989,-5.0437268],[-37.1468558,-5.0429931],[-37.1433252,-5.0425455],[-37.1422617,-5.0415236],[-37.1417803,-5.0406949],[-37.1412795,-5.038082],[-37.1409135,-5.0380527],[-37.1406493,-5.0380316],[-37.1392962,-5.0375905],[-37.1392146,-5.0375474],[-37.1381859,-5.0370045],[-37.1365916,-5.0353504],[-37.1348863,-5.0332878],[-37.1344535,-5.0324966],[-37.1333469,-5.0316725],[-37.1317555,-5.0304874],[-37.1314786,-5.0297705],[-37.1313936,-5.0283707],[-37.1313216,-5.0271827],[-37.1309086,-5.0257791],[-37.1309086,-5.0252658],[-37.1310295,-5.0249272],[-37.1317025,-5.0246517],[-37.1319999,-5.0243547],[-37.1313237,-5.0219544],[-37.1313657,-5.0213199],[-37.1324493,-5.0194713],[-37.1326706,-5.0182967],[-37.1322403,-5.0117415],[-37.1334193,-5.0092414],[-37.136649,-5.0050526],[-37.140067,-5.0079559],[-37.1447173,-5.0095847],[-37.1498361,-5.0097666],[-37.1535388,-5.010289],[-37.155444,-5.0107306],[-37.159623,-5.0122741],[-37.1619545,-5.0134503],[-37.1627159,-5.0135507],[-37.1638104,-5.0141535],[-37.1649292,-5.015481],[-37.1666943,-5.0150407],[-37.1659693,-5.0031058],[-37.1766621,-4.9702006],[-37.2087695,-4.9916732],[-37.2201102,-4.986404],[-37.2208677,-4.9860517],[-37.3068196,-4.9460807],[-37.3078475,-4.9456022],[-37.3083766,-4.945356],[-37.3120982,-4.943624],[-37.3139172,-4.9427775],[-37.3161529,-4.9429625],[-37.316439,-4.9429631],[-37.3232877,-4.9429785],[-37.3248416,-4.9435098],[-37.32751,-4.9432444],[-37.328596,-4.9427517],[-37.3298706,-4.941235],[-37.3313135,-4.9398725],[-37.3323707,-4.9393772],[-37.3335112,-4.9392155],[-37.3344594,-4.9388556],[-37.3363738,-4.9370445],[-37.3383137,-4.936205],[-37.3390363,-4.9361981],[-37.3452639,-4.9350106],[-37.3472016,-4.9332693],[-37.3487587,-4.9313208],[-37.3504816,-4.9295473],[-37.3514008,-4.9288751],[-37.3562619,-4.9229229],[-37.3589568,-4.920131],[-37.3616538,-4.9169397],[-37.3628716,-4.9148432],[-37.3637349,-4.9117563],[-37.3644261,-4.9100802],[-37.3650723,-4.9074404],[-37.367291,-4.9072608],[-37.3684606,-4.9082237],[-37.3699274,-4.9079983],[-37.3742366,-4.9101577],[-37.3761554,-4.909892],[-37.3919601,-4.9115189],[-37.3932349,-4.9118211],[-37.3943154,-4.9118182],[-37.3979814,-4.9109413],[-37.3986218,-4.9105841],[-37.3992656,-4.9104797],[-37.4011771,-4.9104646],[-37.4030534,-4.9099402],[-37.4030852,-4.9097493],[-37.4031448,-4.909392],[-37.4115955,-4.9058404],[-37.4154212,-4.9070395],[-37.4161639,-4.9078023],[-37.4214175,-4.9070033],[-37.4229557,-4.9094387],[-37.4244645,-4.9099375],[-37.4272596,-4.9114941],[-37.4464459,-4.8809614],[-37.465795,-4.8856146],[-37.4670813,-4.8859247],[-37.4659819,-4.888577],[-37.4667599,-4.8912346],[-37.4682828,-4.8940749],[-37.4686209,-4.8958997],[-37.46844,-4.8973883],[-37.469025,-4.8993275],[-37.4698057,-4.8996969],[-37.4721683,-4.8995671],[-37.4728522,-4.8997709],[-37.4740043,-4.9007536],[-37.4757159,-4.9052556],[-37.478291,-4.9087447],[-37.480479,-4.9108098],[-37.4823403,-4.9132772],[-37.4864718,-4.9159515],[-37.4900614,-4.918943],[-37.4906693,-4.9196897],[-37.4920349,-4.9230679],[-37.4923718,-4.9245446],[-37.4919703,-4.9312351],[-37.4920434,-4.9400014],[-37.491533,-4.9431924],[-37.4920773,-4.9455114],[-37.4937283,-4.9496393],[-37.4946547,-4.96039],[-37.496397,-4.9646748],[-37.4966504,-4.969333],[-37.4954543,-4.9786041],[-37.4960679,-4.9841196],[-37.4984269,-4.9965104],[-37.4980111,-5.0006818],[-37.4959938,-5.0084372],[-37.496402,-5.0096466],[-37.4973751,-5.0106326],[-37.497259,-5.0110424],[-37.4948733,-5.0129241],[-37.4934583,-5.0131912],[-37.4925298,-5.0136594],[-37.4906221,-5.0156812],[-37.4885792,-5.0168963],[-37.4938982,-5.031561],[-37.4942762,-5.0326021],[-37.5246334,-5.1163586],[-37.5256423,-5.1191421],[-37.5259572,-5.1200109],[-37.5303011,-5.1320118],[-37.5619727,-5.2195113],[-37.5622307,-5.2202241],[-37.5830954,-5.2779323]]]},"properties":{"CD_MUN":"2408003","NM_MUN":"Mossoró","CD_RGI":"240009","NM_RGI":"Mossoró","CD_RGINT":"2403","NM_RGINT":"Mossoró","CD_UF":"24","NM_UF":"Rio Grande do Norte","SIGLA_UF":"RN","CD_REGIA":"2","NM_REGIA":"Nordeste","SIGLA_RG":"NE","CD_CONCU":"2408003","NM_CONCU":"Mossoró","AREA_KM2":2099.334}},
{"type":"Feature","geometry":{"type":"Polygon","coordinates":[[[-38.5703774,-6.2929502],[-38.5700376,-6.2943804],[-38.5705501,-6.2988403],[-38.5702964,-6.2999934],[-38.5694949,-6.3004866],[-38.5694786,-6.3004885],[-38.5666288,-6.3008152],[-38.5666249,-6.3008264],[-38.5660227,-6.3025887],[-38.5667178,-6.3044151],[-38.5713809,-6.3059549],[-38.5752961,-6.3086348],[-38.5767128,-6.3104898],[-38.5786638,-6.3147631],[-38.5806057,-6.3155172],[-38.5812962,-6.3162102],[-38.5820985,-6.3192728],[-38.5807125,-6.3253814],[-38.5815423,-6.3310461],[-38.5797188,-6.3351145],[-38.5789073,-6.3415791],[-38.5770754,-6.3474275],[-38.5742924,-6.3486067],[-38.5680723,-6.3502064],[-38.5680436,-6.3502191],[-38.5644277,-6.3518251],[-38.5631878,-6.3527499],[-38.5626118,-6.3546446],[-38.5628572,-6.3555519],[-38.5625059,-6.3556517],[-38.5603766,-6.3546422],[-38.5526633,-6.3545832],[-38.545065,-6.3537574],[-38.5450666,-6.3526714],[-38.5481777,-6.3517963],[-38.5498495,-6.3507025],[-38.5474576,-6.3492899],[-38.5452342,-6.3468869],[-38.545403,-6.3454765],[-38.5450132,-6.3445887],[-38.5386135,-6.3448444],[-38.5341073,-6.3419262],[-38.5337961,-6.3417251],[-38.532623,-6.3417062],[-38.5247836,-6.3451932],[-38.5178784,-6.3457135],[-38.5165993,-6.3462344],[-38.5151519,-6.3471721],[-38.5139251,-6.3487901],[-38.5120854,-6.3522323],[-38.5061997,-6.3565098],[-38.5054212,-6.3565091],[-38.5042515,-6.3561419],[-38.501806,-6.3530605],[-38.5004269,-6.3521774],[-38.4941754,-6.3448173],[-38.4862983,-6.3411717],[-38.484915,-6.340135],[-38.4812291,-6.3373725],[-38.4811381,-6.3373043],[-38.481041,-6.3372315],[-38.4765035,-6.3338305],[-38.4749843,-6.3332455],[-38.473619,-6.3332441],[-38.4725055,-6.3342012],[-38.4712243,-6.3343352],[-38.4698951,-6.3339653],[-38.4661073,-6.3312813],[-38.4583865,-6.3302136],[-38.4577211,-6.3301228],[-38.4576126,-6.3297068],[-38.4564117,-6.3251654],[-38.4810444,-6.3046593],[-38.4813597,-6.3043986],[-38.4922845,-6.2953011],[-38.541775,-6.286302],[-38.5425432,-6.2861624],[-38.5703774,-6.2929502]]]},"properties":{"CD_MUN":"2414753","NM_MUN":"Venha-Ver","CD_RGI":"240010","NM_RGI":"Pau dos Ferros","CD_RGINT":"2403","NM_RGINT":"Mossoró","CD_UF":"24","NM_UF":"Rio Grande do Norte","SIGLA_UF":"RN","CD_REGIA":"2","NM_REGIA":"Nordeste","SIGLA_RG":"NE","CD_CONCU":"","NM_CONCU":"","AREA_KM2":71.621}},
{"type":"Feature","geometry":{"type":"Polygon","coordinates":[[[-36.6990453,-5.5261481],[-36.6652771,-5.5260583],[-36.6459142,-5.5262657],[-36.6448214,-5.5262775],[-36.5878798,-5.528496],[-36.5874613,-5.5285123],[-36.5803737,-5.5287884],[-36.5796101,-5.569553],[-36.5790477,-5.5735619],[-36.5789406,-5.5789241],[-36.5788542,-5.5795383],[-36.5784715,-5.5803637],[-36.576839,-5.5824985],[-36.5727254,-5.5859276],[-36.4928073,-5.5956033],[-36.4699073,-5.5983724],[-36.4674683,-5.5797395],[-36.462813,-5.5442615],[-36.4627042,-5.5434322],[-36.4553963,-5.4877387],[-36.4552388,-5.4865382],[-36.4398685,-5.3698814],[-36.5150038,-5.4019723],[-36.5156261,-5.4022381],[-36.5267811,-5.4076514],[-36.5303426,-5.4093798],[-36.5373818,-5.4127957],[-36.6108889,-5.4077859],[-36.7078961,-5.4011541],[-36.7087576,-5.4010952],[-36.7347384,-5.3993177],[-36.7347416,-5.3993175],[-36.7347459,-5.3993172],[-36.8085281,-5.3942527],[-36.8115732,-5.3940437],[-36.8117956,-5.3940284],[-36.8139765,-5.3938787],[-36.8379872,-5.3922306],[-36.8370863,-5.3942281],[-36.8364117,-5.3978266],[-36.8366662,-5.4007862],[-36.8384315,-5.4037572],[-36.8389625,-5.4046513],[-36.8399146,-5.4074912],[-36.8410563,-5.4091474],[-36.8420625,-5.41009],[-36.8458694,-5.4117569],[-36.8474275,-5.4126573],[-36.8493067,-5.4140937],[-36.8499011,-5.415168],[-36.8500269,-5.4179831],[-36.8502991,-5.4191465],[-36.8579346,-5.4306805],[-36.8603058,-5.4338487],[-36.8603944,-5.4350548],[-36.8600629,-5.4374186],[-36.8600528,-5.4402744],[-36.860405,-5.4423424],[-36.8519188,-5.443478],[-36.8519092,-5.4434793],[-36.8517103,-5.4435059],[-36.7584526,-5.455966],[-36.7558493,-5.4563138],[-36.7548022,-5.4564537],[-36.6997244,-5.4638126],[-36.6992461,-5.5078],[-36.699098,-5.5214258],[-36.6990453,-5.5261481]]]},"properties":{"CD_MUN":"2400307","NM_MUN":"Afonso Bezerra","CD_RGI":"240011","NM_RGI":"Açu","CD_RGINT":"2403","NM_RGINT":"Mossoró","CD_UF":"24","NM_UF":"Rio Grande do Norte","SIGLA_UF":"RN","CD_REGIA":"2","NM_REGIA":"Nordeste","SIGLA_RG":"NE","CD_CONCU":"","NM_CONCU":"","AREA_KM2":576.179}},
{"type":"Feature","geometry":{"type":"Polygon","coordinates":[[[-36.3340463,-5.8898],[-36.3334419,-5.8877474],[-36.3320713,-5.8847793],[-36.330707,-5.8810082],[-36.3301756,-5.8789017],[-36.3299691,-5.8770029],[-36.3300274,-5.8757936],[-36.3304691,-5.8742685],[-36.3319381,-5.8728548],[-36.3335918,-5.8722032],[-36.3358706,-5.87153],[-36.3384165,-5.8712267],[-36.3411255,-5.8711865],[-36.3426932,-5.8714049],[-36.344292,-5.8713874],[-36.3511198,-5.8706291],[-36.3554227,-5.8713073],[-36.3576382,-5.8721084],[-36.3589367,-5.8723238],[-36.3621823,-5.8732345],[-36.363101,-5.8737659],[-36.3649628,-5.8752225],[-36.3659909,-5.8752802],[-36.366912,-5.8751274],[-36.3682147,-5.8746587],[-36.3706046,-5.8730373],[-36.3711503,-5.8721439],[-36.3721281,-5.8714113],[-36.3734043,-5.870813],[-36.3742197,-5.8701852],[-36.375147,-5.869032],[-36.3757977,-5.8687181],[-36.3777541,-5.8667803],[-36.3798541,-5.8640371],[-36.3818663,-5.8610441],[-36.3826534,-5.8594434],[-36.3828869,-5.8587324],[-36.3828508,-5.8568598],[-36.3835493,-5.8541427],[-36.3840808,-5.8534095],[-36.3850471,-5.8526099],[-36.3860572,-5.8522151],[-36.3877104,-5.8519104],[-36.3884439,-5.8519134],[-36.3893135,-5.8523188],[-36.3965122,-5.8575463],[-36.3988434,-5.8588518],[-36.4011342,-5.8596179],[-36.403014,-5.8598506],[-36.405605,-5.8597148],[-36.4069309,-5.8592738],[-36.4075803,-5.8590577],[-36.4148237,-5.8584289],[-36.4227337,-5.8908765],[-36.4240659,-5.8937867],[-36.4241281,-5.8963804],[-36.4244206,-5.8973908],[-36.4259838,-5.8999736],[-36.4266387,-5.9020657],[-36.4265938,-5.9043373],[-36.4267775,-5.9046609],[-36.4295403,-5.9043053],[-36.4299846,-5.9047024],[-36.4312837,-5.9071546],[-36.4328137,-5.9091998],[-36.4338705,-5.9101279],[-36.4354731,-5.9108868],[-36.4750083,-5.9265731],[-36.5076898,-5.9581467],[-36.5287098,-5.9784581],[-36.5403828,-5.9897415],[-36.5474391,-6.0562746],[-36.5364736,-6.0521689],[-36.5217886,-6.0466706],[-36.4958207,-6.0459494],[-36.4934584,-6.0458837],[-36.477069,-6.0454277],[-36.4706628,-6.0452495],[-36.4480073,-6.041975],[-36.4441675,-6.04142],[-36.4442588,-6.0408211],[-36.4443106,-6.0404814],[-36.4448464,-6.0369663],[-36.44873,-6.0114907],[-36.4283451,-6.0166977],[-36.4106438,-6.0212172],[-36.3946768,-6.0129612],[-36.3931778,-5.9974975],[-36.3929427,-5.9950723],[-36.3928653,-5.9942737],[-36.3924477,-5.9899661],[-36.3924282,-5.9897633],[-36.3796276,-5.986591],[-36.3762715,-5.9823199],[-36.3725191,-5.9775444],[-36.3704492,-5.9696721],[-36.3630856,-5.968924],[-36.3736904,-5.9115356],[-36.3720052,-5.8956044],[-36.3385173,-5.9073624],[-36.3386474,-5.9066986],[-36.3385384,-5.9058876],[-36.3380751,-5.9049959],[-36.3359502,-5.9025559],[-36.3346477,-5.9013822],[-36.3336803,-5.9002126],[-36.3332969,-5.8993363],[-36.3331085,-5.8983268],[-36.333458,-5.8960889],[-36.3334164,-5.8948722],[-36.3342562,-5.891426],[-36.3340463,-5.8898]]]},"properties":{"CD_MUN":"2401651","NM_MUN":"Bodó","CD_RGI":"240008","NM_RGI":"Currais Novos","CD_RGINT":"2402","NM_RGINT":"Caicó","CD_UF":"24","NM_UF":"Rio Grande do Norte","SIGLA_UF":"RN","CD_REGIA":"2","NM_REGIA":"Nordeste","SIGLA_RG":"NE","CD_CONCU":"","NM_CONCU":"","AREA_KM2":253.519}},
{"type":"Feature","geometry":{"type":"Polygon","coordinates":[[[-36.860405,-5.4423424],[-36.8610375,-5.4448],[-36.8620884,-5.4468966],[-36.8634754,-5.4489574],[-36.8651475,-5.4502171],[-36.8671327,-5.4511407],[-36.8685418,-5.4521014],[-36.8689585,-5.4529173],[-36.8711483,-5.455369],[-36.8739151,-5.4575689],[-36.8742261,-5.458233],[-36.8742721,-5.4590968],[-36.8737942,-5.4617945],[-36.8740239,-5.4634801],[-36.8739307,-5.4641358],[-36.8745037,-5.4664283],[-36.8738943,-5.4672006],[-36.8717021,-5.4684129],[-36.8711772,-5.4694127],[-36.8694859,-5.4781411],[-36.869675,-5.4802499],[-36.8711171,-5.4834063],[-36.8717301,-5.4843602],[-36.8731722,-5.4859768],[-36.8742676,-5.4864286],[-36.8752835,-5.4862356],[-36.8759436,-5.4863845],[-36.8767669,-5.4869085],[-36.8780706,-5.4883205],[-36.8811079,-5.4907994],[-36.8824246,-5.4916444],[-36.8849802,-5.4924836],[-36.8860655,-5.4932765],[-36.8873965,-5.4959105],[-36.8880339,-5.4981799],[-36.8882779,-5.5022859],[-36.8886229,-5.5030472],[-36.8895408,-5.5040676],[-36.8921247,-5.5057557],[-36.8938961,-5.5071937],[-36.8985002,-5.5122012],[-36.8989415,-5.5131583],[-36.8992071,-5.5137347],[-36.8994572,-5.5150209],[-36.8994937,-5.5182813],[-36.8997944,-5.5195646],[-36.9004009,-5.5209508],[-36.901102,-5.5234716],[-36.9030663,-5.5271845],[-36.9037717,-5.5295592],[-36.9038669,-5.5312864],[-36.9035002,-5.5344959],[-36.9027821,-5.5365195],[-36.9017098,-5.5380966],[-36.9005373,-5.5394276],[-36.8999231,-5.5408069],[-36.8998165,-5.5420902],[-36.9001674,-5.5436235],[-36.9000595,-5.5448575],[-36.8997024,-5.5460914],[-36.899645,-5.5473268],[-36.8999906,-5.550439],[-36.8991174,-5.5533018],[-36.8979411,-5.5552718],[-36.8967182,-5.5566515],[-36.8945294,-5.5581767],[-36.8917816,-5.5597947],[-36.8902512,-5.5613701],[-36.8891765,-5.5638365],[-36.8883196,-5.5653241],[-36.8881558,-5.5656097],[-36.8839791,-5.5689053],[-36.8826002,-5.5707291],[-36.8822929,-5.5720102],[-36.8824899,-5.5732473],[-36.8833479,-5.5751766],[-36.8858201,-5.5793838],[-36.887134,-5.582102],[-36.8891072,-5.5835463],[-36.8915581,-5.5859853],[-36.8923455,-5.5867686],[-36.8931539,-5.5883017],[-36.89345,-5.5899063],[-36.8937981,-5.5917939],[-36.8944023,-5.5936903],[-36.8965675,-5.5978911],[-36.8977777,-5.6012606],[-36.897824,-5.6027907],[-36.8975261,-5.6034823],[-36.860365,-5.6213011],[-36.8158933,-5.6426255],[-36.7509838,-5.6468485],[-36.7507748,-5.6452889],[-36.7497263,-5.6425932],[-36.7495549,-5.6412822],[-36.7496157,-5.6405318],[-36.7503273,-5.6389887],[-36.7528115,-5.6359622],[-36.7535256,-5.6343058],[-36.7535325,-5.6324727],[-36.7533039,-5.6307541],[-36.7534262,-5.6295518],[-36.7539612,-5.6284088],[-36.7549671,-5.6269243],[-36.7559849,-5.6225169],[-36.7568139,-5.6218912],[-36.7579916,-5.6214389],[-36.7592283,-5.621215],[-36.7622266,-5.6214443],[-36.7635271,-5.62123],[-36.7648836,-5.6207766],[-36.7662245,-5.6192919],[-36.7674239,-5.6182688],[-36.7708443,-5.6169648],[-36.771435,-5.6163936],[-36.7717948,-5.6146206],[-36.771738,-5.6139325],[-36.7713294,-5.6129012],[-36.7696909,-5.6103758],[-36.7694059,-5.6084842],[-36.7695908,-5.6078635],[-36.7711567,-5.6064568],[-36.771213,-5.6059356],[-36.7689059,-5.6037524],[-36.7680499,-5.6022853],[-36.7672701,-5.6014652],[-36.7661694,-5.6008058],[-36.765013,-5.6006442],[-36.7587635,-5.6010924],[-36.7574444,-5.6008752],[-36.7559941,-5.6001912],[-36.7550276,-5.5994542],[-36.7543298,-5.5984028],[-36.7534791,-5.595622],[-36.7527848,-5.5941553],[-36.7519822,-5.5931027],[-36.7502613,-5.5918399],[-36.7489722,-5.5912584],[-36.7467094,-5.5914068],[-36.7449648,-5.5920674],[-36.7445104,-5.5920442],[-36.7438487,-5.5916197],[-36.7430517,-5.5894222],[-36.7417675,-5.5865844],[-36.7411316,-5.5856958],[-36.7387606,-5.5842202],[-36.7369501,-5.5835946],[-36.7351114,-5.5832123],[-36.7253385,-5.5737517],[-36.7138298,-5.5569109],[-36.6990453,-5.5261481],[-36.699098,-5.5214258],[-36.6992461,-5.5078],[-36.6997244,-5.4638126],[-36.7548022,-5.4564537],[-36.7558493,-5.4563138],[-36.7584526,-5.455966],[-36.8517103,-5.4435059],[-36.8519092,-5.4434793],[-36.8519188,-5.443478],[-36.860405,-5.4423424]]]},"properties":{"CD_MUN":"2404705","NM_MUN":"Ipanguaçu","CD_RGI":"240011","NM_RGI":"Açu","CD_RGINT":"2403","NM_RGINT":"Mossoró","CD_UF":"24","NM_UF":"Rio Grande do Norte","SIGLA_UF":"RN","CD_REGIA":"2","NM_REGIA":"Nordeste","SIGLA_RG":"NE","CD_CONCU":"","NM_CONCU":"","AREA_KM2":374.245}},
{"type":"Feature","geometry":{"type":"Polygon","coordinates":[[[-36.5601562,-6.8407734],[-36.5611793,-6.8401411],[-36.5620697,-6.8380707],[-36.5679429,-6.8354643],[-36.5693025,-6.829043],[-36.5724357,-6.8257169],[-36.5724397,-6.8247862],[-36.570021,-6.8229101],[-36.5694208,-6.8215511],[-36.5694676,-6.8202957],[-36.5730566,-6.81503],[-36.573973,-6.8098909],[-36.5749512,-6.8084401],[-36.5748821,-6.8062326],[-36.5852799,-6.8064068],[-36.5856921,-6.8064137],[-36.5868636,-6.8064333],[-36.5884064,-6.8055495],[-36.6012956,-6.8057093],[-36.6077406,-6.8028295],[-36.6086172,-6.8024379],[-36.6114788,-6.7997709],[-36.6170004,-6.8004616],[-36.6212859,-6.804269],[-36.6254529,-6.805435],[-36.6342789,-6.8176699],[-36.6360519,-6.8180468],[-36.63681,-6.8182079],[-36.6413319,-6.816399],[-36.6432539,-6.8161016],[-36.6456993,-6.8162895],[-36.6501408,-6.8178442],[-36.651717,-6.8173999],[-36.6542236,-6.8183307],[-36.6557523,-6.8193872],[-36.6566666,-6.820561],[-36.657365,-6.822966],[-36.6570887,-6.8245576],[-36.6587219,-6.8266303],[-36.6602199,-6.8267329],[-36.6702778,-6.8248199],[-36.6708875,-6.8244435],[-36.671357,-6.8223839],[-36.6721975,-6.8186973],[-36.6734536,-6.8173374],[-36.6744732,-6.8175992],[-36.6761992,-6.8172412],[-36.6798618,-6.8192729],[-36.6814688,-6.8221308],[-36.6893855,-6.8282645],[-36.6927007,-6.8331489],[-36.6950017,-6.8335483],[-36.6972539,-6.8333816],[-36.7009284,-6.8319402],[-36.7024464,-6.8305752],[-36.7051395,-6.8240704],[-36.7091985,-6.8195678],[-36.7109191,-6.8160956],[-36.7130682,-6.8161675],[-36.7260208,-6.8166025],[-36.730198,-6.8363961],[-36.739598,-6.863368],[-36.7428327,-6.874099],[-36.7449889,-6.879514],[-36.75022,-6.8894954],[-36.7516514,-6.8915875],[-36.7551871,-6.8950382],[-36.7560645,-6.896325],[-36.757408,-6.8993641],[-36.7599982,-6.9145399],[-36.7621014,-6.9268728],[-36.7652685,-6.9311644],[-36.766499,-6.9343454],[-36.7665439,-6.9358676],[-36.7649713,-6.9402614],[-36.7573446,-6.9517849],[-36.7567633,-6.95299],[-36.7545519,-6.9560025],[-36.7441126,-6.9677737],[-36.7373755,-6.9728086],[-36.7310724,-6.9761873],[-36.7243661,-6.9803828],[-36.7185539,-6.9827348],[-36.7158709,-6.9825585],[-36.7139968,-6.9814919],[-36.7124388,-6.9800192],[-36.7092715,-6.9746886],[-36.6997022,-6.948341],[-36.6946711,-6.9344902],[-36.6919563,-6.9299912],[-36.6910962,-6.9288566],[-36.6892615,-6.9269575],[-36.6872181,-6.9259627],[-36.6732709,-6.9257743],[-36.6709719,-6.9259997],[-36.6608107,-6.9269962],[-36.6548792,-6.9282388],[-36.65376,-6.9284731],[-36.6483307,-6.92961],[-36.6419524,-6.9317459],[-36.6374463,-6.933807],[-36.6233763,-6.9342357],[-36.6165309,-6.9340159],[-36.6144896,-6.9362998],[-36.6114646,-6.9376562],[-36.6097942,-6.9368371],[-36.6049449,-6.9323191],[-36.6036081,-6.930457],[-36.5984088,-6.9203903],[-36.5973222,-6.9165288],[-36.5929847,-6.9112334],[-36.5915542,-6.9104125],[-36.5899186,-6.908695],[-36.5791523,-6.8916489],[-36.5767124,-6.8898396],[-36.5743413,-6.8855376],[-36.5731198,-6.8789807],[-36.5687707,-6.8758844],[-36.5679397,-6.8747966],[-36.5692466,-6.8729068],[-36.5669953,-6.8707021],[-36.5663634,-6.8684343],[-36.5667938,-6.8665919],[-36.5726341,-6.8611899],[-36.573964,-6.8594037],[-36.5740794,-6.8574577],[-36.5715954,-6.8510337],[-36.5697952,-6.8480083],[-36.5662736,-6.8443514],[-36.5601562,-6.8407734]]]},"properties":{"CD_MUN":"2403400","NM_MUN":"Equador","CD_RGI":"240007","NM_RGI":"Caicó","CD_RGINT":"2402","NM_RGINT":"Caicó","CD_UF":"24","NM_UF":"Rio Grande do Norte","SIGLA_UF":"RN","CD_REGIA":"2","NM_REGIA":"Nordeste","SIGLA_RG":"NE","CD_CONCU":"","NM_CONCU":"","AREA_KM2":264.985}},
{"type":"Feature","geometry":{"type":"Polygon","coordinates":[[[-35.9112795,-5.6296611],[-35.9092937,-5.627989],[-35.9070579,-5.6269378],[-35.9032469,-5.6257806],[-35.8983768,-5.6243034],[-35.8970185,-5.6245907],[-35.8963207,-5.6250346],[-35.8950502,-5.6264432],[-35.8943277,-5.6275456],[-35.8927958,-5.6289386],[-35.8879832,-5.6313695],[-35.8859299,-5.6319809],[-35.8853116,-5.6319427],[-35.8834542,-5.6309484],[-35.8800611,-5.6281619],[-35.8726677,-5.6246305],[-35.8720465,-5.6240339],[-35.8704653,-5.6215468],[-35.8694196,-5.6173944],[-35.8692849,-5.6153913],[-35.8696473,-5.613826],[-35.8704232,-5.6123788],[-35.8726786,-5.6100723],[-35.8732918,-5.6091072],[-35.8734529,-5.6083062],[-35.8732004,-5.6073862],[-35.8723731,-5.6066268],[-35.8700614,-5.6057176],[-35.8685366,-5.605365],[-35.8677935,-5.6054473],[-35.8673012,-5.6057326],[-35.8671377,-5.6061328],[-35.8671048,-5.6080973],[-35.866454,-5.6095033],[-35.8647334,-5.6116343],[-35.8638695,-5.6118793],[-35.8607372,-5.6118954],[-35.8592929,-5.6121017],[-35.8579768,-5.6120283],[-35.8574403,-5.6117505],[-35.8558329,-5.6093723],[-35.855159,-5.6087579],[-35.8544584,-5.6086407],[-35.8536752,-5.6087632],[-35.8519096,-5.609813],[-35.8484909,-5.6100316],[-35.8477506,-5.610195],[-35.8461429,-5.610966],[-35.8409984,-5.6114695],[-35.8379266,-5.6114019],[-35.8326286,-5.6105491],[-35.8312294,-5.6107567],[-35.8299135,-5.6112433],[-35.8291332,-5.6118086],[-35.8280694,-5.6134174],[-35.8271153,-5.6160564],[-35.8266027,-5.6170311],[-35.8258232,-5.6175154],[-35.8249173,-5.6178004],[-35.8224026,-5.617452],[-35.8200131,-5.6174242],[-35.816762,-5.6184409],[-35.8150745,-5.6187699],[-35.8093044,-5.6188383],[-35.8063973,-5.619282],[-35.8056091,-5.6194023],[-35.8030499,-5.6202713],[-35.8020237,-5.6209567],[-35.7999715,-5.6230501],[-35.7991109,-5.6236955],[-35.797167,-5.6246663],[-35.7947121,-5.6260809],[-35.7917479,-5.626737],[-35.7865962,-5.6266416],[-35.7848659,-5.6268098],[-35.7821105,-5.6275452],[-35.7796843,-5.6288795],[-35.7782467,-5.6298858],[-35.7773869,-5.6310936],[-35.7770658,-5.6328186],[-35.7765897,-5.6339448],[-35.7755108,-5.6350297],[-35.7743982,-5.6353936],[-35.7704848,-5.6356551],[-35.7692922,-5.6360622],[-35.7655095,-5.6378442],[-35.7641512,-5.6382911],[-35.7627916,-5.6384176],[-35.7618849,-5.6382209],[-35.7614274,-5.6376225],[-35.7612576,-5.6365022],[-35.7615034,-5.6356578],[-35.7655594,-5.6310299],[-35.7658012,-5.6297469],[-35.7658338,-5.6283441],[-35.7662429,-5.6271385],[-35.7671011,-5.6260927],[-35.7728112,-5.6220794],[-35.7732981,-5.620392],[-35.7728407,-5.6196739],[-35.7720544,-5.619077],[-35.7710655,-5.6188796],[-35.7685548,-5.6195336],[-35.7672828,-5.6205017],[-35.7641019,-5.6236824],[-35.7617433,-5.6257773],[-35.7583732,-5.6276784],[-35.7570915,-5.6279649],[-35.7555308,-5.6276919],[-35.7541236,-5.6264633],[-35.7539547,-5.6259045],[-35.7541424,-5.6233869],[-35.7541046,-5.6224565],[-35.7538947,-5.6219362],[-35.7518708,-5.6207039],[-35.7490168,-5.6196493],[-35.7477966,-5.6194304],[-35.7468119,-5.6196922],[-35.746425,-5.5828446],[-35.7461728,-5.5591964],[-35.7461681,-5.558753],[-35.7457429,-5.5195986],[-35.7457401,-5.5193459],[-35.7450602,-5.4582789],[-35.7460142,-5.4579991],[-35.7471941,-5.4581159],[-35.7490068,-5.459218],[-35.750987,-5.459208],[-35.7517668,-5.4589525],[-35.75458,-5.4566966],[-35.7564917,-5.4556143],[-35.7599948,-5.4552573],[-35.7610349,-5.4549386],[-35.7626237,-5.4535799],[-35.7637953,-5.4522646],[-35.7643789,-5.4516093],[-35.7652956,-5.4505834],[-35.76595,-5.4494888],[-35.7668697,-5.4472934],[-35.7674862,-5.4465732],[-35.7694617,-5.4452048],[-35.7711614,-5.4432687],[-35.7718587,-5.4428504],[-35.7724789,-5.4427348],[-35.7730607,-5.4428084],[-35.7747729,-5.4435174],[-35.7753943,-5.4434775],[-35.7758764,-5.4433045],[-35.7772166,-5.4428255],[-35.7775276,-5.4430127],[-35.7781674,-5.4441534],[-35.7824805,-5.4472954],[-35.7828709,-5.4478622],[-35.7833423,-5.4492193],[-35.7840441,-5.4499346],[-35.7847059,-5.4503093],[-35.7857934,-5.4503786],[-35.7862641,-5.4506841],[-35.7878222,-5.4525145],[-35.7884258,-5.4527868],[-35.788971,-5.4533985],[-35.7900112,-5.4533932],[-35.7910851,-5.4526817],[-35.7919787,-5.4529745],[-35.7923547,-5.4540912],[-35.7932539,-5.4552782],[-35.794369,-5.455797],[-35.7953399,-5.4569111],[-35.7963577,-5.4599999],[-35.797925,-5.4611846],[-35.7992647,-5.4618512],[-35.8003814,-5.4621427],[-35.8023936,-5.4636246],[-35.8041027,-5.4637652],[-35.8049589,-5.4642464],[-35.8063743,-5.4646878],[-35.8074134,-5.4644576],[-35.8103924,-5.4657108],[-35.813582,-5.4647269],[-35.8142133,-5.4647787],[-35.8318886,-5.3060822],[-35.8738428,-5.3136839],[-35.8750201,-5.3138973],[-35.875023,-5.3138978],[-35.9066648,-5.3196321],[-35.9071221,-5.319715],[-35.9754704,-5.3321015],[-35.9754535,-5.3336192],[-35.9755746,-5.3340846],[-35.9760723,-5.3359978],[-35.9780089,-5.340109],[-35.9779792,-5.3408122],[-35.9779583,-5.3413059],[-35.9778431,-5.3440769],[-35.9784557,-5.3446838],[-35.9849305,-5.343952],[-35.9894466,-5.3474071],[-35.9909535,-5.3507402],[-35.9920638,-5.3538432],[-35.9929312,-5.3568886],[-35.9939138,-5.3590794],[-35.9944091,-5.3609065],[-35.9944528,-5.3636357],[-35.9948313,-5.3660699],[-35.9960605,-5.3691747],[-36.0003065,-5.3749234],[-36.0016271,-5.3779887],[-36.0011534,-5.3809854],[-36.0022831,-5.3845644],[-36.0113687,-5.3951588],[-36.0127522,-5.3963559],[-36.012403,-5.3990501],[-36.0004056,-5.4151343],[-35.9997448,-5.4160192],[-35.9924082,-5.4637876],[-35.9842615,-5.4792927],[-35.9579893,-5.5335333],[-35.9577947,-5.5338779],[-35.9572435,-5.5350148],[-35.9568872,-5.5357495],[-35.9112795,-5.6296611]]]},"properties":{"CD_MUN":"2405801","NM_MUN":"João Câmara","CD_RGI":"240005","NM_RGI":"João Câmara","CD_RGINT":"2401","NM_RGINT":"Natal","CD_UF":"24","NM_UF":"Rio Grande do Norte","SIGLA_UF":"RN","CD_REGIA":"2","NM_REGIA":"Nordeste","SIGLA_RG":"NE","CD_CONCU":"","NM_CONCU":"","AREA_KM2":714.971}},
{"type":"Feature","geometry":{"type":"Polygon","coordinates":[[[-35.6387698,-5.7900498],[-35.6433009,-5.7716779],[-35.654458,-5.7263949],[-35.6551385,-5.7236327],[-35.6564982,-5.7181144],[-35.6562776,-5.7179829],[-35.7425516,-5.7168441],[-35.756387,-5.7166615],[-35.7770999,-5.716386],[-35.7795786,-5.8151814],[-35.7834169,-5.8236658],[-35.7841302,-5.8252427],[-35.7968181,-5.853289],[-35.7947516,-5.8532139],[-35.7931587,-5.8547006],[-35.7906604,-5.8566769],[-35.7884621,-5.8579777],[-35.7862457,-5.8589798],[-35.7830676,-5.8594818],[-35.7819307,-5.8598678],[-35.7812166,-5.8604194],[-35.7794042,-5.8601764],[-35.7761425,-5.8610159],[-35.774882,-5.8619089],[-35.7737902,-5.8629707],[-35.7679998,-5.8636964],[-35.7670757,-5.864039],[-35.765853,-5.8641294],[-35.7651767,-5.8637941],[-35.7643491,-5.8626376],[-35.7632081,-5.8618813],[-35.7604754,-5.8633753],[-35.7579695,-5.8639573],[-35.7569199,-5.8645965],[-35.7559956,-5.8654033],[-35.752191,-5.8669629],[-35.7517278,-5.8675979],[-35.7512353,-5.8698838],[-35.7506481,-5.8706889],[-35.7490897,-5.8708997],[-35.7450675,-5.8711597],[-35.743905,-5.8714483],[-35.7421226,-5.872273],[-35.7399605,-5.8720861],[-35.7387691,-5.8715918],[-35.7362267,-5.8690679],[-35.7353202,-5.8689691],[-35.7335087,-5.8693985],[-35.7325048,-5.8693466],[-35.7298785,-5.8684038],[-35.7283422,-5.8686015],[-35.7274138,-5.8681851],[-35.7256007,-5.8679385],[-35.7243358,-5.8680714],[-35.7223178,-5.8690523],[-35.72141,-5.8686977],[-35.7203295,-5.8646704],[-35.7201546,-5.8632906],[-35.7197125,-5.8620111],[-35.7188366,-5.8610289],[-35.7177673,-5.8606685],[-35.7162212,-5.8606472],[-35.7151014,-5.8613572],[-35.7143759,-5.8624308],[-35.7135472,-5.8627038],[-35.7126765,-5.8624822],[-35.7118853,-5.861668],[-35.7108435,-5.861082],[-35.7096889,-5.860892],[-35.7088529,-5.8612767],[-35.7082344,-5.8619627],[-35.7038664,-5.8614678],[-35.7035134,-5.8618082],[-35.7035967,-5.862633],[-35.7039879,-5.86352],[-35.7038277,-5.864172],[-35.7033914,-5.8644374],[-35.7026609,-5.8644241],[-35.7014982,-5.8638042],[-35.7012234,-5.8639179],[-35.7008921,-5.8651948],[-35.7005694,-5.8655223],[-35.7002198,-5.8655734],[-35.6990691,-5.8650795],[-35.6984956,-5.8651814],[-35.6979878,-5.8670055],[-35.697358,-5.8679158],[-35.6964538,-5.8678299],[-35.6940108,-5.8682042],[-35.692528,-5.8701623],[-35.6916261,-5.8708919],[-35.6905411,-5.8708064],[-35.6895404,-5.8699943],[-35.6884523,-5.8695463],[-35.6867765,-5.8693271],[-35.6845146,-5.8693376],[-35.6832473,-5.8689804],[-35.6827855,-5.8673509],[-35.6830962,-5.8661252],[-35.66989,-5.8036366],[-35.6679167,-5.7943097],[-35.6659709,-5.7946337],[-35.6647041,-5.7946412],[-35.663803,-5.7950077],[-35.6630864,-5.7968252],[-35.6623627,-5.7968296],[-35.6585057,-5.7946242],[-35.6559664,-5.7934579],[-35.6527498,-5.7926117],[-35.6520497,-5.7921769],[-35.6492189,-5.7923548],[-35.6473611,-5.7915023],[-35.6467263,-5.7914139],[-35.645918,-5.7928694],[-35.6451042,-5.7930552],[-35.6442751,-5.792589],[-35.6422438,-5.7908463],[-35.6416113,-5.7908492],[-35.6409239,-5.7897392],[-35.6400628,-5.7890413],[-35.6392514,-5.7893175],[-35.6387698,-5.7900498]]]},"properties":{"CD_MUN":"2409332","NM_MUN":"Santa Maria","CD_RGI":"240006","NM_RGI":"São Paulo do Potengi","CD_RGINT":"2401","NM_RGINT":"Natal","CD_UF":"24","NM_UF":"Rio Grande do Norte","SIGLA_UF":"RN","CD_REGIA":"2","NM_REGIA":"Nordeste","SIGLA_RG":"NE","CD_CONCU":"","NM_CONCU":"","AREA_KM2":219.57}},
{"type":"Feature","geometry":{"type":"Polygon","coordinates":[[[-37.7089966,-6.177004],[-37.7075242,-6.1768554],[-37.7061861,-6.17741],[-37.7040766,-6.179616],[-37.7000699,-6.1851178],[-37.6981827,-6.1866031],[-37.6958805,-6.1872866],[-37.6889406,-6.1869435],[-37.6801587,-6.1891468],[-37.6801515,-6.189142],[-37.6800915,-6.189157],[-37.6731701,-6.1905803],[-37.6630823,-6.1910184],[-37.6544098,-6.1898349],[-37.6467119,-6.1893923],[-37.6445498,-6.1884136],[-37.642819,-6.1870591],[-37.6401557,-6.181609],[-37.6384756,-6.179837],[-37.6206576,-6.1760872],[-37.6162021,-6.1756824],[-37.6162491,-6.1761975],[-37.6041705,-6.1753375],[-37.5999132,-6.174011],[-37.5969621,-6.1720582],[-37.5899481,-6.1659425],[-37.5849148,-6.1626297],[-37.5822705,-6.1614937],[-37.5747148,-6.1597378],[-37.5737708,-6.1587738],[-37.5737361,-6.1586137],[-37.5736979,-6.1584375],[-37.5735341,-6.157683],[-37.5696205,-6.1554387],[-37.5606527,-6.1645319],[-37.539995,-6.1659303],[-37.5363508,-6.152836],[-37.5267844,-6.151701],[-37.5218769,-6.1517911],[-37.5551825,-6.0811015],[-37.5773795,-6.0339896],[-37.5573906,-6.0159821],[-37.5574885,-6.0158887],[-37.5929388,-5.9820708],[-37.593097,-5.9819198],[-37.6485763,-5.9413121],[-37.6505736,-5.9533758],[-37.6569641,-5.9919747],[-37.6745162,-6.0173823],[-37.6724771,-6.0475272],[-37.6724496,-6.0479335],[-37.6725584,-6.0490222],[-37.6744157,-6.0675992],[-37.6876376,-6.1093116],[-37.7089966,-6.177004]]]},"properties":{"CD_MUN":"2409308","NM_MUN":"Patu","CD_RGI":"240010","NM_RGI":"Pau dos Ferros","CD_RGINT":"2403","NM_RGINT":"Mossoró","CD_UF":"24","NM_UF":"Rio Grande do Norte","SIGLA_UF":"RN","CD_REGIA":"2","NM_REGIA":"Nordeste","SIGLA_RG":"NE","CD_CONCU":"","NM_CONCU":"","AREA_KM2":319.135}},
{"type":"Feature","geometry":{"type":"Polygon","coordinates":[[[-35.6256414,-5.49226],[-35.6244943,-5.4924166],[-35.6219634,-5.4913985],[-35.6188949,-5.4911013],[-35.6173264,-5.4913652],[-35.6148341,-5.4914368],[-35.6115898,-5.49102],[-35.6105924,-5.4913531],[-35.6085167,-5.4924075],[-35.6079489,-5.4924614],[-35.6062036,-5.4916385],[-35.6044049,-5.4903329],[-35.6026462,-5.4901317],[-35.6013068,-5.4896339],[-35.5999893,-5.4882754],[-35.5990371,-5.4877811],[-35.5980206,-5.487692],[-35.5932044,-5.4885878],[-35.591249,-5.4880134],[-35.5904411,-5.4880353],[-35.5899927,-5.4884515],[-35.5897743,-5.4897022],[-35.5891975,-5.4905242],[-35.5879026,-5.4916099],[-35.5862176,-5.4926979],[-35.5853061,-5.4935669],[-35.5851045,-5.4942011],[-35.5851077,-5.4950082],[-35.5847342,-5.4957096],[-35.5834225,-5.4965565],[-35.5815571,-5.4958788],[-35.5809341,-5.4961634],[-35.5801514,-5.49687],[-35.57915,-5.4981776],[-35.5782979,-5.498797],[-35.5775126,-5.4989907],[-35.5767362,-5.4989017],[-35.5745606,-5.4979826],[-35.5725077,-5.4974087],[-35.5719234,-5.4968444],[-35.5716993,-5.4961435],[-35.5712177,-5.4954437],[-35.5687766,-5.4941874],[-35.5679399,-5.4939245],[-35.5651707,-5.4937297],[-35.5640103,-5.4940457],[-35.5630749,-5.4949568],[-35.5616156,-5.4955024],[-35.5605736,-5.4955923],[-35.5589308,-5.4952395],[-35.5579064,-5.4952266],[-35.5572065,-5.4956585],[-35.5568516,-5.4963113],[-35.5566269,-5.4972458],[-35.5561667,-5.4979162],[-35.5548737,-5.4989673],[-35.5537642,-5.4995024],[-35.5512197,-5.4996513],[-35.5504087,-5.4999397],[-35.5479961,-5.5046739],[-35.5452692,-5.5064895],[-35.5436757,-5.5094283],[-35.5430179,-5.5100067],[-35.5396721,-5.5118616],[-35.5375912,-5.5125331],[-35.5356659,-5.5125408],[-35.5333717,-5.5120327],[-35.5309465,-5.5107914],[-35.5296941,-5.5103398],[-35.5283284,-5.509848],[-35.527767,-5.5092216],[-35.5267669,-5.5074323],[-35.526401,-5.5071549],[-35.5255993,-5.506985],[-35.5247667,-5.5072142],[-35.5242459,-5.5071808],[-35.5231887,-5.5065854],[-35.5196896,-5.5059206],[-35.5190791,-5.5056428],[-35.518536,-5.5048957],[-35.518018,-5.503445],[-35.5175098,-5.5028193],[-35.5169457,-5.5025017],[-35.5152494,-5.5021275],[-35.5146341,-5.5018014],[-35.5136751,-5.5001975],[-35.51242,-5.4990958],[-35.5088149,-5.4965488],[-35.5078975,-5.4952524],[-35.5060682,-5.4940667],[-35.5028379,-5.4932113],[-35.501806,-5.4923037],[-35.499411,-5.4876934],[-35.4815783,-5.4533656],[-35.4578318,-5.4079524],[-35.4554568,-5.4034106],[-35.4475707,-5.3883291],[-35.442434,-5.3785057],[-35.4289204,-5.3526813],[-35.4284632,-5.3518076],[-35.418538,-5.3328406],[-35.4253022,-5.3308943],[-35.4261034,-5.3302967],[-35.4265974,-5.3290661],[-35.4273995,-5.3287298],[-35.4298856,-5.3284572],[-35.4303082,-5.328772],[-35.430616,-5.3297573],[-35.4312675,-5.330052],[-35.4319563,-5.3300511],[-35.4330217,-5.3285575],[-35.4338591,-5.3278104],[-35.434625,-5.3278805],[-35.4364264,-5.3287299],[-35.4370402,-5.3288747],[-35.4374986,-5.3287623],[-35.438452,-5.3279386],[-35.4399792,-5.3270401],[-35.4408162,-5.3260703],[-35.4408878,-5.3245499],[-35.441154,-5.323562],[-35.4408422,-5.3229642],[-35.440915,-5.3219578],[-35.4405685,-5.321402],[-35.4404874,-5.3203217],[-35.44125,-5.319538],[-35.4425037,-5.3174117],[-35.443455,-5.3166274],[-35.4448348,-5.3165456],[-35.4452567,-5.3170288],[-35.4453743,-5.3176606],[-35.446486,-5.3183999],[-35.4480588,-5.318469],[-35.4495363,-5.3189651],[-35.4515383,-5.3190516],[-35.4521914,-5.3193832],[-35.4529552,-5.3192314],[-35.4538331,-5.3192986],[-35.4554064,-5.3199661],[-35.4559047,-5.3203724],[-35.4563298,-5.3224101],[-35.4571804,-5.3235332],[-35.4577554,-5.3239391],[-35.4608673,-5.3242964],[-35.462235,-5.3249279],[-35.4633103,-5.3258511],[-35.4651448,-5.325809],[-35.4664477,-5.3260268],[-35.4680184,-5.3253513],[-35.4711129,-5.3258602],[-35.4721498,-5.3264496],[-35.4735666,-5.326779],[-35.4741045,-5.3271874],[-35.475589,-5.3274293],[-35.4761724,-5.3278845],[-35.4766559,-5.3286808],[-35.4780148,-5.3294789],[-35.4791648,-5.3305531],[-35.4803153,-5.3308844],[-35.4810068,-5.3312903],[-35.4827723,-5.3327725],[-35.4846093,-5.3331751],[-35.4857179,-5.3330219],[-35.4889681,-5.3319764],[-35.4904182,-5.3316989],[-35.4911075,-5.3318828],[-35.4916079,-5.3323649],[-35.4925318,-5.3340364],[-35.4941436,-5.3352967],[-35.4955922,-5.3361164],[-35.4973286,-5.3365574],[-35.4994281,-5.3366149],[-35.5008087,-5.3375023],[-35.5017377,-5.3376699],[-35.5025306,-5.3375688],[-35.5032162,-5.3372315],[-35.504514,-5.3360733],[-35.5065421,-5.3351423],[-35.5075485,-5.3348529],[-35.5086017,-5.3348289],[-35.5108209,-5.3350428],[-35.5154164,-5.33614],[-35.5197024,-5.3365318],[-35.5226518,-5.337563],[-35.5263661,-5.3382902],[-35.5305489,-5.338547],[-35.5336379,-5.3387366],[-35.53432,-5.3387785],[-35.53444,-5.3387859],[-35.5349126,-5.3383927],[-35.5787203,-5.301946],[-35.580644,-5.3003455],[-35.5806367,-5.3006913],[-35.5806178,-5.301584],[-35.5806152,-5.3017049],[-35.5805676,-5.3018514],[-35.5806489,-5.3020636],[-35.5809079,-5.3027396],[-35.5811484,-5.303325],[-35.5811586,-5.3033428],[-35.5814366,-5.3038284],[-35.5818385,-5.3045439],[-35.5822187,-5.3052398],[-35.5823726,-5.3054962],[-35.5825367,-5.3057697],[-35.5827921,-5.3061952],[-35.5833373,-5.3071037],[-35.5835659,-5.3073495],[-35.5836424,-5.3074816],[-35.5835863,-5.3075864],[-35.5849066,-5.3090121],[-35.5858777,-5.3100607],[-35.5892857,-5.3117713],[-35.5938474,-5.31347],[-35.5964159,-5.3141254],[-35.5995086,-5.3157859],[-35.6102667,-5.3204191],[-35.61864,-5.3242363],[-35.6265491,-5.3281223],[-35.6339336,-5.3308715],[-35.6355353,-5.3316201],[-35.6417106,-5.3345055],[-35.6649807,-5.3501502],[-35.6691544,-5.3536689],[-35.6746545,-5.3569663],[-35.6786579,-5.3596859],[-35.680267,-5.361158],[-35.6816891,-5.3633712],[-35.6833165,-5.3651865],[-35.6879593,-5.368274],[-35.6919338,-5.3711954],[-35.6991255,-5.3755741],[-35.7040352,-5.3791974],[-35.7048545,-5.3797041],[-35.7079351,-5.3816091],[-35.7116531,-5.3843316],[-35.7188781,-5.3892406],[-35.720742,-5.3909667],[-35.72219,-5.3928308],[-35.7236808,-5.3951206],[-35.7319054,-5.404593],[-35.733267,-5.4067699],[-35.7349984,-5.4087483],[-35.7358599,-5.4115627],[-35.7361088,-5.4132885],[-35.7371678,-5.4156403],[-35.7381418,-5.417126],[-35.7410322,-5.4209344],[-35.7430114,-5.4235422],[-35.7443137,-5.4254989],[-35.7627419,-5.4497657],[-35.7637537,-5.4506698],[-35.7643789,-5.4516093],[-35.7637953,-5.4522646],[-35.7626237,-5.4535799],[-35.7610349,-5.4549386],[-35.7599948,-5.4552573],[-35.7564917,-5.4556143],[-35.75458,-5.4566966],[-35.7517668,-5.4589525],[-35.750987,-5.459208],[-35.7490068,-5.459218],[-35.7471941,-5.4581159],[-35.7460142,-5.4579991],[-35.7450602,-5.4582789],[-35.7419296,-5.4591941],[-35.7402372,-5.4594707],[-35.7389507,-5.4593],[-35.7381059,-5.4589733],[-35.7357551,-5.4576163],[-35.7350761,-5.4575907],[-35.7337281,-5.4579985],[-35.7316576,-5.4590184],[-35.7297774,-5.4594978],[-35.72763,-5.4596027],[-35.726771,-5.4598749],[-35.7254413,-5.4606225],[-35.724536,-5.4607297],[-35.7225199,-5.4605319],[-35.7201785,-5.4607206],[-35.7187289,-5.4610549],[-35.7150446,-5.4627803],[-35.7131411,-5.4630239],[-35.7122283,-5.4628528],[-35.711235,-5.4623694],[-35.7105162,-5.4617416],[-35.7095843,-5.4612885],[-35.7085452,-5.4611438],[-35.7041154,-5.4615664],[-35.7032862,-5.4618962],[-35.7025755,-5.46196],[-35.7015672,-5.4617551],[-35.6993201,-5.4624183],[-35.6975242,-5.46277],[-35.6954815,-5.4630169],[-35.6913898,-5.4635114],[-35.687493,-5.4636927],[-35.6850303,-5.463227],[-35.6834898,-5.4633536],[-35.6812696,-5.4640182],[-35.6789928,-5.465425],[-35.6779137,-5.465861],[-35.6771447,-5.4665178],[-35.6756387,-5.467037],[-35.6749101,-5.467402],[-35.674393,-5.4676611],[-35.6736338,-5.4686082],[-35.672632,-5.4695156],[-35.6701238,-5.4706383],[-35.668941,-5.4713863],[-35.6662826,-5.4739256],[-35.6653368,-5.4743147],[-35.6624918,-5.4749213],[-35.6614721,-5.4755372],[-35.6586963,-5.4779274],[-35.6575121,-5.4783198],[-35.6556988,-5.4784753],[-35.6543489,-5.4784815],[-35.6499064,-5.4779811],[-35.6482176,-5.4781969],[-35.6460851,-5.4787122],[-35.6452576,-5.4790728],[-35.644222,-5.4797311],[-35.6432764,-5.4806571],[-35.6422271,-5.481093],[-35.6399238,-5.4831825],[-35.6384745,-5.4839036],[-35.6374066,-5.4854981],[-35.6353439,-5.4868084],[-35.6344729,-5.4873617],[-35.6312743,-5.4903215],[-35.6298627,-5.4911624],[-35.6267362,-5.491731],[-35.6256414,-5.49226]]]},"properties":{"CD_MUN":"2410405","NM_MUN":"Pureza","CD_RGI":"240001","NM_RGI":"Natal","CD_RGINT":"2401","NM_RGINT":"Natal","CD_UF":"24","NM_UF":"Rio Grande do Norte","SIGLA_UF":"RN","CD_REGIA":"2","NM_REGIA":"Nordeste","SIGLA_RG":"NE","CD_CONCU":"","NM_CONCU":"","AREA_KM2":504.294}},
{"type":"Feature","geometry":{"type":"Polygon","coordinates":[[[-36.1337594,-6.2105728],[-36.1435199,-6.1922972],[-36.1435863,-6.1921728],[-36.1461463,-6.1873793],[-36.1508241,-6.1786206],[-36.1573733,-6.1663519],[-36.157538,-6.1660433],[-36.1580532,-6.1660291],[-36.1585831,-6.1660145],[-36.1810801,-6.1653856],[-36.2261988,-6.1641242],[-36.2339509,-6.1648026],[-36.2568489,-6.1580152],[-36.2576677,-6.1987909],[-36.2589493,-6.2009778],[-36.2631704,-6.2172377],[-36.2642305,-6.2201518],[-36.266278,-6.2236356],[-36.2671194,-6.2272785],[-36.2670233,-6.2292963],[-36.2660019,-6.2308784],[-36.2649707,-6.2324755],[-36.2620331,-6.2370251],[-36.259782,-6.2395979],[-36.2582545,-6.2432267],[-36.2586728,-6.2458137],[-36.2609829,-6.2484935],[-36.2656194,-6.2510212],[-36.268627,-6.2554619],[-36.2690792,-6.2561295],[-36.271566,-6.2578376],[-36.2747457,-6.2591475],[-36.2786456,-6.2621569],[-36.2791475,-6.2649075],[-36.28153,-6.270493],[-36.2818164,-6.2734837],[-36.2839601,-6.2747077],[-36.2890351,-6.2757827],[-36.2910948,-6.2770049],[-36.2920771,-6.278708],[-36.2915453,-6.2809676],[-36.291884,-6.282586],[-36.2937724,-6.2834814],[-36.2934191,-6.2854194],[-36.2953966,-6.2858358],[-36.2949796,-6.2921068],[-36.2923911,-6.2952545],[-36.2870462,-6.3010643],[-36.2862247,-6.3019572],[-36.2798727,-6.3088615],[-36.2794325,-6.3103008],[-36.2791354,-6.3176271],[-36.2726344,-6.307172],[-36.2689432,-6.308383],[-36.2665753,-6.3082163],[-36.2646564,-6.3077023],[-36.2633002,-6.306406],[-36.2588126,-6.3057265],[-36.2558979,-6.3033104],[-36.2462142,-6.3021219],[-36.2437246,-6.3036713],[-36.2418616,-6.3042964],[-36.2401368,-6.3060054],[-36.2399794,-6.3073197],[-36.2406766,-6.3089667],[-36.2405209,-6.3099253],[-36.2397593,-6.3107796],[-36.2365197,-6.3119746],[-36.2341638,-6.3094611],[-36.2307269,-6.3103025],[-36.2293145,-6.3101201],[-36.2253479,-6.3067666],[-36.2241394,-6.3057448],[-36.2231319,-6.3053105],[-36.2207786,-6.3058098],[-36.2201487,-6.3062098],[-36.2191287,-6.3083196],[-36.2137293,-6.3082664],[-36.2071501,-6.3023434],[-36.2055402,-6.3013507],[-36.1998902,-6.3008646],[-36.1889807,-6.3026252],[-36.1877219,-6.3020619],[-36.1856653,-6.299525],[-36.1816204,-6.2979119],[-36.1621693,-6.2992563],[-36.1537636,-6.2998366],[-36.1535422,-6.299806],[-36.1485721,-6.2773695],[-36.1409641,-6.2430491],[-36.1406401,-6.2415875],[-36.1337594,-6.2105728]]]},"properties":{"CD_MUN":"2402105","NM_MUN":"Campo Redondo","CD_RGI":"240004","NM_RGI":"Santa Cruz","CD_RGINT":"2401","NM_RGINT":"Natal","CD_UF":"24","NM_UF":"Rio Grande do Norte","SIGLA_UF":"RN","CD_REGIA":"2","NM_REGIA":"Nordeste","SIGLA_RG":"NE","CD_CONCU":"","NM_CONCU":"","AREA_KM2":213.727}},
{"type":"Feature","geometry":{"type":"Polygon","coordinates":[[[-36.0961043,-6.4201986],[-36.0958189,-6.4201524],[-36.0935863,-6.4197907],[-36.0917879,-6.4189209],[-36.0894357,-6.4168276],[-36.0867444,-6.4158362],[-36.085441,-6.4145565],[-36.084617,-6.4114224],[-36.0806298,-6.4080168],[-36.0803235,-6.4068296],[-36.0807177,-6.4060559],[-36.0805746,-6.4058799],[-36.0800135,-6.4051894],[-36.0777206,-6.4050906],[-36.0768167,-6.4056178],[-36.0757248,-6.4081683],[-36.0727076,-6.4104224],[-36.0722088,-6.4116879],[-36.0738614,-6.4134634],[-36.0737627,-6.4148717],[-36.0680857,-6.4153838],[-36.0672253,-6.4150876],[-36.0636109,-6.4113554],[-36.0627322,-6.4108347],[-36.061738,-6.4102455],[-36.0610485,-6.4109059],[-36.059151,-6.4180129],[-36.0556819,-6.4262009],[-36.0512485,-6.432203],[-36.0367109,-6.4442652],[-36.0331824,-6.4459531],[-36.0168211,-6.4520258],[-36.0132849,-6.4550409],[-36.0110194,-6.4580656],[-36.0083373,-6.4651196],[-36.0087651,-6.4669299],[-36.0097026,-6.4681337],[-36.0112128,-6.4693853],[-36.0128594,-6.4710375],[-36.0129129,-6.4727903],[-36.012209,-6.4739327],[-36.0110784,-6.4741991],[-36.0079791,-6.4740936],[-36.0073559,-6.4745219],[-36.0066597,-6.4785437],[-36.0053484,-6.4810533],[-36.0002785,-6.4825689],[-35.9993521,-6.4835385],[-35.9919776,-6.4854327],[-35.9872215,-6.4852225],[-35.9808421,-6.4880292],[-35.9776473,-6.4889058],[-35.9746743,-6.4888171],[-35.9722406,-6.4875385],[-35.9669058,-6.4847355],[-35.9652415,-6.4843596],[-35.9654865,-6.470972],[-35.9682279,-6.4639701],[-35.9887447,-6.4101027],[-35.997485,-6.390341],[-36.0154697,-6.3453145],[-36.0338229,-6.2993206],[-36.035094,-6.2994055],[-36.0370218,-6.3014727],[-36.0386654,-6.3015603],[-36.0397544,-6.3025958],[-36.0419405,-6.3033983],[-36.0427868,-6.3026117],[-36.0438458,-6.3004191],[-36.0466348,-6.3001828],[-36.0472208,-6.3008965],[-36.0455228,-6.3031829],[-36.0454725,-6.3044451],[-36.0468134,-6.3058763],[-36.0489176,-6.3070737],[-36.0513194,-6.3066143],[-36.0526645,-6.3067801],[-36.0549286,-6.3089275],[-36.0561106,-6.3086178],[-36.056412,-6.3072112],[-36.058096,-6.3062364],[-36.0592857,-6.3057888],[-36.0615591,-6.3061188],[-36.0639686,-6.3044724],[-36.0659878,-6.3050356],[-36.0673492,-6.3035454],[-36.0686569,-6.3025996],[-36.0706814,-6.3023743],[-36.0721081,-6.3030958],[-36.0736172,-6.3046051],[-36.0747996,-6.3049226],[-36.0762676,-6.3036109],[-36.0772878,-6.3035296],[-36.0784651,-6.3041696],[-36.0799317,-6.3058303],[-36.0823289,-6.3060883],[-36.0828455,-6.3070233],[-36.1198972,-6.3239046],[-36.1199303,-6.3239197],[-36.1218576,-6.3257495],[-36.1242593,-6.3273594],[-36.1250789,-6.3276072],[-36.1260105,-6.327271],[-36.1262023,-6.3250015],[-36.12675,-6.3241935],[-36.1290987,-6.3230917],[-36.1298367,-6.3234214],[-36.1328959,-6.3265346],[-36.1394372,-6.3297631],[-36.1126349,-6.3857202],[-36.0961043,-6.4201986]]]},"properties":{"CD_MUN":"2411700","NM_MUN":"São Bento do Trairí","CD_RGI":"240004","NM_RGI":"Santa Cruz","CD_RGINT":"2401","NM_RGINT":"Natal","CD_UF":"24","NM_UF":"Rio Grande do Norte","SIGLA_UF":"RN","CD_REGIA":"2","NM_REGIA":"Nordeste","SIGLA_RG":"NE","CD_CONCU":"","NM_CONCU":"","AREA_KM2":190.818}},
{"type":"Feature","geometry":{"type":"Polygon","coordinates":[[[-36.7260208,-6.8166025],[-36.7130682,-6.8161675],[-36.7109191,-6.8160956],[-36.7091985,-6.8195678],[-36.7051395,-6.8240704],[-36.7024464,-6.8305752],[-36.7009284,-6.8319402],[-36.6972539,-6.8333816],[-36.6950017,-6.8335483],[-36.6927007,-6.8331489],[-36.6893855,-6.8282645],[-36.6814688,-6.8221308],[-36.6798618,-6.8192729],[-36.6761992,-6.8172412],[-36.6744732,-6.8175992],[-36.6734536,-6.8173374],[-36.6721975,-6.8186973],[-36.671357,-6.8223839],[-36.6708875,-6.8244435],[-36.6702778,-6.8248199],[-36.6602199,-6.8267329],[-36.6587219,-6.8266303],[-36.6570887,-6.8245576],[-36.657365,-6.822966],[-36.6566666,-6.820561],[-36.6557523,-6.8193872],[-36.6542236,-6.8183307],[-36.651717,-6.8173999],[-36.6501408,-6.8178442],[-36.6456993,-6.8162895],[-36.6432539,-6.8161016],[-36.6413319,-6.816399],[-36.63681,-6.8182079],[-36.6360519,-6.8180468],[-36.6342789,-6.8176699],[-36.6254529,-6.805435],[-36.6212859,-6.804269],[-36.6170004,-6.8004616],[-36.6114788,-6.7997709],[-36.6086172,-6.8024379],[-36.6077406,-6.8028295],[-36.6012956,-6.8057093],[-36.5884064,-6.8055495],[-36.5868636,-6.8064333],[-36.5856921,-6.8064137],[-36.5852799,-6.8064068],[-36.5748821,-6.8062326],[-36.5749512,-6.8084401],[-36.573973,-6.8098909],[-36.5730566,-6.81503],[-36.5694676,-6.8202957],[-36.5694208,-6.8215511],[-36.570021,-6.8229101],[-36.5724397,-6.8247862],[-36.5724357,-6.8257169],[-36.5693025,-6.829043],[-36.5679429,-6.8354643],[-36.5620697,-6.8380707],[-36.5611793,-6.8401411],[-36.5601562,-6.8407734],[-36.5575449,-6.8423904],[-36.5543557,-6.8421329],[-36.5514646,-6.8434508],[-36.5502051,-6.8435512],[-36.5471033,-6.8405354],[-36.5451461,-6.8430712],[-36.5443464,-6.8429587],[-36.5436679,-6.8420987],[-36.540991,-6.8407187],[-36.5386251,-6.8363862],[-36.5369595,-6.8341669],[-36.533403,-6.8304308],[-36.5313104,-6.8270785],[-36.5291661,-6.825398],[-36.5159155,-6.8217675],[-36.5119791,-6.819571],[-36.5099622,-6.8179488],[-36.5069378,-6.8130054],[-36.5054917,-6.8088241],[-36.5049602,-6.8032268],[-36.5030731,-6.7933634],[-36.5026748,-6.787265],[-36.502811,-6.7840415],[-36.5028723,-6.7825906],[-36.5013048,-6.7775693],[-36.501565,-6.7742453],[-36.5025658,-6.7714515],[-36.5032623,-6.7665423],[-36.5020321,-6.7618379],[-36.502094,-6.7598017],[-36.5025608,-6.7576247],[-36.5047532,-6.7539395],[-36.5131102,-6.7504767],[-36.5205656,-6.7456815],[-36.523936,-6.7383132],[-36.5252141,-6.736718],[-36.5277658,-6.7349449],[-36.5335181,-6.7334861],[-36.5393284,-6.732907],[-36.5422779,-6.7323737],[-36.5442045,-6.7312035],[-36.5492197,-6.7220494],[-36.5516565,-6.7193809],[-36.5548191,-6.7170341],[-36.5579422,-6.7125996],[-36.5588804,-6.7091075],[-36.5586929,-6.7076519],[-36.5573445,-6.7061008],[-36.5537795,-6.703014],[-36.5494485,-6.6980602],[-36.5474152,-6.6951497],[-36.5468567,-6.693493],[-36.5452678,-6.6887808],[-36.5451352,-6.6859843],[-36.5432815,-6.6787035],[-36.5430954,-6.6744645],[-36.5429782,-6.6717945],[-36.5417461,-6.6660633],[-36.5339656,-6.6420951],[-36.5313057,-6.6348858],[-36.5269746,-6.6271923],[-36.5230071,-6.6190011],[-36.5210146,-6.6131597],[-36.5207427,-6.6106016],[-36.5270413,-6.6087992],[-36.5283463,-6.6079202],[-36.5324546,-6.6070599],[-36.5349912,-6.6077271],[-36.5372813,-6.6071517],[-36.5414036,-6.6075339],[-36.5459495,-6.6070583],[-36.5500253,-6.6080235],[-36.5511253,-6.6075795],[-36.5521004,-6.6050856],[-36.5553547,-6.6043945],[-36.5572108,-6.6002485],[-36.56122,-6.5988958],[-36.5623084,-6.5978466],[-36.5636932,-6.5981109],[-36.5648911,-6.599291],[-36.5665427,-6.5999613],[-36.5673023,-6.5995007],[-36.5673195,-6.5994903],[-36.5682651,-6.5989169],[-36.5696491,-6.598727],[-36.5698362,-6.5974037],[-36.5754923,-6.5979275],[-36.5875073,-6.5847987],[-36.6121354,-6.5850879],[-36.6166726,-6.5870377],[-36.6240272,-6.592173],[-36.6267065,-6.5927978],[-36.6287242,-6.5922939],[-36.6311401,-6.5908289],[-36.6364058,-6.5924017],[-36.6368261,-6.5923313],[-36.6379742,-6.5921389],[-36.6393042,-6.5913308],[-36.6396555,-6.5908751],[-36.6403936,-6.5899176],[-36.6472264,-6.5850246],[-36.6474441,-6.5850639],[-36.6515639,-6.5858082],[-36.679748,-6.5793492],[-36.6690962,-6.6103056],[-36.6906867,-6.6173414],[-36.6945929,-6.6186141],[-36.6977712,-6.6196496],[-36.7222678,-6.646713],[-36.722312,-6.6471438],[-36.7226965,-6.650919],[-36.7278297,-6.6586466],[-36.7342103,-6.6611101],[-36.7305388,-6.6633265],[-36.7280138,-6.6644609],[-36.7256106,-6.6646791],[-36.7238561,-6.6657778],[-36.7187774,-6.6656293],[-36.7163872,-6.6664141],[-36.7134585,-6.6692298],[-36.7100319,-6.6744741],[-36.7086031,-6.6774732],[-36.7066488,-6.6799396],[-36.7096649,-6.6867177],[-36.711538,-6.692694],[-36.7091471,-6.6935667],[-36.708083,-6.6943584],[-36.7076365,-6.6954168],[-36.711465,-6.6987512],[-36.71217,-6.6995497],[-36.7122502,-6.7010068],[-36.7137628,-6.7022679],[-36.7175682,-6.7036462],[-36.7163316,-6.7062968],[-36.7152352,-6.707606],[-36.7106012,-6.7091309],[-36.7077428,-6.7091392],[-36.7070208,-6.7081366],[-36.7069826,-6.7070464],[-36.706123,-6.7062695],[-36.7043105,-6.7059893],[-36.7029934,-6.7063457],[-36.7016202,-6.7059531],[-36.7021813,-6.7083456],[-36.7049997,-6.7149849],[-36.7076692,-6.7181317],[-36.710406,-6.7311395],[-36.7112125,-6.7349727],[-36.7112711,-6.7352526],[-36.709069,-6.7387506],[-36.7061101,-6.7412586],[-36.7050538,-6.7434891],[-36.7050497,-6.744345],[-36.708549,-6.747832],[-36.7120882,-6.7531722],[-36.7145643,-6.762211],[-36.7235078,-6.7816503],[-36.7278207,-6.7851355],[-36.7312611,-6.79214],[-36.7314975,-6.8024768],[-36.7297569,-6.8086423],[-36.7272583,-6.8135341],[-36.7257735,-6.8154295],[-36.7260208,-6.8166025]]]},"properties":{"CD_MUN":"2408904","NM_MUN":"Parelhas","CD_RGI":"240007","NM_RGI":"Caicó","CD_RGINT":"2402","NM_RGINT":"Caicó","CD_UF":"24","NM_UF":"Rio Grande do Norte","SIGLA_UF":"RN","CD_REGIA":"2","NM_REGIA":"Nordeste","SIGLA_RG":"NE","CD_CONCU":"","NM_CONCU":"","AREA_KM2":513.507}},
{"type":"Feature","geometry":{"type":"Polygon","coordinates":[[[-35.3259919,-5.3812574],[-35.3261312,-5.3812935],[-35.3262293,-5.381319],[-35.3267868,-5.3813905],[-35.327435,-5.3814362],[-35.3283601,-5.381358],[-35.3292119,-5.3812389],[-35.3301341,-5.3811303],[-35.3301736,-5.3811224],[-35.3312372,-5.3809096],[-35.3318606,-5.3807549],[-35.3325976,-5.3805437],[-35.3331585,-5.3803547],[-35.3337118,-5.3801651],[-35.3342039,-5.379966],[-35.3347377,-5.3797137],[-35.3354177,-5.3793648],[-35.3361457,-5.378956],[-35.3369387,-5.378498],[-35.3378779,-5.3778918],[-35.3386513,-5.3772818],[-35.3396193,-5.3764931],[-35.3401136,-5.3760661],[-35.3404188,-5.3758023],[-35.3415675,-5.374693],[-35.3424499,-5.3738182],[-35.3433844,-5.3728809],[-35.3440731,-5.3721489],[-35.3447363,-5.3714926],[-35.3454309,-5.3706458],[-35.3459013,-5.3700383],[-35.34718,-5.3683894],[-35.3477671,-5.3675507],[-35.3485913,-5.3663942],[-35.3495313,-5.3650156],[-35.350273,-5.3638028],[-35.35102,-5.362593],[-35.3510968,-5.3624687],[-35.3517581,-5.3612336],[-35.3521686,-5.3605004],[-35.3528986,-5.3590045],[-35.3540105,-5.356526],[-35.3546178,-5.3552105],[-35.354868,-5.3548009],[-35.3549741,-5.354539],[-35.3553134,-5.3535375],[-35.3555806,-5.3528703],[-35.3559071,-5.3519538],[-35.3562384,-5.3509701],[-35.3564886,-5.3502775],[-35.3567261,-5.3494835],[-35.3571822,-5.3480565],[-35.3574239,-5.3471528],[-35.3576461,-5.3464113],[-35.3577775,-5.346027],[-35.3578623,-5.3457694],[-35.3579896,-5.3455118],[-35.3580999,-5.3453259],[-35.3582015,-5.3451574],[-35.3582776,-5.344997],[-35.3583025,-5.3448325],[-35.3583109,-5.3446806],[-35.3583488,-5.3443896],[-35.358412,-5.3441156],[-35.358547,-5.3435893],[-35.3586648,-5.3432015],[-35.3586865,-5.3431299],[-35.3588779,-5.342518],[-35.3589971,-5.3419607],[-35.3593037,-5.3405985],[-35.3594797,-5.3398041],[-35.35953,-5.3394006],[-35.3596307,-5.3385926],[-35.3597476,-5.3369313],[-35.3595758,-5.3359551],[-35.3594942,-5.3357554],[-35.3594834,-5.335459],[-35.3594304,-5.335083],[-35.3594082,-5.3346851],[-35.3593902,-5.3342167],[-35.3593804,-5.3338971],[-35.3594428,-5.3333649],[-35.3594868,-5.3330327],[-35.3595704,-5.3323886],[-35.3597304,-5.3316724],[-35.3598655,-5.330984],[-35.3600474,-5.3303326],[-35.3602096,-5.3295273],[-35.3603411,-5.3288306],[-35.36051,-5.3275533],[-35.3606055,-5.3267026],[-35.3606302,-5.326096],[-35.360776,-5.3252557],[-35.3610602,-5.3244357],[-35.3613166,-5.3235822],[-35.361472,-5.3227821],[-35.3615656,-5.322078],[-35.3616222,-5.3214723],[-35.3616574,-5.3208226],[-35.3616882,-5.3203363],[-35.3616264,-5.3199746],[-35.3615903,-5.3197635],[-35.3614337,-5.319339],[-35.361394,-5.3190013],[-35.3613912,-5.3186598],[-35.3615359,-5.3183092],[-35.3617704,-5.3180987],[-35.3621375,-5.3179085],[-35.3624165,-5.3177553],[-35.3628479,-5.3173021],[-35.3632583,-5.3165302],[-35.3634967,-5.3159492],[-35.3637917,-5.3151565],[-35.3640285,-5.3142396],[-35.3642624,-5.3132213],[-35.3644288,-5.312078],[-35.364495,-5.311218],[-35.3645419,-5.3100987],[-35.3645986,-5.3094308],[-35.3647075,-5.3083917],[-35.3648351,-5.3075403],[-35.3650267,-5.3070226],[-35.365171,-5.3066476],[-35.3653594,-5.3061186],[-35.3653735,-5.3057797],[-35.3653421,-5.3053336],[-35.3653642,-5.3049956],[-35.3654513,-5.3046841],[-35.3657306,-5.3043244],[-35.3660605,-5.3041169],[-35.3665043,-5.303847],[-35.3668351,-5.3034248],[-35.3671201,-5.3027296],[-35.3672356,-5.3022849],[-35.367344,-5.3012527],[-35.3674566,-5.3004149],[-35.3674665,-5.2992955],[-35.367424,-5.2987207],[-35.3673275,-5.2977497],[-35.3672707,-5.2972957],[-35.36719,-5.2967482],[-35.3671811,-5.296504],[-35.3671934,-5.29631],[-35.3672465,-5.2960515],[-35.3673078,-5.2957541],[-35.3673499,-5.2952999],[-35.3674042,-5.2947447],[-35.367371,-5.2944013],[-35.3673298,-5.2939903],[-35.3673317,-5.2934784],[-35.3673437,-5.2931927],[-35.3674247,-5.2929784],[-35.3675815,-5.2927261],[-35.3678519,-5.2926092],[-35.3681234,-5.2925596],[-35.3683295,-5.292396],[-35.3689628,-5.2917712],[-35.3692832,-5.2912618],[-35.369562,-5.2908601],[-35.3699381,-5.2897619],[-35.3701282,-5.2889669],[-35.3702584,-5.2882947],[-35.3702187,-5.2879323],[-35.370254,-5.2876215],[-35.3702719,-5.2872158],[-35.3703087,-5.2867566],[-35.3704438,-5.2861305],[-35.3705564,-5.285612],[-35.3705625,-5.2852679],[-35.3706422,-5.284871],[-35.3707072,-5.2845856],[-35.3709831,-5.2843061],[-35.3713042,-5.2839281],[-35.371694,-5.2834411],[-35.3720269,-5.2828675],[-35.3722153,-5.2824733],[-35.3723858,-5.2821327],[-35.3725279,-5.2817409],[-35.372687,-5.281446],[-35.3728889,-5.2812092],[-35.3731839,-5.2809837],[-35.373481,-5.2807597],[-35.3738125,-5.2806085],[-35.3741599,-5.2804797],[-35.3744612,-5.2802949],[-35.3746108,-5.2801291],[-35.374754,-5.2798731],[-35.3749393,-5.2794422],[-35.3749983,-5.2791846],[-35.3750449,-5.278946],[-35.3750617,-5.2786849],[-35.3750438,-5.2785356],[-35.375054,-5.2783961],[-35.3750897,-5.2782456],[-35.3751979,-5.278007],[-35.3757009,-5.2776891],[-35.3760995,-5.2774555],[-35.3766007,-5.2771548],[-35.3769704,-5.2769059],[-35.3773718,-5.2766724],[-35.3777007,-5.2763811],[-35.3780474,-5.2760181],[-35.3783938,-5.2755309],[-35.3788621,-5.2748722],[-35.3793194,-5.2742937],[-35.3793281,-5.2742827],[-35.3797538,-5.2738802],[-35.3799466,-5.2736582],[-35.3802096,-5.273309],[-35.3811777,-5.2721439],[-35.3816413,-5.2715744],[-35.381923,-5.2710174],[-35.3822518,-5.2703036],[-35.3823578,-5.2700376],[-35.3827247,-5.270207],[-35.3830459,-5.270314],[-35.3835228,-5.2703946],[-35.3836557,-5.27031],[-35.3838334,-5.2701449],[-35.3839858,-5.2698275],[-35.3841382,-5.2695989],[-35.3844938,-5.2694338],[-35.3848905,-5.2691484],[-35.3850997,-5.2690649],[-35.38514,-5.2690489],[-35.3853963,-5.2695383],[-35.3856431,-5.2700096],[-35.3856717,-5.2700642],[-35.3861945,-5.2710627],[-35.3863328,-5.2713269],[-35.3865,-5.2716463],[-35.3867075,-5.2720426],[-35.3952928,-5.288441],[-35.3963521,-5.2904643],[-35.418538,-5.3328406],[-35.4284632,-5.3518076],[-35.4289204,-5.3526813],[-35.442434,-5.3785057],[-35.4475707,-5.3883291],[-35.4554568,-5.4034106],[-35.4578318,-5.4079524],[-35.4815783,-5.4533656],[-35.4764455,-5.45261],[-35.4738894,-5.451849],[-35.4715709,-5.4509153],[-35.4672754,-5.4499736],[-35.4635776,-5.4483805],[-35.4600108,-5.4465531],[-35.4576454,-5.4461872],[-35.4545621,-5.4462818],[-35.4503078,-5.4447267],[-35.4487478,-5.4447258],[-35.4468153,-5.4450552],[-35.4454265,-5.4450369],[-35.4439608,-5.4447679],[-35.4422394,-5.4452996],[-35.4410145,-5.4464329],[-35.440267,-5.4468581],[-35.4386217,-5.4468142],[-35.4368174,-5.4459205],[-35.4317203,-5.444241],[-35.4297085,-5.4427473],[-35.4287794,-5.4417272],[-35.4264574,-5.4397104],[-35.4255818,-5.4393375],[-35.4227193,-5.4386477],[-35.4194562,-5.4376117],[-35.4169346,-5.4374718],[-35.416292,-5.437324],[-35.4151327,-5.4367038],[-35.4136925,-5.4364829],[-35.4127155,-5.4366889],[-35.4111002,-5.4377213],[-35.4100224,-5.4381994],[-35.4079936,-5.4384074],[-35.404928,-5.437519],[-35.403078,-5.4375818],[-35.4014563,-5.4371647],[-35.4011488,-5.4372399],[-35.400619,-5.4381991],[-35.4002328,-5.4396429],[-35.3997467,-5.4403945],[-35.3975201,-5.4429009],[-35.3953539,-5.4457795],[-35.3945972,-5.4465205],[-35.3933008,-5.4469466],[-35.3914729,-5.4497705],[-35.3900732,-5.4512567],[-35.3886697,-5.4518961],[-35.3876812,-5.4525718],[-35.3879879,-5.450317],[-35.3879631,-5.4498871],[-35.3879013,-5.4488138],[-35.3874475,-5.4480126],[-35.3837798,-5.4415352],[-35.3809067,-5.4370102],[-35.3794392,-5.4343296],[-35.3784729,-5.4311584],[-35.377089,-5.4237397],[-35.3755169,-5.4193976],[-35.3738487,-5.4168634],[-35.3732228,-5.4162186],[-35.3716851,-5.415261],[-35.3700269,-5.4151688],[-35.3680703,-5.415665],[-35.3657605,-5.4155391],[-35.3642038,-5.415155],[-35.3619893,-5.4138451],[-35.3565239,-5.4088973],[-35.3260272,-5.3812891],[-35.3259919,-5.3812574]]]},"properties":{"CD_MUN":"2408953","NM_MUN":"Rio do Fogo","CD_RGI":"240001","NM_RGI":"Natal","CD_RGINT":"2401","NM_RGINT":"Natal","CD_UF":"24","NM_UF":"Rio Grande do Norte","SIGLA_UF":"RN","CD_REGIA":"2","NM_REGIA":"Nordeste","SIGLA_RG":"NE","CD_CONCU":"","NM_CONCU":"","AREA_KM2":151.097}},
{"type":"Feature","geometry":{"type":"Polygon","coordinates":[[[-37.359054,-6.0060994],[-37.3768439,-6.0243891],[-37.4255786,-6.0744928],[-37.431486,-6.077531],[-37.4375985,-6.0818644],[-37.441667,-6.0828848],[-37.4564953,-6.0966549],[-37.4741994,-6.0873653],[-37.4884618,-6.0788787],[-37.5031529,-6.0708732],[-37.5148102,-6.0645206],[-37.5573906,-6.0159821],[-37.5773795,-6.0339896],[-37.5551825,-6.0811015],[-37.5218769,-6.1517911],[-37.5028908,-6.1521405],[-37.5033963,-6.1443966],[-37.4893691,-6.1444378],[-37.4829911,-6.151681],[-37.4803482,-6.1502811],[-37.4740959,-6.1487385],[-37.4589474,-6.1450022],[-37.4586699,-6.1332027],[-37.4549317,-6.1331926],[-37.4545492,-6.1305432],[-37.4547202,-6.1254007],[-37.4539125,-6.1200737],[-37.4456931,-6.1122014],[-37.4418231,-6.1121921],[-37.4345738,-6.1107182],[-37.4343338,-6.1099911],[-37.4325608,-6.1100663],[-37.425954,-6.1089971],[-37.4114263,-6.1114608],[-37.4078097,-6.1127822],[-37.4069162,-6.1126473],[-37.3987837,-6.1114196],[-37.3936319,-6.1093877],[-37.3921836,-6.1081733],[-37.390015,-6.1044427],[-37.3861786,-6.0947624],[-37.3858519,-6.0893029],[-37.3854721,-6.0883052],[-37.3847504,-6.087175],[-37.3823388,-6.0855538],[-37.378783,-6.0851326],[-37.3741644,-6.0699589],[-37.379492,-6.0675527],[-37.3826354,-6.0669185],[-37.3765802,-6.0437456],[-37.359054,-6.0060994]]]},"properties":{"CD_MUN":"2407609","NM_MUN":"Messias Targino","CD_RGI":"240009","NM_RGI":"Mossoró","CD_RGINT":"2403","NM_RGINT":"Mossoró","CD_UF":"24","NM_UF":"Rio Grande do Norte","SIGLA_UF":"RN","CD_REGIA":"2","NM_REGIA":"Nordeste","SIGLA_RG":"NE","CD_CONCU":"","NM_CONCU":"","AREA_KM2":142.608}},
{"type":"Feature","geometry":{"type":"Polygon","coordinates":[[[-37.9633304,-6.2564547],[-37.9713894,-6.2553566],[-37.9741503,-6.2553044],[-38.0361327,-6.2541318],[-38.0362146,-6.2541303],[-38.0635432,-6.2536132],[-38.0975422,-6.3145093],[-38.0998415,-6.3302954],[-38.0973747,-6.331222],[-38.0889397,-6.3331348],[-38.0893925,-6.3170558],[-38.0849204,-6.3167088],[-38.0747381,-6.3140034],[-38.0697784,-6.3138686],[-38.0631215,-6.3145671],[-38.0617994,-6.3142842],[-38.0564576,-6.3111962],[-38.0554696,-6.3109867],[-38.0541502,-6.3123765],[-38.0521681,-6.3125245],[-38.0502635,-6.3135441],[-38.0494551,-6.313029],[-38.0434629,-6.3124872],[-38.0434827,-6.3205767],[-38.035653,-6.3215892],[-38.0310825,-6.3211771],[-38.0191182,-6.3185029],[-37.991623,-6.312357],[-37.9913692,-6.3123003],[-37.9839064,-6.3106321],[-37.9821634,-6.3069509],[-37.9795028,-6.3044966],[-37.9790082,-6.3035223],[-37.9791692,-6.3011728],[-37.979366,-6.2983018],[-37.9774155,-6.2923296],[-37.9661224,-6.2724421],[-37.9654871,-6.2700401],[-37.9651527,-6.2632827],[-37.9637063,-6.2592365],[-37.9633304,-6.2564547]]]},"properties":{"CD_MUN":"2410009","NM_MUN":"Pilões","CD_RGI":"240010","NM_RGI":"Pau dos Ferros","CD_RGINT":"2403","NM_RGINT":"Mossoró","CD_UF":"24","NM_UF":"Rio Grande do Norte","SIGLA_UF":"RN","CD_REGIA":"2","NM_REGIA":"Nordeste","SIGLA_RG":"NE","CD_CONCU":"","NM_CONCU":"","AREA_KM2":82.69}},
{"type":"Feature","geometry":{"type":"Polygon","coordinates":[[[-35.418538,-5.3328406],[-35.3963521,-5.2904643],[-35.3952928,-5.288441],[-35.3867075,-5.2720426],[-35.3865,-5.2716463],[-35.3863328,-5.2713269],[-35.3861945,-5.2710627],[-35.3856717,-5.2700642],[-35.3856431,-5.2700096],[-35.3853963,-5.2695383],[-35.38514,-5.2690489],[-35.3850997,-5.2690649],[-35.3848905,-5.2691484],[-35.3844938,-5.2694338],[-35.3841382,-5.2695989],[-35.3839858,-5.2698275],[-35.3838334,-5.2701449],[-35.3836557,-5.27031],[-35.3835228,-5.2703946],[-35.3830459,-5.270314],[-35.3827247,-5.270207],[-35.3823578,-5.2700376],[-35.3824022,-5.2699261],[-35.3825859,-5.2694943],[-35.3827583,-5.2690618],[-35.3829483,-5.2686096],[-35.3831842,-5.2679544],[-35.3834183,-5.2673824],[-35.3836694,-5.2668951],[-35.3838538,-5.266592],[-35.3841004,-5.2662124],[-35.3843189,-5.265931],[-35.3845569,-5.265693],[-35.3846924,-5.2655593],[-35.3848336,-5.2653363],[-35.3849772,-5.2650558],[-35.3851268,-5.2646659],[-35.385309,-5.2640544],[-35.3854628,-5.2636066],[-35.3855453,-5.2633122],[-35.3856541,-5.2630245],[-35.3857398,-5.2627769],[-35.3858662,-5.262464],[-35.3863244,-5.2613507],[-35.3866062,-5.2607275],[-35.3867235,-5.2604635],[-35.3868364,-5.2602708],[-35.3868938,-5.2601271],[-35.3869819,-5.259922],[-35.3870724,-5.2598328],[-35.3871859,-5.2597874],[-35.3871998,-5.2597838],[-35.3872981,-5.2597578],[-35.3874224,-5.2597602],[-35.3875342,-5.2597565],[-35.387636,-5.2597388],[-35.3877313,-5.2596943],[-35.3877961,-5.2596346],[-35.3878765,-5.2595414],[-35.3879817,-5.2593941],[-35.3880421,-5.2592269],[-35.3881365,-5.2589638],[-35.3881983,-5.2587656],[-35.3883148,-5.2584898],[-35.3884671,-5.2582361],[-35.3886387,-5.2578926],[-35.3886928,-5.2577311],[-35.388757,-5.2575376],[-35.3887592,-5.2575302],[-35.3888163,-5.2573345],[-35.3888919,-5.2571046],[-35.3889792,-5.2569029],[-35.3890899,-5.2565239],[-35.3891776,-5.2563466],[-35.3892467,-5.2562419],[-35.3893075,-5.2561619],[-35.3893386,-5.256026],[-35.3893658,-5.2558855],[-35.3894333,-5.2557019],[-35.3895032,-5.2555458],[-35.3895484,-5.2553468],[-35.3896655,-5.2550737],[-35.3897702,-5.254827],[-35.3898875,-5.2545902],[-35.3900447,-5.2542324],[-35.3901989,-5.2539154],[-35.3902503,-5.2538151],[-35.3904284,-5.2534678],[-35.3906255,-5.2532643],[-35.3907768,-5.253058],[-35.3909841,-5.2528503],[-35.3911761,-5.2526515],[-35.3913925,-5.2524829],[-35.3915824,-5.2524071],[-35.3918502,-5.2522804],[-35.3920645,-5.2521789],[-35.3922553,-5.252063],[-35.3923465,-5.2519777],[-35.3925131,-5.2518229],[-35.3926369,-5.2516105],[-35.3927121,-5.2515143],[-35.3927843,-5.2514428],[-35.3930077,-5.2509804],[-35.3932209,-5.2505278],[-35.3933839,-5.2500882],[-35.3935981,-5.2496354],[-35.3936396,-5.2495477],[-35.3938403,-5.2491154],[-35.3940055,-5.2486577],[-35.3942357,-5.2479653],[-35.3943985,-5.2475867],[-35.3946372,-5.247338],[-35.3949219,-5.2471591],[-35.3951802,-5.2469087],[-35.3952811,-5.2465386],[-35.3953497,-5.2462733],[-35.3954799,-5.2459649],[-35.395665,-5.2458477],[-35.3959091,-5.2457672],[-35.3963451,-5.2456481],[-35.3965142,-5.24553],[-35.3967107,-5.2454544],[-35.3968806,-5.2453658],[-35.3970127,-5.2451813],[-35.3971388,-5.2450122],[-35.3972542,-5.244847],[-35.3975011,-5.2446228],[-35.3978315,-5.2443801],[-35.3981885,-5.2441731],[-35.3986497,-5.2439265],[-35.3992686,-5.2435888],[-35.4000455,-5.2431832],[-35.4006854,-5.2428303],[-35.4012185,-5.2423542],[-35.4017669,-5.2417189],[-35.4024419,-5.2409386],[-35.4029661,-5.2401436],[-35.4035259,-5.2390535],[-35.4038912,-5.2382943],[-35.4041626,-5.2377047],[-35.4044821,-5.2372096],[-35.4048249,-5.2366932],[-35.4052245,-5.2361873],[-35.405667,-5.2355695],[-35.4063721,-5.2346672],[-35.4070363,-5.2339357],[-35.4077121,-5.233185],[-35.4089859,-5.2318942],[-35.4100372,-5.2308986],[-35.4111607,-5.2292732],[-35.4118108,-5.2282022],[-35.4126343,-5.2269476],[-35.4133517,-5.2259763],[-35.4141211,-5.2249698],[-35.4147655,-5.2242498],[-35.4152954,-5.2235081],[-35.4159934,-5.2220537],[-35.4162256,-5.2215734],[-35.4164483,-5.2212502],[-35.4167172,-5.2209732],[-35.4170623,-5.2207582],[-35.4173722,-5.2206484],[-35.4178098,-5.2205752],[-35.4180988,-5.2205507],[-35.4186851,-5.2204859],[-35.4191413,-5.2204133],[-35.4194544,-5.2203323],[-35.4198137,-5.220219],[-35.4203568,-5.2200033],[-35.4209082,-5.2197066],[-35.4213883,-5.219195],[-35.4217629,-5.218888],[-35.4221534,-5.2185699],[-35.4225191,-5.2183162],[-35.4229423,-5.2180203],[-35.4235101,-5.2179269],[-35.4238415,-5.2179262],[-35.4241744,-5.2179719],[-35.4254635,-5.2176402],[-35.4255214,-5.2176222],[-35.4274113,-5.2166661],[-35.4291828,-5.2158222],[-35.4300925,-5.2153755],[-35.4312057,-5.2148287],[-35.4328125,-5.2139854],[-35.4340584,-5.213314],[-35.4351288,-5.2127898],[-35.4363156,-5.2120482],[-35.4373331,-5.211237],[-35.437441,-5.2111495],[-35.4385154,-5.2102782],[-35.4396073,-5.2093696],[-35.4399624,-5.2090815],[-35.4405952,-5.2087448],[-35.4415831,-5.2083037],[-35.4421348,-5.2080112],[-35.4430582,-5.207375],[-35.4437883,-5.2067039],[-35.4445625,-5.2060437],[-35.4452642,-5.2055202],[-35.4455176,-5.2053415],[-35.445957,-5.2050316],[-35.4465909,-5.2046564],[-35.4476049,-5.2042522],[-35.4480923,-5.203884],[-35.4489112,-5.203365],[-35.4498888,-5.2027557],[-35.4505793,-5.2021038],[-35.4513201,-5.2014489],[-35.4517202,-5.201057],[-35.4524375,-5.2003543],[-35.4529898,-5.1996955],[-35.4534302,-5.1991718],[-35.4537555,-5.1989554],[-35.4541297,-5.1987495],[-35.4543902,-5.1986951],[-35.45448,-5.1987303],[-35.4545486,-5.1987572],[-35.4547167,-5.1988788],[-35.4548739,-5.1990083],[-35.4550561,-5.1991032],[-35.4553272,-5.1990678],[-35.4557301,-5.1989107],[-35.4562683,-5.1987024],[-35.4567224,-5.1985384],[-35.4574817,-5.1980542],[-35.4580245,-5.1976931],[-35.4581642,-5.1976002],[-35.4589473,-5.1970323],[-35.4595144,-5.1964512],[-35.4601376,-5.1956376],[-35.460629,-5.1948797],[-35.4610278,-5.1941316],[-35.4612594,-5.1936971],[-35.4615477,-5.1930941],[-35.46188,-5.1923992],[-35.4624134,-5.1910178],[-35.462923,-5.1897768],[-35.463382,-5.1886074],[-35.4636225,-5.1879945],[-35.4643005,-5.1865325],[-35.464647,-5.1858339],[-35.4656817,-5.1833577],[-35.4667478,-5.1811662],[-35.4675004,-5.1796139],[-35.4678053,-5.1790736],[-35.4678849,-5.1789947],[-35.4681053,-5.1787765],[-35.4692699,-5.1774571],[-35.4700923,-5.1766711],[-35.4710248,-5.1758687],[-35.471612,-5.1752179],[-35.4720787,-5.1746537],[-35.4729328,-5.1733119],[-35.4737382,-5.1724943],[-35.4747525,-5.1714809],[-35.4754295,-5.1707407],[-35.4765135,-5.1695819],[-35.4771171,-5.1688228],[-35.4780758,-5.1674086],[-35.4785319,-5.1665838],[-35.4793172,-5.165426],[-35.4798841,-5.1646603],[-35.4804457,-5.1639898],[-35.481007,-5.1634932],[-35.4816079,-5.163087],[-35.4824545,-5.1624274],[-35.4833334,-5.1616631],[-35.484006,-5.1611686],[-35.4848103,-5.1605739],[-35.4854986,-5.1601073],[-35.4870348,-5.1588985],[-35.488173,-5.1579373],[-35.4889473,-5.1573798],[-35.4895279,-5.157048],[-35.4901562,-5.1570675],[-35.4906967,-5.157211],[-35.4911325,-5.1574274],[-35.4915089,-5.1574708],[-35.4918337,-5.1574018],[-35.4923341,-5.1572342],[-35.4926427,-5.1570943],[-35.493077,-5.1570221],[-35.4934235,-5.1570737],[-35.4938477,-5.15716],[-35.4943817,-5.1571139],[-35.4949103,-5.1569682],[-35.4956906,-5.1566687],[-35.4963179,-5.15637],[-35.4970545,-5.1560783],[-35.4976007,-5.1558952],[-35.4987626,-5.1553],[-35.4988882,-5.1552075],[-35.4992007,-5.1549772],[-35.4995915,-5.1546535],[-35.5001237,-5.1542988],[-35.5005562,-5.154097],[-35.5009521,-5.1539926],[-35.5015965,-5.1539235],[-35.5019323,-5.1538597],[-35.5023149,-5.153814],[-35.5025992,-5.1537423],[-35.5029625,-5.1536855],[-35.5033034,-5.1536671],[-35.5035373,-5.1537614],[-35.50374,-5.1538736],[-35.50389,-5.1540225],[-35.5040824,-5.1541243],[-35.5044509,-5.1541375],[-35.504603,-5.1541072],[-35.5048652,-5.1540739],[-35.5052628,-5.1540989],[-35.505544,-5.1542063],[-35.5057793,-5.1542609],[-35.5061543,-5.1542946],[-35.5064793,-5.154335],[-35.5070061,-5.1542684],[-35.5076618,-5.1541003],[-35.5084662,-5.1538718],[-35.50928,-5.1536442],[-35.5096247,-5.1535663],[-35.5100621,-5.1534445],[-35.5104909,-5.1533415],[-35.5106192,-5.1533107],[-35.5111975,-5.1531389],[-35.5117032,-5.1530025],[-35.5122368,-5.1527773],[-35.512246,-5.1527705],[-35.5125228,-5.1525653],[-35.5129888,-5.152248],[-35.5134331,-5.1519722],[-35.5139675,-5.1514582],[-35.5143026,-5.1512302],[-35.514757,-5.1509902],[-35.515112,-5.1509129],[-35.5153849,-5.1508701],[-35.5157328,-5.1508823],[-35.5162453,-5.150955],[-35.5163951,-5.1510148],[-35.5166318,-5.1511093],[-35.5170532,-5.1511923],[-35.5176982,-5.1511391],[-35.5182445,-5.1508916],[-35.5190637,-5.1504296],[-35.5198593,-5.1499011],[-35.5204293,-5.1494611],[-35.5207801,-5.1492746],[-35.5208835,-5.1492196],[-35.5212967,-5.1490141],[-35.5220141,-5.1486991],[-35.5223182,-5.1485116],[-35.5226352,-5.1482838],[-35.5229244,-5.1481239],[-35.5232754,-5.148067],[-35.5232919,-5.148067],[-35.523762,-5.1479857],[-35.5237785,-5.1479816],[-35.5242192,-5.14781],[-35.5246682,-5.1474787],[-35.525063,-5.1472173],[-35.5255921,-5.1468712],[-35.5261648,-5.1465158],[-35.5268827,-5.1461389],[-35.5277565,-5.1457187],[-35.5283316,-5.1453904],[-35.5288774,-5.1451979],[-35.5294727,-5.1450878],[-35.5299875,-5.1449862],[-35.5307345,-5.1447699],[-35.530755,-5.1447699],[-35.5311878,-5.1446189],[-35.531225,-5.1446107],[-35.5316477,-5.1444598],[-35.5319341,-5.1443575],[-35.5320605,-5.1442868],[-35.5323817,-5.144107],[-35.5329569,-5.1436604],[-35.5335447,-5.143279],[-35.5339133,-5.1430738],[-35.5342115,-5.1429548],[-35.5348591,-5.1427551],[-35.5355411,-5.1425684],[-35.5372231,-5.1420373],[-35.5379257,-5.1418002],[-35.5383148,-5.1416029],[-35.5389641,-5.1413735],[-35.5394788,-5.1411522],[-35.5394913,-5.1411439],[-35.5398096,-5.141091],[-35.5400492,-5.1411449],[-35.5402722,-5.1412399],[-35.5405695,-5.1413845],[-35.5405736,-5.1413845],[-35.5406108,-5.1413928],[-35.5408584,-5.1414221],[-35.5408873,-5.1414222],[-35.5411671,-5.1414229],[-35.5418268,-5.1413677],[-35.5425813,-5.1412188],[-35.5433539,-5.1409176],[-35.5440226,-5.1406355],[-35.5445871,-5.1403809],[-35.545249,-5.1400725],[-35.5460549,-5.1396455],[-35.5465254,-5.1393767],[-35.5469535,-5.1391051],[-35.5473003,-5.1388967],[-35.5475603,-5.1387332],[-35.5478165,-5.138621],[-35.5482648,-5.1385288],[-35.5486366,-5.1384751],[-35.5490302,-5.1384334],[-35.5493577,-5.1384353],[-35.5496195,-5.1384181],[-35.5498809,-5.1384057],[-35.5501392,-5.1383737],[-35.5504181,-5.1383284],[-35.5507672,-5.1382583],[-35.5510875,-5.1381911],[-35.5512831,-5.1381353],[-35.5516107,-5.1380788],[-35.5518782,-5.1380965],[-35.5522581,-5.1381588],[-35.5526643,-5.1381768],[-35.5530691,-5.1381214],[-35.5534769,-5.1380578],[-35.5538982,-5.1379853],[-35.5543741,-5.1378455],[-35.5550331,-5.1378008],[-35.5555518,-5.137755],[-35.5560961,-5.1377467],[-35.5563917,-5.1377558],[-35.5570572,-5.1377778],[-35.5573999,-5.1377492],[-35.5580108,-5.1376584],[-35.5585039,-5.1375671],[-35.5590205,-5.1373827],[-35.5593531,-5.1372709],[-35.5593613,-5.1372709],[-35.5598349,-5.137099],[-35.5601665,-5.1370071],[-35.5603881,-5.1369673],[-35.5606854,-5.1369591],[-35.5609933,-5.1370423],[-35.5614808,-5.1370402],[-35.5623541,-5.1369003],[-35.5633239,-5.1366153],[-35.5642943,-5.1362892],[-35.5650302,-5.1359647],[-35.5660016,-5.1355779],[-35.5667002,-5.1353143],[-35.5673576,-5.1350011],[-35.5680676,-5.1348371],[-35.5687101,-5.1347221],[-35.5694506,-5.1345775],[-35.5700462,-5.1344477],[-35.5703502,-5.1343772],[-35.5706878,-5.1343493],[-35.5707154,-5.134347],[-35.5710199,-5.1343366],[-35.5713995,-5.1343549],[-35.5716266,-5.1343278],[-35.572009,-5.134251],[-35.5722717,-5.1340652],[-35.5726864,-5.1338293],[-35.5728985,-5.1335928],[-35.5731804,-5.1333009],[-35.5734324,-5.1331081],[-35.5736635,-5.1329616],[-35.5740509,-5.1327057],[-35.5743614,-5.1324938],[-35.5745929,-5.1322837],[-35.5748605,-5.131983],[-35.5750923,-5.1317235],[-35.5754373,-5.1313593],[-35.5757638,-5.1310341],[-35.5761091,-5.1307036],[-35.5763613,-5.1305104],[-35.5766473,-5.1303492],[-35.5770798,-5.1301545],[-35.5775713,-5.1300481],[-35.5781187,-5.1300049],[-35.5785701,-5.1299794],[-35.579044,-5.1298956],[-35.5794407,-5.129789],[-35.5798055,-5.1296435],[-35.5802064,-5.1294656],[-35.5807719,-5.1291488],[-35.5811429,-5.1288736],[-35.5814277,-5.1286347],[-35.5817424,-5.1283977],[-35.5820097,-5.1281517],[-35.5822251,-5.1280637],[-35.5825819,-5.1280144],[-35.5830722,-5.1280511],[-35.5837162,-5.1281035],[-35.5842226,-5.1281531],[-35.5846018,-5.1281291],[-35.585245,-5.1281885],[-35.5856164,-5.1282184],[-35.5858087,-5.1282179],[-35.5859066,-5.1282172],[-35.5862854,-5.1282145],[-35.5867316,-5.1282192],[-35.5874781,-5.1280138],[-35.5879403,-5.1278216],[-35.5885897,-5.1274645],[-35.5889908,-5.1272676],[-35.5893504,-5.1270667],[-35.589751,-5.1269441],[-35.5903406,-5.1267522],[-35.5909175,-5.1265135],[-35.5914059,-5.1262672],[-35.5923005,-5.1257739],[-35.5928083,-5.1254044],[-35.5932205,-5.1249984],[-35.5936477,-5.1246263],[-35.5938889,-5.1243877],[-35.5941053,-5.12419],[-35.5945016,-5.1239525],[-35.5948606,-5.12376],[-35.595426,-5.1234569],[-35.5959666,-5.123314],[-35.5967959,-5.1231553],[-35.5974517,-5.1230209],[-35.598022,-5.1229555],[-35.5984418,-5.122955],[-35.5988506,-5.122894],[-35.5993153,-5.1228009],[-35.6001822,-5.122538],[-35.6009662,-5.1222518],[-35.6014924,-5.1219975],[-35.6019479,-5.1217975],[-35.6021818,-5.1216571],[-35.6024163,-5.1215099],[-35.6027331,-5.1213362],[-35.6029655,-5.1212137],[-35.6033412,-5.1211129],[-35.6039055,-5.1211668],[-35.6044386,-5.1211193],[-35.6048396,-5.1210636],[-35.6053478,-5.120914],[-35.6061833,-5.120593],[-35.6067761,-5.1203393],[-35.6070739,-5.120159],[-35.6073348,-5.1199939],[-35.6075739,-5.1198596],[-35.6078613,-5.119747],[-35.6082802,-5.1196178],[-35.6085469,-5.1195351],[-35.6088369,-5.1194725],[-35.6094493,-5.1192367],[-35.6101868,-5.1188983],[-35.6109044,-5.1184845],[-35.6114938,-5.1181143],[-35.6123307,-5.1174833],[-35.6133811,-5.1167755],[-35.6148366,-5.1156483],[-35.6159102,-5.1147945],[-35.616349,-5.1144994],[-35.6166705,-5.1142523],[-35.6167948,-5.1141661],[-35.6170566,-5.1139844],[-35.6175453,-5.1166535],[-35.6188441,-5.1256393],[-35.6193385,-5.1290126],[-35.6296071,-5.1990754],[-35.6296978,-5.199177],[-35.6299777,-5.1994907],[-35.6386318,-5.2091874],[-35.6530105,-5.2252985],[-35.6828857,-5.2773518],[-35.6960516,-5.2713505],[-35.7054052,-5.2940607],[-35.7564392,-5.2936541],[-35.7619256,-5.2936031],[-35.8318886,-5.3060822],[-35.8142133,-5.4647787],[-35.813582,-5.4647269],[-35.8103924,-5.4657108],[-35.8074134,-5.4644576],[-35.8063743,-5.4646878],[-35.8049589,-5.4642464],[-35.8041027,-5.4637652],[-35.8023936,-5.4636246],[-35.8003814,-5.4621427],[-35.7992647,-5.4618512],[-35.797925,-5.4611846],[-35.7963577,-5.4599999],[-35.7953399,-5.4569111],[-35.794369,-5.455797],[-35.7932539,-5.4552782],[-35.7923547,-5.4540912],[-35.7919787,-5.4529745],[-35.7910851,-5.4526817],[-35.7900112,-5.4533932],[-35.788971,-5.4533985],[-35.7884258,-5.4527868],[-35.7878222,-5.4525145],[-35.7862641,-5.4506841],[-35.7857934,-5.4503786],[-35.7847059,-5.4503093],[-35.7840441,-5.4499346],[-35.7833423,-5.4492193],[-35.7828709,-5.4478622],[-35.7824805,-5.4472954],[-35.7781674,-5.4441534],[-35.7775276,-5.4430127],[-35.7772166,-5.4428255],[-35.7758764,-5.4433045],[-35.7753943,-5.4434775],[-35.7747729,-5.4435174],[-35.7730607,-5.4428084],[-35.7724789,-5.4427348],[-35.7718587,-5.4428504],[-35.7711614,-5.4432687],[-35.7694617,-5.4452048],[-35.7674862,-5.4465732],[-35.7668697,-5.4472934],[-35.76595,-5.4494888],[-35.7652956,-5.4505834],[-35.7643789,-5.4516093],[-35.7637537,-5.4506698],[-35.7627419,-5.4497657],[-35.7443137,-5.4254989],[-35.7430114,-5.4235422],[-35.7410322,-5.4209344],[-35.7381418,-5.417126],[-35.7371678,-5.4156403],[-35.7361088,-5.4132885],[-35.7358599,-5.4115627],[-35.7349984,-5.4087483],[-35.733267,-5.4067699],[-35.7319054,-5.404593],[-35.7236808,-5.3951206],[-35.72219,-5.3928308],[-35.720742,-5.3909667],[-35.7188781,-5.3892406],[-35.7116531,-5.3843316],[-35.7079351,-5.3816091],[-35.7048545,-5.3797041],[-35.7040352,-5.3791974],[-35.6991255,-5.3755741],[-35.6919338,-5.3711954],[-35.6879593,-5.368274],[-35.6833165,-5.3651865],[-35.6816891,-5.3633712],[-35.680267,-5.361158],[-35.6786579,-5.3596859],[-35.6746545,-5.3569663],[-35.6691544,-5.3536689],[-35.6649807,-5.3501502],[-35.6417106,-5.3345055],[-35.6355353,-5.3316201],[-35.6339336,-5.3308715],[-35.6265491,-5.3281223],[-35.61864,-5.3242363],[-35.6102667,-5.3204191],[-35.5995086,-5.3157859],[-35.5964159,-5.3141254],[-35.5938474,-5.31347],[-35.5892857,-5.3117713],[-35.5858777,-5.3100607],[-35.5849066,-5.3090121],[-35.5835863,-5.3075864],[-35.5836424,-5.3074816],[-35.5835659,-5.3073495],[-35.5833373,-5.3071037],[-35.5827921,-5.3061952],[-35.5825367,-5.3057697],[-35.5823726,-5.3054962],[-35.5822187,-5.3052398],[-35.5818385,-5.3045439],[-35.5814366,-5.3038284],[-35.5811586,-5.3033428],[-35.5811484,-5.303325],[-35.5809079,-5.3027396],[-35.5806489,-5.3020636],[-35.5805676,-5.3018514],[-35.5806152,-5.3017049],[-35.5806178,-5.301584],[-35.5806367,-5.3006913],[-35.580644,-5.3003455],[-35.5787203,-5.301946],[-35.5349126,-5.3383927],[-35.53444,-5.3387859],[-35.53432,-5.3387785],[-35.5336379,-5.3387366],[-35.5305489,-5.338547],[-35.5263661,-5.3382902],[-35.5226518,-5.337563],[-35.5197024,-5.3365318],[-35.5154164,-5.33614],[-35.5108209,-5.3350428],[-35.5086017,-5.3348289],[-35.5075485,-5.3348529],[-35.5065421,-5.3351423],[-35.504514,-5.3360733],[-35.5032162,-5.3372315],[-35.5025306,-5.3375688],[-35.5017377,-5.3376699],[-35.5008087,-5.3375023],[-35.4994281,-5.3366149],[-35.4973286,-5.3365574],[-35.4955922,-5.3361164],[-35.4941436,-5.3352967],[-35.4925318,-5.3340364],[-35.4916079,-5.3323649],[-35.4911075,-5.3318828],[-35.4904182,-5.3316989],[-35.4889681,-5.3319764],[-35.4857179,-5.3330219],[-35.4846093,-5.3331751],[-35.4827723,-5.3327725],[-35.4810068,-5.3312903],[-35.4803153,-5.3308844],[-35.4791648,-5.3305531],[-35.4780148,-5.3294789],[-35.4766559,-5.3286808],[-35.4761724,-5.3278845],[-35.475589,-5.3274293],[-35.4741045,-5.3271874],[-35.4735666,-5.326779],[-35.4721498,-5.3264496],[-35.4711129,-5.3258602],[-35.4680184,-5.3253513],[-35.4664477,-5.3260268],[-35.4651448,-5.325809],[-35.4633103,-5.3258511],[-35.462235,-5.3249279],[-35.4608673,-5.3242964],[-35.4577554,-5.3239391],[-35.4571804,-5.3235332],[-35.4563298,-5.3224101],[-35.4559047,-5.3203724],[-35.4554064,-5.3199661],[-35.4538331,-5.3192986],[-35.4529552,-5.3192314],[-35.4521914,-5.3193832],[-35.4515383,-5.3190516],[-35.4495363,-5.3189651],[-35.4480588,-5.318469],[-35.446486,-5.3183999],[-35.4453743,-5.3176606],[-35.4452567,-5.3170288],[-35.4448348,-5.3165456],[-35.443455,-5.3166274],[-35.4425037,-5.3174117],[-35.44125,-5.319538],[-35.4404874,-5.3203217],[-35.4405685,-5.321402],[-35.440915,-5.3219578],[-35.4408422,-5.3229642],[-35.441154,-5.323562],[-35.4408878,-5.3245499],[-35.4408162,-5.3260703],[-35.4399792,-5.3270401],[-35.438452,-5.3279386],[-35.4374986,-5.3287623],[-35.4370402,-5.3288747],[-35.4364264,-5.3287299],[-35.434625,-5.3278805],[-35.4338591,-5.3278104],[-35.4330217,-5.3285575],[-35.4319563,-5.3300511],[-35.4312675,-5.330052],[-35.430616,-5.3297573],[-35.4303082,-5.328772],[-35.4298856,-5.3284572],[-35.4273995,-5.3287298],[-35.4265974,-5.3290661],[-35.4261034,-5.3302967],[-35.4253022,-5.3308943],[-35.418538,-5.3328406]]]},"properties":{"CD_MUN":"2414407","NM_MUN":"Touros","CD_RGI":"240001","NM_RGI":"Natal","CD_RGINT":"2401","NM_RGINT":"Natal","CD_UF":"24","NM_UF":"Rio Grande do Norte","SIGLA_UF":"RN","CD_REGIA":"2","NM_REGIA":"Nordeste","SIGLA_RG":"NE","CD_CONCU":"","NM_CONCU":"","AREA_KM2":753.961}},
{"type":"Feature","geometry":{"type":"Polygon","coordinates":[[[-35.5677211,-6.2057416],[-35.5301392,-6.2152188],[-35.5264762,-6.2161425],[-35.5261819,-6.2162167],[-35.5135462,-6.2194012],[-35.5013856,-6.2224657],[-35.4704437,-6.2302596],[-35.4685,-6.2307486],[-35.4364252,-6.2534265],[-35.4234444,-6.2366777],[-35.40302,-6.2103246],[-35.4029474,-6.2101504],[-35.4029444,-6.2101431],[-35.3813898,-6.1584597],[-35.4135105,-6.132416],[-35.4139549,-6.1326284],[-35.4147512,-6.1330097],[-35.4171324,-6.1333866],[-35.4209453,-6.1333145],[-35.4233197,-6.1326938],[-35.4241478,-6.1330229],[-35.4253853,-6.1339063],[-35.4314558,-6.1352164],[-35.431567,-6.1352407],[-35.4323941,-6.1354193],[-35.4331715,-6.1363031],[-35.4347906,-6.1395062],[-35.4358426,-6.1402202],[-35.4384924,-6.1394339],[-35.4415305,-6.1390886],[-35.4437408,-6.1405511],[-35.4454766,-6.1419885],[-35.4460164,-6.1432712],[-35.4465108,-6.1436521],[-35.4470621,-6.1449688],[-35.4447991,-6.1467886],[-35.4438195,-6.1478638],[-35.4436327,-6.1492146],[-35.445491,-6.1541122],[-35.4498567,-6.1555205],[-35.45158,-6.1557649],[-35.4551188,-6.1569129],[-35.4576556,-6.1582205],[-35.4640639,-6.1638984],[-35.4662864,-6.1654735],[-35.4682216,-6.1664164],[-35.4685685,-6.166439],[-35.468784,-6.1664531],[-35.4693463,-6.1664897],[-35.4720953,-6.1674544],[-35.4753152,-6.1698272],[-35.4786356,-6.1728045],[-35.4805797,-6.1740007],[-35.4844239,-6.1760115],[-35.4858499,-6.1764793],[-35.4921793,-6.1770843],[-35.4937387,-6.177492],[-35.4982054,-6.179539],[-35.4997878,-6.1800602],[-35.5011127,-6.180953],[-35.5025425,-6.1824239],[-35.5033117,-6.1827066],[-35.5048679,-6.1836303],[-35.5064604,-6.185628],[-35.5075226,-6.1873672],[-35.5084359,-6.1883531],[-35.5087419,-6.1886833],[-35.5107537,-6.1902597],[-35.5122938,-6.1912036],[-35.5154529,-6.1918777],[-35.5183618,-6.1932997],[-35.5270378,-6.2013121],[-35.5280385,-6.2014145],[-35.5450033,-6.2008145],[-35.5504185,-6.1999017],[-35.5551966,-6.1991883],[-35.559615,-6.1982188],[-35.5605687,-6.2015432],[-35.5677211,-6.2057416]]]},"properties":{"CD_MUN":"2406304","NM_MUN":"Lagoa de Pedras","CD_RGI":"240002","NM_RGI":"Santo Antônio - Passa e Fica - Nova Cruz","CD_RGINT":"2401","NM_RGINT":"Natal","CD_UF":"24","NM_UF":"Rio Grande do Norte","SIGLA_UF":"RN","CD_REGIA":"2","NM_REGIA":"Nordeste","SIGLA_RG":"NE","CD_CONCU":"","NM_CONCU":"","AREA_KM2":117.971}},
{"type":"Feature","geometry":{"type":"Polygon","coordinates":[[[-35.5453893,-6.0556329],[-35.5435662,-6.0549091],[-35.5434432,-6.0548603],[-35.543411,-6.0548475],[-35.5431505,-6.0547441],[-35.5414966,-6.0540875],[-35.5414952,-6.054087],[-35.5414938,-6.0540864],[-35.5408364,-6.0541034],[-35.5400002,-6.054125],[-35.5399934,-6.0541237],[-35.5395504,-6.0540364],[-35.539542,-6.0540311],[-35.5389551,-6.0536611],[-35.5389491,-6.0536574],[-35.5382741,-6.0530237],[-35.5377963,-6.05287],[-35.5377914,-6.0528684],[-35.5373289,-6.0527197],[-35.535676,-6.0530241],[-35.5343404,-6.0530927],[-35.5308286,-6.053078],[-35.5257833,-6.0532571],[-35.5235169,-6.0535786],[-35.5214044,-6.0537132],[-35.5189178,-6.053538],[-35.5167411,-6.0530813],[-35.515558,-6.0526198],[-35.5138434,-6.0515389],[-35.5125679,-6.0511079],[-35.5104388,-6.0509942],[-35.5087298,-6.05135],[-35.5086789,-6.0533363],[-35.5075281,-6.053342],[-35.5053266,-6.05413],[-35.503836,-6.0544163],[-35.5020043,-6.0546115],[-35.5012584,-6.0547705],[-35.5006382,-6.0550833],[-35.5002353,-6.0551803],[-35.4999572,-6.0554302],[-35.4998676,-6.0563322],[-35.4996837,-6.0568311],[-35.4986353,-6.0585475],[-35.4983568,-6.0588593],[-35.4964965,-6.0598629],[-35.4953828,-6.0608942],[-35.4940181,-6.061274],[-35.4931165,-6.0611845],[-35.4925859,-6.0608765],[-35.4920262,-6.0607543],[-35.4914052,-6.0607574],[-35.4903662,-6.0613842],[-35.4896261,-6.0625075],[-35.4883849,-6.0629489],[-35.4916331,-6.069642],[-35.4926364,-6.0745291],[-35.4920356,-6.0741862],[-35.491727,-6.0741332],[-35.4911085,-6.074027],[-35.4892373,-6.074108],[-35.4876555,-6.073697],[-35.4861065,-6.0729224],[-35.4837806,-6.0723152],[-35.4783503,-6.0726674],[-35.4760762,-6.0719501],[-35.4740823,-6.0729955],[-35.47105,-6.0731917],[-35.4612138,-6.0773561],[-35.4612105,-6.0773569],[-35.4612067,-6.0773578],[-35.4612027,-6.0773588],[-35.4611987,-6.0773597],[-35.4611163,-6.0773791],[-35.4609917,-6.0774085],[-35.4608646,-6.0774385],[-35.4607327,-6.0774695],[-35.460717,-6.0774732],[-35.4607088,-6.0774752],[-35.4606985,-6.0774776],[-35.4606801,-6.0774819],[-35.4606596,-6.0774868],[-35.4606486,-6.0774894],[-35.4606362,-6.0774923],[-35.4606314,-6.0774934],[-35.4606097,-6.0774985],[-35.460588,-6.0775036],[-35.4605684,-6.0775083],[-35.4605464,-6.0775135],[-35.4605356,-6.077516],[-35.4605244,-6.0775186],[-35.460512,-6.0775215],[-35.4604894,-6.0775269],[-35.460467,-6.0775321],[-35.4604555,-6.0775349],[-35.4604437,-6.0775376],[-35.4604322,-6.0775403],[-35.4604137,-6.0775447],[-35.4604046,-6.0775469],[-35.4603952,-6.0775491],[-35.4603927,-6.0775497],[-35.4603878,-6.0775508],[-35.4602803,-6.0775761],[-35.4602758,-6.0775772],[-35.4597746,-6.0776953],[-35.4592454,-6.0778195],[-35.4592258,-6.0778241],[-35.4592182,-6.0778259],[-35.4592083,-6.0778282],[-35.4592071,-6.0778285],[-35.4591982,-6.0778306],[-35.4591964,-6.077831],[-35.4591913,-6.0778322],[-35.459185,-6.0778337],[-35.459168,-6.0778377],[-35.4591637,-6.0778387],[-35.4591589,-6.0778398],[-35.4591539,-6.077841],[-35.4590769,-6.0778591],[-35.4590054,-6.0778758],[-35.4589267,-6.0778943],[-35.4588616,-6.0779096],[-35.4587829,-6.077928],[-35.4587026,-6.0779469],[-35.4586689,-6.0779548],[-35.4586282,-6.0779644],[-35.458588,-6.0779738],[-35.4585477,-6.0779833],[-35.4585072,-6.0779928],[-35.4584616,-6.0780035],[-35.4583816,-6.0780222],[-35.4582996,-6.0780415],[-35.4582172,-6.0780608],[-35.4581393,-6.0780791],[-35.4580581,-6.0780982],[-35.4579764,-6.0781173],[-35.4578921,-6.0781371],[-35.4566197,-6.0784357],[-35.4565622,-6.0784492],[-35.4565571,-6.0784504],[-35.4512857,-6.0774013],[-35.4491297,-6.0749851],[-35.4443528,-6.0703862],[-35.4431769,-6.0677321],[-35.4426375,-6.0619025],[-35.437428,-6.0637442],[-35.4363547,-6.0641236],[-35.4322079,-6.0654621],[-35.430689,-6.0573257],[-35.4299626,-6.0534915],[-35.4295473,-6.0512989],[-35.4293922,-6.0504801],[-35.4293601,-6.0504305],[-35.429209,-6.0501972],[-35.4290089,-6.0498692],[-35.428542,-6.0490966],[-35.4278361,-6.047946],[-35.426796,-6.0462172],[-35.4267438,-6.0462229],[-35.4246038,-6.0464544],[-35.4222673,-6.0474824],[-35.4202394,-6.0478817],[-35.4148712,-6.0523644],[-35.4115977,-6.0537865],[-35.4068324,-6.0530261],[-35.4031606,-6.0527303],[-35.3991698,-6.0511054],[-35.3941734,-6.0511266],[-35.3912874,-6.0518424],[-35.3889558,-6.0544348],[-35.3871788,-6.0586673],[-35.3824226,-6.0601746],[-35.3794578,-6.0608911],[-35.3750045,-6.0600494],[-35.370785,-6.0595205],[-35.3678912,-6.0585166],[-35.3663315,-6.058837],[-35.3651373,-6.0555335],[-35.3668801,-6.0543329],[-35.3690878,-6.0535548],[-35.3693293,-6.0511027],[-35.3698158,-6.0498184],[-35.3701935,-6.0493026],[-35.3702021,-6.0492908],[-35.3708278,-6.0469821],[-35.3710163,-6.046361],[-35.3711106,-6.0460505],[-35.3711356,-6.0459696],[-35.3712356,-6.045646],[-35.3712526,-6.0455906],[-35.3716736,-6.0442266],[-35.3718035,-6.0422533],[-35.371882,-6.0421358],[-35.3728564,-6.0410303],[-35.3728767,-6.0410073],[-35.3729141,-6.0409649],[-35.3718796,-6.0405917],[-35.3707547,-6.0398253],[-35.3693848,-6.0391068],[-35.369122,-6.0389637],[-35.3707809,-6.0361782],[-35.3712807,-6.0357751],[-35.3716964,-6.0339253],[-35.3718567,-6.0335499],[-35.3721645,-6.0332082],[-35.3727207,-6.0326673],[-35.3740889,-6.0313361],[-35.3749668,-6.0304851],[-35.3756023,-6.0298663],[-35.3758894,-6.0295672],[-35.3765554,-6.0288686],[-35.3766536,-6.0287654],[-35.3766584,-6.0287603],[-35.3766847,-6.0287328],[-35.3768769,-6.0285315],[-35.3773574,-6.0273233],[-35.3781542,-6.025847],[-35.3784981,-6.0252099],[-35.3801714,-6.0236047],[-35.3809953,-6.0234376],[-35.3821223,-6.0217713],[-35.382233,-6.017915],[-35.3742191,-6.0129983],[-35.3702842,-6.0052655],[-35.3713996,-5.9880008],[-35.3731762,-5.9874992],[-35.37344,-5.9873764],[-35.4065497,-6.0005141],[-35.4194182,-6.0054267],[-35.4216722,-6.0062872],[-35.4220325,-6.0064245],[-35.4220342,-6.0064252],[-35.422356,-6.0065478],[-35.4526349,-6.0180885],[-35.5388059,-6.0509322],[-35.540284,-6.0514957],[-35.5421075,-6.0521909],[-35.546735,-6.0539548],[-35.5459593,-6.0549997],[-35.5459565,-6.0550034],[-35.5459537,-6.0550072],[-35.5453893,-6.0556329]]]},"properties":{"CD_MUN":"2414803","NM_MUN":"Vera Cruz","CD_RGI":"240001","NM_RGI":"Natal","CD_RGINT":"2401","NM_RGINT":"Natal","CD_UF":"24","NM_UF":"Rio Grande do Norte","SIGLA_UF":"RN","CD_REGIA":"2","NM_REGIA":"Nordeste","SIGLA_RG":"NE","CD_CONCU":"","NM_CONCU":"","AREA_KM2":84.127}},
{"type":"Feature","geometry":{"type":"Polygon","coordinates":[[[-35.7986908,-6.0425774],[-35.7840914,-6.0409406],[-35.7840443,-6.0409353],[-35.7840453,-6.0409307],[-35.7842821,-6.0395367],[-35.7817056,-6.0390328],[-35.7813445,-6.0406713],[-35.781562,-6.040704],[-35.7010335,-6.0679344],[-35.6941122,-6.070299],[-35.6923052,-6.0709164],[-35.6906088,-6.0714959],[-35.6859654,-6.0725632],[-35.6129168,-6.0893524],[-35.6068646,-6.0907434],[-35.6015785,-6.0919584],[-35.5905258,-6.0961671],[-35.5888724,-6.0967987],[-35.5875895,-6.0949344],[-35.5851691,-6.0923369],[-35.5826377,-6.0900672],[-35.5806894,-6.0889506],[-35.5799734,-6.0882872],[-35.5792521,-6.0876183],[-35.5792186,-6.0875773],[-35.5775572,-6.0855428],[-35.575508,-6.0825412],[-35.5735818,-6.0803868],[-35.5720048,-6.0794554],[-35.5707786,-6.0795447],[-35.6225572,-6.0366749],[-35.6474828,-6.0160379],[-35.6501929,-5.9764352],[-35.668406,-5.9838887],[-35.7083247,-6.0001776],[-35.708338,-6.000183],[-35.7092404,-6.0005513],[-35.7783375,-6.015875],[-35.7986908,-6.0425774]]]},"properties":{"CD_MUN":"2413102","NM_MUN":"Senador Elói de Souza","CD_RGI":"240006","NM_RGI":"São Paulo do Potengi","CD_RGINT":"2401","NM_RGINT":"Natal","CD_UF":"24","NM_UF":"Rio Grande do Norte","SIGLA_UF":"RN","CD_REGIA":"2","NM_REGIA":"Nordeste","SIGLA_RG":"NE","CD_CONCU":"","NM_CONCU":"","AREA_KM2":143.574}},
{"type":"Feature","geometry":{"type":"Polygon","coordinates":[[[-36.0964811,-6.4202596],[-36.0985717,-6.4199246],[-36.1773434,-6.4072956],[-36.1962483,-6.4053594],[-36.2202107,-6.4029037],[-36.2211971,-6.4028026],[-36.2439159,-6.3911303],[-36.2658325,-6.3798701],[-36.2963384,-6.3704104],[-36.2988131,-6.3765406],[-36.2992446,-6.3820571],[-36.2988575,-6.3846068],[-36.2976398,-6.387296],[-36.2954318,-6.3901241],[-36.2958798,-6.3927134],[-36.2959695,-6.3932319],[-36.2952214,-6.3945605],[-36.2916106,-6.3959957],[-36.2829197,-6.3974197],[-36.2770911,-6.3983742],[-36.2721582,-6.4010671],[-36.2690946,-6.4018877],[-36.2685573,-6.4019181],[-36.262244,-6.4022752],[-36.2615924,-6.4023123],[-36.2590073,-6.4047791],[-36.2511629,-6.4044235],[-36.2497721,-6.4373599],[-36.2497692,-6.4373595],[-36.2497661,-6.437359],[-36.2497571,-6.4373577],[-36.2497543,-6.4373572],[-36.2497511,-6.4373567],[-36.2497479,-6.4373563],[-36.2496089,-6.4373353],[-36.2494652,-6.4373136],[-36.2493256,-6.4372926],[-36.2491833,-6.4372711],[-36.2491656,-6.4372685],[-36.2491317,-6.4372634],[-36.2490982,-6.4372583],[-36.2490641,-6.4372532],[-36.2490295,-6.4372479],[-36.2489948,-6.4372427],[-36.2489594,-6.4372374],[-36.2488898,-6.4372269],[-36.2488189,-6.4372162],[-36.2487505,-6.4372059],[-36.2487158,-6.4372006],[-36.24868,-6.4371952],[-36.2486146,-6.4371854],[-36.2485442,-6.4371747],[-36.2484761,-6.4371645],[-36.2484011,-6.4371532],[-36.2482779,-6.4371346],[-36.2479013,-6.4370778],[-36.2473977,-6.4370019],[-36.2389084,-6.4357217],[-36.237189,-6.4354624],[-36.2371846,-6.4354618],[-36.2371076,-6.4354502],[-36.2290079,-6.4342288],[-36.2265349,-6.4340281],[-36.2117451,-6.4328312],[-36.2060293,-6.4323687],[-36.2041876,-6.4322196],[-36.2038347,-6.4321912],[-36.2038124,-6.4321893],[-36.1995225,-6.4318421],[-36.1956806,-6.4310935],[-36.1948481,-6.4309314],[-36.1885159,-6.4323214],[-36.1803454,-6.4303577],[-36.1754433,-6.4308248],[-36.1744649,-6.4307646],[-36.1723624,-6.430635],[-36.171756,-6.4305976],[-36.1708422,-6.4303178],[-36.1676124,-6.4293285],[-36.1437507,-6.4253246],[-36.142711,-6.4255886],[-36.1411751,-6.4266691],[-36.136954,-6.4257085],[-36.1322378,-6.4280708],[-36.1318123,-6.4281558],[-36.1310936,-6.4277685],[-36.1285048,-6.4252104],[-36.1274128,-6.4252052],[-36.1223,-6.4272622],[-36.112687,-6.4293382],[-36.1117924,-6.4293895],[-36.110189,-6.4291807],[-36.1089326,-6.4269354],[-36.107476,-6.426282],[-36.1074735,-6.4262768],[-36.1070061,-6.4253171],[-36.1062162,-6.4236951],[-36.1041618,-6.4222726],[-36.1031143,-6.4215473],[-36.0993786,-6.4220277],[-36.0972939,-6.4203911],[-36.0964811,-6.4202596]]]},"properties":{"CD_MUN":"2405009","NM_MUN":"Jaçanã","CD_RGI":"240004","NM_RGI":"Santa Cruz","CD_RGINT":"2401","NM_RGINT":"Natal","CD_UF":"24","NM_UF":"Rio Grande do Norte","SIGLA_UF":"RN","CD_REGIA":"2","NM_REGIA":"Nordeste","SIGLA_RG":"NE","CD_CONCU":"","NM_CONCU":"","AREA_KM2":54.561}},
{"type":"Feature","geometry":{"type":"Polygon","coordinates":[[[-38.277554,-6.1810385],[-38.2787787,-6.1808632],[-38.2885442,-6.1879015],[-38.309053,-6.1773955],[-38.3103775,-6.1767175],[-38.3110076,-6.1763949],[-38.311443,-6.1765937],[-38.3399148,-6.1895931],[-38.3574996,-6.2013833],[-38.3578838,-6.2176445],[-38.3573687,-6.2175487],[-38.3171665,-6.2364161],[-38.3161712,-6.2339795],[-38.3015782,-6.2413076],[-38.2990329,-6.2374705],[-38.2948426,-6.239341],[-38.290385,-6.2362226],[-38.2862348,-6.239888],[-38.2820902,-6.2399632],[-38.2797138,-6.2375923],[-38.2795837,-6.2374626],[-38.2795666,-6.2374293],[-38.2719691,-6.2226205],[-38.2652831,-6.2092342],[-38.2711522,-6.1977398],[-38.2667535,-6.1841825],[-38.2701209,-6.1820865],[-38.277554,-6.1810385]]]},"properties":{"CD_MUN":"2400406","NM_MUN":"Água Nova","CD_RGI":"240010","NM_RGI":"Pau dos Ferros","CD_RGINT":"2403","NM_RGINT":"Mossoró","CD_UF":"24","NM_UF":"Rio Grande do Norte","SIGLA_UF":"RN","CD_REGIA":"2","NM_REGIA":"Nordeste","SIGLA_RG":"NE","CD_CONCU":"","NM_CONCU":"","AREA_KM2":50.684}},
{"type":"Feature","geometry":{"type":"Polygon","coordinates":[[[-35.5518999,-5.7033471],[-35.5474642,-5.7027456],[-35.5473552,-5.70959],[-35.5287123,-5.712502],[-35.5190423,-5.7140124],[-35.4999161,-5.7169999],[-35.4984444,-5.7169806],[-35.4974402,-5.7167864],[-35.496413,-5.7164101],[-35.4953932,-5.716439],[-35.4941761,-5.716806],[-35.4930132,-5.7176871],[-35.4922217,-5.7186183],[-35.4911363,-5.7195612],[-35.4907827,-5.7198684],[-35.4901354,-5.7204309],[-35.488442,-5.7212115],[-35.4867468,-5.7214768],[-35.4845126,-5.7198895],[-35.4823559,-5.7176296],[-35.4806996,-5.7149051],[-35.4785205,-5.7133171],[-35.4768474,-5.7127576],[-35.4741967,-5.7126652],[-35.4730842,-5.7129277],[-35.4717652,-5.7144283],[-35.4712672,-5.7158224],[-35.4701575,-5.7166518],[-35.468091,-5.716867],[-35.4662886,-5.7167712],[-35.463581,-5.7161645],[-35.4609564,-5.7160212],[-35.4593684,-5.7166466],[-35.4582069,-5.717838],[-35.4563681,-5.7218134],[-35.4557657,-5.7235172],[-35.4519744,-5.7296155],[-35.4505745,-5.7309103],[-35.449148,-5.7320513],[-35.447437,-5.7330312],[-35.4468642,-5.7333584],[-35.4452384,-5.7338947],[-35.4423109,-5.7345565],[-35.4404956,-5.7349669],[-35.4396844,-5.7347777],[-35.43874,-5.7341183],[-35.4362197,-5.7330967],[-35.4349487,-5.7328546],[-35.4321617,-5.7327059],[-35.4285111,-5.7333081],[-35.4262905,-5.7336744],[-35.4203267,-5.7352836],[-35.4196054,-5.7354782],[-35.4133748,-5.7374377],[-35.409959,-5.7378016],[-35.4056125,-5.7374748],[-35.39629,-5.7360659],[-35.387131,-5.7353566],[-35.385898,-5.7351728],[-35.3844841,-5.734962],[-35.3838431,-5.734735],[-35.3822547,-5.7336184],[-35.381922,-5.7333846],[-35.3785272,-5.7318048],[-35.3770928,-5.731354],[-35.3713636,-5.7295534],[-35.3708722,-5.729399],[-35.3695526,-5.7291004],[-35.3616891,-5.7290637],[-35.3611363,-5.7284965],[-35.3610347,-5.7285115],[-35.3515994,-5.7156033],[-35.3360251,-5.6943018],[-35.3358468,-5.694058],[-35.3257626,-5.6802672],[-35.3255942,-5.680037],[-35.3123105,-5.6618783],[-35.2932337,-5.6358004],[-35.2927524,-5.6351431],[-35.2848114,-5.6242916],[-35.2804375,-5.623368],[-35.279366,-5.6231417],[-35.2792878,-5.6231251],[-35.2691479,-5.6209885],[-35.2351828,-5.6138313],[-35.2283863,-5.6123728],[-35.2276991,-5.6122507],[-35.2271281,-5.6121493],[-35.2271289,-5.6121236],[-35.2271769,-5.6109878],[-35.2272158,-5.6097622],[-35.2270635,-5.608542],[-35.2268043,-5.606928],[-35.2264523,-5.6053417],[-35.2258887,-5.6033806],[-35.225394,-5.6019072],[-35.2252852,-5.6012989],[-35.2250917,-5.599499],[-35.2249537,-5.5977655],[-35.2249338,-5.5962648],[-35.2249422,-5.5949843],[-35.2249236,-5.5947152],[-35.2249987,-5.5942743],[-35.2250374,-5.5940471],[-35.2251541,-5.5933625],[-35.2252054,-5.5927794],[-35.2251905,-5.5921767],[-35.2251736,-5.5916952],[-35.2251571,-5.5913064],[-35.2252396,-5.5909647],[-35.2254468,-5.5906071],[-35.2255009,-5.5905138],[-35.2257036,-5.5903979],[-35.2257313,-5.5904131],[-35.2261621,-5.5906495],[-35.2263171,-5.5905816],[-35.2265822,-5.5903657],[-35.2269887,-5.5896688],[-35.227208,-5.5887953],[-35.2272517,-5.5875787],[-35.2270688,-5.5863927],[-35.2268873,-5.5856785],[-35.2266134,-5.5846009],[-35.2264206,-5.5833453],[-35.2261736,-5.5824794],[-35.2260882,-5.5816018],[-35.2261914,-5.5810451],[-35.226636,-5.5797602],[-35.2276122,-5.577164],[-35.2279072,-5.5760661],[-35.2282843,-5.5750538],[-35.2284798,-5.5747366],[-35.2286356,-5.5745536],[-35.2287731,-5.5745333],[-35.2288091,-5.574528],[-35.2291067,-5.5745858],[-35.2294905,-5.5749289],[-35.2299367,-5.5751674],[-35.2299542,-5.5751767],[-35.2306921,-5.5752895],[-35.2311374,-5.5752089],[-35.2314523,-5.575152],[-35.2321377,-5.5748667],[-35.2332983,-5.5741685],[-35.2334179,-5.5740965],[-35.2338345,-5.5737724],[-35.234303,-5.5734079],[-35.2346617,-5.5731169],[-35.2353439,-5.5725633],[-35.2357296,-5.5722173],[-35.2362041,-5.5714834],[-35.2365649,-5.5708259],[-35.23662,-5.570694],[-35.2369225,-5.5699704],[-35.2372203,-5.5690826],[-35.2373868,-5.5683039],[-35.237513,-5.5672826],[-35.2375166,-5.5667352],[-35.2375689,-5.5663203],[-35.2376821,-5.5654642],[-35.2377825,-5.56509],[-35.2379492,-5.5644687],[-35.2383009,-5.5637532],[-35.2383244,-5.5637054],[-35.2387102,-5.5630215],[-35.2387979,-5.562866],[-35.2390708,-5.5625589],[-35.239173,-5.5624761],[-35.2399044,-5.5618832],[-35.2402706,-5.5615865],[-35.2405419,-5.561357],[-35.2415403,-5.5605129],[-35.2420251,-5.5600599],[-35.2425965,-5.5593631],[-35.2436919,-5.5579329],[-35.2440224,-5.5572853],[-35.2447346,-5.5559346],[-35.2458479,-5.5531366],[-35.2463927,-5.5517034],[-35.2469159,-5.550327],[-35.2479315,-5.5474555],[-35.248402,-5.5461074],[-35.2488218,-5.5445369],[-35.2491425,-5.5429181],[-35.2493069,-5.5412668],[-35.2494923,-5.5391858],[-35.249423,-5.537122],[-35.2492465,-5.5351745],[-35.248906,-5.5336245],[-35.2486945,-5.5328936],[-35.2486389,-5.5324672],[-35.2486065,-5.5307909],[-35.2486932,-5.5298032],[-35.2487124,-5.52943],[-35.2486726,-5.5291888],[-35.2484805,-5.5289551],[-35.2483254,-5.5286054],[-35.248361,-5.5282318],[-35.2484643,-5.527958],[-35.2487637,-5.527814],[-35.248975,-5.5276848],[-35.2491116,-5.5275449],[-35.2494225,-5.5270687],[-35.2497658,-5.5264195],[-35.2499251,-5.5258638],[-35.250057,-5.5252441],[-35.2500854,-5.5247132],[-35.2502101,-5.5240109],[-35.2502381,-5.5236592],[-35.2501472,-5.5232583],[-35.2499918,-5.5228416],[-35.249894,-5.5224955],[-35.249916,-5.52204],[-35.2500441,-5.5216363],[-35.2502531,-5.5215693],[-35.2506548,-5.5216653],[-35.2511091,-5.5216954],[-35.2514401,-5.5216228],[-35.2515893,-5.5214568],[-35.2517255,-5.5212207],[-35.2517147,-5.5209822],[-35.2514083,-5.5208243],[-35.2511935,-5.5207236],[-35.251027,-5.5205974],[-35.2508635,-5.5203194],[-35.2507751,-5.5199208],[-35.2505766,-5.5194007],[-35.2504324,-5.5190961],[-35.250046,-5.5187262],[-35.2497908,-5.5185071],[-35.2491813,-5.5183961],[-35.2486708,-5.5182244],[-35.2485609,-5.5179079],[-35.2486064,-5.5175644],[-35.2486383,-5.5172418],[-35.2486077,-5.5168929],[-35.2483138,-5.5164549],[-35.247993,-5.5162228],[-35.2477233,-5.515969],[-35.2476441,-5.5156987],[-35.2476648,-5.5154876],[-35.2478637,-5.5154203],[-35.2480918,-5.5154283],[-35.2484397,-5.5155694],[-35.2492141,-5.5160347],[-35.2497595,-5.5164609],[-35.2503188,-5.5169031],[-35.2511515,-5.5174331],[-35.2514097,-5.5175412],[-35.2519203,-5.517754],[-35.2524318,-5.5178798],[-35.2531185,-5.5178933],[-35.253877,-5.5178144],[-35.2545523,-5.517751],[-35.2550345,-5.5175267],[-35.2555958,-5.5171203],[-35.255832,-5.5168688],[-35.2561191,-5.51732],[-35.2538455,-5.5195317],[-35.2534782,-5.5199022],[-35.2535141,-5.5201895],[-35.2536578,-5.5203332],[-35.2539451,-5.5206026],[-35.2542684,-5.5206744],[-35.2549329,-5.5206924],[-35.2551843,-5.5211593],[-35.255346,-5.5219855],[-35.2556333,-5.5226679],[-35.2557052,-5.5231888],[-35.255346,-5.52353],[-35.2551664,-5.5238892],[-35.255328,-5.5244639],[-35.2555435,-5.52529],[-35.2556063,-5.52555],[-35.2556693,-5.5258108],[-35.2559027,-5.5260982],[-35.2566391,-5.5262418],[-35.2569982,-5.5263855],[-35.2573395,-5.526619],[-35.257555,-5.5268165],[-35.2574652,-5.5276786],[-35.2574113,-5.5278761],[-35.2572676,-5.5279839],[-35.2570521,-5.5277504],[-35.256675,-5.5278223],[-35.2565133,-5.5281455],[-35.2563158,-5.5284329],[-35.2561362,-5.5287562],[-35.2561003,-5.5290794],[-35.2561721,-5.5294745],[-35.256226,-5.5299056],[-35.2564774,-5.5302647],[-35.2569084,-5.5302827],[-35.2572856,-5.5303725],[-35.2573934,-5.5305521],[-35.2576448,-5.530606],[-35.2579142,-5.5305162],[-35.2583811,-5.5303725],[-35.258453,-5.5300492],[-35.2585157,-5.5297236],[-35.2586022,-5.5294234],[-35.2587583,-5.5292411],[-35.2588922,-5.529225],[-35.2590277,-5.5291872],[-35.2592891,-5.5290927],[-35.2593908,-5.5291181],[-35.2595126,-5.5290974],[-35.259691,-5.5289756],[-35.2600014,-5.5289349],[-35.2602848,-5.5285945],[-35.2605003,-5.5285227],[-35.2608595,-5.5282353],[-35.2611564,-5.5279988],[-35.2614701,-5.5277684],[-35.2617214,-5.527518],[-35.2620111,-5.5270728],[-35.2622604,-5.5262841],[-35.2624528,-5.5252557],[-35.2629787,-5.5242304],[-35.2638028,-5.5232307],[-35.2645572,-5.522238],[-35.2651555,-5.5212674],[-35.2659085,-5.5204483],[-35.2665486,-5.5199476],[-35.266982,-5.5196037],[-35.2670905,-5.5195216],[-35.2672211,-5.5194228],[-35.2673585,-5.5193188],[-35.267725,-5.5190841],[-35.2681428,-5.5188843],[-35.2685061,-5.5186118],[-35.268815,-5.518412],[-35.2690329,-5.5182485],[-35.2693236,-5.5180124],[-35.2696324,-5.5177399],[-35.2699049,-5.5172676],[-35.2700321,-5.5168679],[-35.2702137,-5.5164864],[-35.2703045,-5.5160868],[-35.2705407,-5.5157235],[-35.2706497,-5.5153057],[-35.2707224,-5.5149242],[-35.270904,-5.5144882],[-35.270904,-5.5142339],[-35.271013,-5.5139796],[-35.2710675,-5.5137071],[-35.2712673,-5.5134346],[-35.2713582,-5.5130895],[-35.271449,-5.5128715],[-35.2715398,-5.5126172],[-35.2716306,-5.5123083],[-35.2716306,-5.5119814],[-35.271667,-5.5117634],[-35.2716306,-5.5114001],[-35.2716851,-5.5111639],[-35.2716851,-5.5108733],[-35.2716851,-5.5104918],[-35.2717033,-5.5101648],[-35.2716306,-5.5098741],[-35.2717215,-5.5096925],[-35.2718123,-5.509529],[-35.2718817,-5.5093159],[-35.2717033,-5.5091293],[-35.2715459,-5.5091175],[-35.2713017,-5.509031],[-35.2708641,-5.5088733],[-35.2706352,-5.5086138],[-35.2707064,-5.5082831],[-35.2706679,-5.5079486],[-35.270625,-5.5078048],[-35.270279,-5.5075555],[-35.2698872,-5.5072604],[-35.2696481,-5.5070772],[-35.2695718,-5.506894],[-35.2695311,-5.5067058],[-35.2696227,-5.5065684],[-35.2699776,-5.5064045],[-35.2701518,-5.5063496],[-35.2704774,-5.5063496],[-35.2707267,-5.5065735],[-35.2709506,-5.5066753],[-35.2712762,-5.5067567],[-35.2716019,-5.5068737],[-35.2718123,-5.5069313],[-35.2719026,-5.5068439],[-35.2719173,-5.5066975],[-35.2719071,-5.5064717],[-35.2719071,-5.5061461],[-35.2719122,-5.5058917],[-35.2720848,-5.5056779],[-35.2722846,-5.505587],[-35.2725838,-5.5054491],[-35.2726346,-5.5053214],[-35.2726347,-5.5051438],[-35.2726551,-5.5048996],[-35.2727365,-5.5046655],[-35.2729095,-5.5045383],[-35.2731537,-5.5043806],[-35.2733927,-5.5042791],[-35.273693,-5.5041211],[-35.2738507,-5.5039939],[-35.2740192,-5.5037927],[-35.2739793,-5.5031425],[-35.2752407,-5.5017041],[-35.2752321,-5.5016278],[-35.2766344,-5.5010941],[-35.2774662,-5.5010605],[-35.2784237,-5.5013261],[-35.2788714,-5.5012725],[-35.2790944,-5.5010523],[-35.2794104,-5.500494],[-35.2794403,-5.4999339],[-35.2791812,-5.4985381],[-35.2793076,-5.4982575],[-35.2800719,-5.4978817],[-35.2800378,-5.4975105],[-35.2794617,-5.4969831],[-35.2793961,-5.4966118],[-35.2796176,-5.4962679],[-35.2805096,-5.4957671],[-35.2808919,-5.4950835],[-35.2815292,-5.4948938],[-35.2817488,-5.4937432],[-35.2820661,-5.4933386],[-35.2835638,-5.4926178],[-35.2841074,-5.492616],[-35.2844919,-5.4929263],[-35.2848135,-5.4937322],[-35.2856003,-5.4939429],[-35.2870212,-5.4946217],[-35.2889043,-5.494463],[-35.2898278,-5.4939922],[-35.2912649,-5.4941115],[-35.2922216,-5.4934235],[-35.2934342,-5.4931709],[-35.2942939,-5.492608],[-35.2960059,-5.4922397],[-35.2963975,-5.4918553],[-35.2965573,-5.4913266],[-35.2960727,-5.4901155],[-35.2959073,-5.4887507],[-35.2960981,-5.4883767],[-35.2968312,-5.4878461],[-35.2974983,-5.4870678],[-35.2983601,-5.4869397],[-35.2998951,-5.4872438],[-35.3014915,-5.4867646],[-35.3036933,-5.4874159],[-35.3044595,-5.4872875],[-35.3053199,-5.4867572],[-35.3058623,-5.486848],[-35.3066009,-5.4876844],[-35.3085189,-5.4882362],[-35.3088065,-5.4886683],[-35.3089086,-5.4897873],[-35.3093566,-5.4902835],[-35.3100678,-5.490656],[-35.3121156,-5.4912976],[-35.3125861,-5.4912961],[-35.3130969,-5.4910776],[-35.313954,-5.4898925],[-35.3147185,-5.4894521],[-35.3162196,-5.4893249],[-35.3214202,-5.4883408],[-35.3234641,-5.4884591],[-35.3239361,-5.4888498],[-35.3255149,-5.4901567],[-35.3263456,-5.4904348],[-35.3279404,-5.490117],[-35.3288983,-5.4901463],[-35.3301727,-5.4892072],[-35.3315125,-5.4887056],[-35.3324336,-5.4875206],[-35.333431,-5.4868275],[-35.3338301,-5.4856218],[-35.3341157,-5.4852479],[-35.3345305,-5.4851219],[-35.3355498,-5.4843092],[-35.3395975,-5.4823678],[-35.3408742,-5.4820842],[-35.341344,-5.4813454],[-35.342717,-5.4798067],[-35.3439905,-5.478809],[-35.3458621,-5.4782766],[-35.3476912,-5.4781099],[-35.3491601,-5.4775476],[-35.350718,-5.476547],[-35.351673,-5.4754874],[-35.3528181,-5.4748303],[-35.3554295,-5.4727076],[-35.3559077,-5.4722088],[-35.3568253,-5.4706521],[-35.3573986,-5.4700606],[-35.3582279,-5.4696211],[-35.358864,-5.4694938],[-35.3620902,-5.4694807],[-35.3628874,-5.468889],[-35.363767,-5.468798],[-35.3653748,-5.4683496],[-35.3693573,-5.4660351],[-35.3701826,-5.4651003],[-35.3708834,-5.4647265],[-35.3722045,-5.4644097],[-35.3757668,-5.4643024],[-35.376375,-5.4644243],[-35.3766966,-5.464983],[-35.3772716,-5.4653824],[-35.3772748,-5.4658173],[-35.3786503,-5.4659997],[-35.3798913,-5.4655911],[-35.3802112,-5.4657767],[-35.380342,-5.4661475],[-35.3815252,-5.4669516],[-35.3813689,-5.4679156],[-35.3815631,-5.468504],[-35.3819466,-5.4689064],[-35.3823327,-5.4690295],[-35.3837985,-5.4685888],[-35.3846592,-5.4685223],[-35.3857441,-5.4680824],[-35.3874943,-5.4663996],[-35.3885153,-5.466458],[-35.3890919,-5.4669211],[-35.3907535,-5.4668523],[-35.3914234,-5.4665703],[-35.3925769,-5.4649979],[-35.3930744,-5.4648544],[-35.3936826,-5.4649772],[-35.3939344,-5.4651793],[-35.3940673,-5.4652859],[-35.3951525,-5.4653127],[-35.3954721,-5.4650007],[-35.3966908,-5.4648638],[-35.3977986,-5.4641847],[-35.3983097,-5.4641817],[-35.3991417,-5.4646755],[-35.4001319,-5.4647657],[-35.4005798,-5.4650737],[-35.4009311,-5.465072],[-35.4018849,-5.4644374],[-35.4035148,-5.4645963],[-35.4041841,-5.4641896],[-35.4042009,-5.4641739],[-35.4056481,-5.4628179],[-35.4064445,-5.4624734],[-35.4069832,-5.4616624],[-35.4074266,-5.4615448],[-35.4080136,-5.4616256],[-35.4082541,-5.4615739],[-35.4091853,-5.4613739],[-35.4094082,-5.4611251],[-35.4088294,-5.4601643],[-35.4087322,-5.4597299],[-35.4088564,-5.4592324],[-35.4094946,-5.458671],[-35.4102607,-5.4585113],[-35.4116622,-5.4574256],[-35.4122336,-5.45723],[-35.4144369,-5.4571598],[-35.4149814,-5.4574681],[-35.4150469,-5.4579325],[-35.4153015,-5.4579322],[-35.4164485,-5.4571819],[-35.4169911,-5.4572116],[-35.417695,-5.4576733],[-35.4184941,-5.457671],[-35.418686,-5.4578253],[-35.4188162,-5.4583836],[-35.4196147,-5.4585988],[-35.4195534,-5.4591901],[-35.4201943,-5.4595889],[-35.4204179,-5.4600244],[-35.4209322,-5.460459],[-35.4213791,-5.460516],[-35.4224945,-5.4600786],[-35.4231985,-5.4601981],[-35.4234229,-5.4609749],[-35.4243193,-5.4613744],[-35.4244491,-5.461747],[-35.4242598,-5.462307],[-35.4243894,-5.4627716],[-35.4250286,-5.4631119],[-35.4267535,-5.4633225],[-35.4275869,-5.4639402],[-35.4282257,-5.464124],[-35.4286068,-5.4648573],[-35.4291573,-5.4654864],[-35.4292549,-5.4661066],[-35.4298981,-5.4669138],[-35.4317839,-5.4677421],[-35.433832,-5.4689156],[-35.4354619,-5.4691888],[-35.4369324,-5.4696481],[-35.4374435,-5.4696468],[-35.4380167,-5.4693654],[-35.4389727,-5.4684908],[-35.4387117,-5.4675607],[-35.4387748,-5.4673098],[-35.4391905,-5.4671552],[-35.439755,-5.4672586],[-35.4407243,-5.4678932],[-35.4411403,-5.4679854],[-35.4435654,-5.4677257],[-35.4440137,-5.4678799],[-35.4447498,-5.4684664],[-35.4463151,-5.4685855],[-35.4470828,-5.4688316],[-35.4475033,-5.4686135],[-35.4481703,-5.4686477],[-35.4482975,-5.4691045],[-35.4486807,-5.4692895],[-35.449572,-5.4689142],[-35.4499887,-5.4690674],[-35.4505335,-5.4695933],[-35.4506947,-5.4700889],[-35.4509391,-5.4702956],[-35.4514953,-5.47052],[-35.4518793,-5.4704255],[-35.4529604,-5.4696758],[-35.4543351,-5.4698262],[-35.4546874,-5.470104],[-35.4548159,-5.4706322],[-35.4547251,-5.4718126],[-35.4548876,-5.472464],[-35.4554941,-5.4734026],[-35.4561085,-5.4743527],[-35.4584443,-5.4756784],[-35.4591196,-5.4766398],[-35.4595673,-5.4770106],[-35.4613233,-5.4770967],[-35.4625019,-5.4763781],[-35.4628857,-5.4763757],[-35.4632378,-5.4766853],[-35.4639403,-5.4766827],[-35.4641027,-5.4773951],[-35.4650307,-5.4777956],[-35.4651616,-5.4784168],[-35.4655896,-5.4786418],[-35.465834,-5.4791597],[-35.4660259,-5.4793442],[-35.466729,-5.4794354],[-35.4668907,-5.4797144],[-35.4667959,-5.4800556],[-35.4669936,-5.4813288],[-35.4671839,-5.4814204],[-35.4678535,-5.4812303],[-35.4680166,-5.4813813],[-35.4680819,-5.482194],[-35.4688516,-5.4829983],[-35.4688546,-5.4838376],[-35.469207,-5.4840836],[-35.4701009,-5.4841116],[-35.4702979,-5.4853212],[-35.4704902,-5.4856313],[-35.4709059,-5.4858163],[-35.4720563,-5.4858115],[-35.4732018,-5.4850292],[-35.4734899,-5.4849982],[-35.4741924,-5.485306],[-35.47448,-5.4851494],[-35.4746998,-5.4844018],[-35.4750829,-5.484278],[-35.4755945,-5.4844015],[-35.4762683,-5.4852966],[-35.4767479,-5.4855748],[-35.4772272,-5.4856353],[-35.4779293,-5.4854771],[-35.4797774,-5.4846295],[-35.4812779,-5.4847158],[-35.4820462,-5.4850256],[-35.4828157,-5.4856115],[-35.4847379,-5.4875917],[-35.485604,-5.4881779],[-35.4862753,-5.488361],[-35.4870708,-5.4883587],[-35.4880291,-5.487981],[-35.4894945,-5.4870438],[-35.4900674,-5.486917],[-35.4925611,-5.4873413],[-35.4941927,-5.4882966],[-35.4955436,-5.4898713],[-35.496053,-5.4904651],[-35.4970515,-5.4912874],[-35.4975908,-5.4917307],[-35.5006596,-5.4924944],[-35.501806,-5.4923037],[-35.5105939,-5.5305548],[-35.5110689,-5.5326221],[-35.5214078,-5.5776696],[-35.520283,-5.5864009],[-35.5120827,-5.6500593],[-35.5119626,-5.6501684],[-35.4944457,-5.6660007],[-35.5461108,-5.6872224],[-35.546165,-5.6872446],[-35.5469154,-5.6875527],[-35.5469501,-5.687567],[-35.5481941,-5.688078],[-35.5504138,-5.6987905],[-35.5518999,-5.7033471]]]},"properties":{"CD_MUN":"2402600","NM_MUN":"Ceará-Mirim","CD_RGI":"240001","NM_RGI":"Natal","CD_RGINT":"2401","NM_RGINT":"Natal","CD_UF":"24","NM_UF":"Rio Grande do Norte","SIGLA_UF":"RN","CD_REGIA":"2","NM_REGIA":"Nordeste","SIGLA_RG":"NE","CD_CONCU":"","NM_CONCU":"","AREA_KM2":724.838}},
{"type":"Feature","geometry":{"type":"Polygon","coordinates":[[[-35.5577292,-6.0467766],[-35.5412396,-6.0053314],[-35.5397508,-6.0015896],[-35.5374835,-5.9958909],[-35.5374012,-5.9956844],[-35.5408644,-5.986713],[-35.5409506,-5.9864929],[-35.5410272,-5.9862944],[-35.5435333,-5.9798014],[-35.5470404,-5.970715],[-35.5556165,-5.9484955],[-35.5559185,-5.9482014],[-35.5722267,-5.9323081],[-35.601414,-5.9488236],[-35.6061548,-5.9515071],[-35.6501929,-5.9764352],[-35.6474828,-6.0160379],[-35.6225572,-6.0366749],[-35.5707786,-6.0795447],[-35.5577292,-6.0467766]]]},"properties":{"CD_MUN":"2401701","NM_MUN":"Bom Jesus","CD_RGI":"240001","NM_RGI":"Natal","CD_RGINT":"2401","NM_RGINT":"Natal","CD_UF":"24","NM_UF":"Rio Grande do Norte","SIGLA_UF":"RN","CD_REGIA":"2","NM_REGIA":"Nordeste","SIGLA_RG":"NE","CD_CONCU":"","NM_CONCU":"","AREA_KM2":122.035}},
{"type":"Feature","geometry":{"type":"Polygon","coordinates":[[[-37.1949588,-5.8237407],[-37.2279314,-5.8664378],[-37.2283298,-5.8669537],[-37.2286205,-5.8673302],[-37.2604533,-5.9085704],[-37.2335891,-5.9394267],[-37.1623382,-6.0211712],[-37.1594307,-6.0105646],[-37.159009,-6.0090269],[-37.1546652,-5.9931857],[-37.1545831,-5.992887],[-37.1545717,-5.9928456],[-37.154491,-5.9925518],[-37.147944,-5.9908635],[-37.1432855,-5.9792057],[-37.1311699,-5.9680933],[-37.1318907,-5.9633628],[-37.1286947,-5.9564029],[-37.1221629,-5.9548714],[-37.0669226,-5.9846024],[-37.0668849,-5.9844899],[-37.062248,-5.9706446],[-37.0528348,-5.9425616],[-37.0355751,-5.8910692],[-37.0357884,-5.8910086],[-37.1011999,-5.8723903],[-37.101433,-5.8723962],[-37.130628,-5.8731338],[-37.1487305,-5.8663424],[-37.1949588,-5.8237407]]]},"properties":{"CD_MUN":"2414456","NM_MUN":"Triunfo Potiguar","CD_RGI":"240011","NM_RGI":"Açu","CD_RGINT":"2403","NM_RGINT":"Mossoró","CD_UF":"24","NM_UF":"Rio Grande do Norte","SIGLA_UF":"RN","CD_REGIA":"2","NM_REGIA":"Nordeste","SIGLA_RG":"NE","CD_CONCU":"","NM_CONCU":"","AREA_KM2":268.725}},
{"type":"Feature","geometry":{"type":"Polygon","coordinates":[[[-35.2824141,-5.8498172],[-35.2823105,-5.8500252],[-35.2822068,-5.8502332],[-35.2819994,-5.8506492],[-35.2819938,-5.8506542],[-35.2816424,-5.8509682],[-35.2816375,-5.8509726],[-35.2813948,-5.851261],[-35.2813918,-5.8512645],[-35.2811137,-5.8514772],[-35.2811072,-5.8514821],[-35.2808771,-5.8516988],[-35.2808719,-5.8517037],[-35.2802407,-5.8520567],[-35.2802385,-5.8520586],[-35.279916,-5.8523451],[-35.2795918,-5.8526842],[-35.2794226,-5.8530956],[-35.2790642,-5.8535346],[-35.2790623,-5.8535373],[-35.2788121,-5.8539028],[-35.2783511,-5.854204],[-35.2773602,-5.854397],[-35.2773553,-5.8543979],[-35.27664,-5.854531],[-35.276498,-5.8545575],[-35.2764961,-5.8545578],[-35.2747027,-5.8549144],[-35.2742253,-5.8550093],[-35.2741812,-5.8550181],[-35.2741778,-5.8550187],[-35.2736797,-5.8551168],[-35.273401,-5.8551717],[-35.2729214,-5.8552598],[-35.2723063,-5.8555217],[-35.2710605,-5.8557535],[-35.2703658,-5.8557859],[-35.2700994,-5.8558106],[-35.2689119,-5.8558181],[-35.2685215,-5.8558206],[-35.2680592,-5.8558601],[-35.2672521,-5.8560183],[-35.2667548,-5.8560941],[-35.2658925,-5.8562609],[-35.265306,-5.8563742],[-35.2653042,-5.8563745],[-35.2648815,-5.8566849],[-35.2644572,-5.8568422],[-35.2625706,-5.858334],[-35.2625657,-5.8583379],[-35.262201,-5.8586263],[-35.2618787,-5.8589177],[-35.2612827,-5.8594567],[-35.2612455,-5.8594903],[-35.2606809,-5.8600676],[-35.2600751,-5.8606606],[-35.2600537,-5.8606815],[-35.2596823,-5.8610452],[-35.2589791,-5.8617335],[-35.2586909,-5.8620157],[-35.2585938,-5.8621107],[-35.2585899,-5.8621145],[-35.2583407,-5.8623585],[-35.2581108,-5.8625835],[-35.2579558,-5.8627352],[-35.257919,-5.8627607],[-35.2577108,-5.8629053],[-35.2577045,-5.8629097],[-35.2575566,-5.8630123],[-35.2573715,-5.8631409],[-35.2565354,-5.863721],[-35.256046,-5.8640613],[-35.2556836,-5.8646273],[-35.2556799,-5.8646382],[-35.2556709,-5.8646433],[-35.2556576,-5.8646509],[-35.2543865,-5.8653756],[-35.2543003,-5.8655788],[-35.254035,-5.8658093],[-35.2535518,-5.8657697],[-35.2520122,-5.8656443],[-35.250785,-5.8653082],[-35.2493016,-5.8646554],[-35.2482452,-5.8639752],[-35.2474163,-5.8637777],[-35.2464205,-5.8638671],[-35.245993,-5.8641268],[-35.2445994,-5.8645052],[-35.2434035,-5.8646232],[-35.2428632,-5.864911],[-35.2413616,-5.8662981],[-35.2395404,-5.8679807],[-35.2376665,-5.8694146],[-35.236791,-5.8715049],[-35.2359143,-5.8727377],[-35.2346507,-5.8737663],[-35.2324399,-5.8755656],[-35.231824,-5.8760669],[-35.2314543,-5.876269],[-35.2310845,-5.8764711],[-35.2299145,-5.8766092],[-35.2290912,-5.8767064],[-35.2283293,-5.8773443],[-35.227927,-5.8776811],[-35.2276419,-5.878077],[-35.2269585,-5.8790262],[-35.2260284,-5.8803189],[-35.2254651,-5.8807704],[-35.2254094,-5.880815],[-35.225092,-5.8810694],[-35.2250628,-5.8810928],[-35.2248825,-5.880586],[-35.2240522,-5.8782525],[-35.2239988,-5.8781024],[-35.2236343,-5.8776061],[-35.2232698,-5.8771098],[-35.221524,-5.8747776],[-35.2206768,-5.8735654],[-35.2197838,-5.8724011],[-35.2197783,-5.8723939],[-35.2195278,-5.8720685],[-35.2189759,-5.87087],[-35.2185912,-5.8699624],[-35.2181948,-5.8691096],[-35.2179354,-5.8685737],[-35.2165425,-5.8694325],[-35.2163267,-5.8695044],[-35.2162278,-5.8695373],[-35.2149618,-5.8703353],[-35.2151115,-5.8706462],[-35.2145926,-5.8708968],[-35.2140737,-5.8711475],[-35.2135726,-5.8713896],[-35.2131112,-5.8716126],[-35.2130803,-5.8716311],[-35.2121533,-5.8721846],[-35.2119462,-5.8721934],[-35.2118387,-5.8721722],[-35.2118206,-5.8721718],[-35.2116818,-5.8721687],[-35.2116684,-5.8721717],[-35.2115041,-5.8722081],[-35.2114646,-5.8722276],[-35.2113406,-5.8722886],[-35.211378,-5.8723722],[-35.2114866,-5.8725834],[-35.2117661,-5.8731272],[-35.2123576,-5.8742783],[-35.2118446,-5.8745432],[-35.2103324,-5.875324],[-35.2094868,-5.8757607],[-35.209415,-5.8756533],[-35.2093397,-5.8755163],[-35.209174,-5.8751849],[-35.2083096,-5.8758602],[-35.2081688,-5.8759681],[-35.2069488,-5.8769027],[-35.2068018,-5.8770152],[-35.2064093,-5.8773159],[-35.2063746,-5.8773411],[-35.2063485,-5.87736],[-35.2053009,-5.8781202],[-35.2050729,-5.8782857],[-35.2050636,-5.8782944],[-35.2046339,-5.8786953],[-35.2045965,-5.8787258],[-35.2045586,-5.8787567],[-35.2045208,-5.8787875],[-35.2033002,-5.879676],[-35.2027917,-5.8800461],[-35.2027219,-5.8800977],[-35.2024484,-5.8803001],[-35.2010274,-5.8813511],[-35.2010124,-5.8813625],[-35.2009227,-5.8814306],[-35.2007547,-5.8815581],[-35.2006872,-5.8816114],[-35.2006544,-5.8816374],[-35.1984053,-5.8834158],[-35.1982159,-5.8835656],[-35.197172,-5.8843911],[-35.1966436,-5.8848089],[-35.1962799,-5.8850965],[-35.1960885,-5.8852479],[-35.1936271,-5.8871942],[-35.1924101,-5.8880755],[-35.1889165,-5.8906054],[-35.1791352,-5.8976887],[-35.1761953,-5.8998177],[-35.1758995,-5.8997911],[-35.1568463,-5.8980779],[-35.1551191,-5.8979242],[-35.1541066,-5.8978341],[-35.1540969,-5.8970534],[-35.1540077,-5.8963858],[-35.1538983,-5.895735],[-35.1537043,-5.8944617],[-35.1533816,-5.891854],[-35.153164,-5.8898057],[-35.1531373,-5.8887024],[-35.1531306,-5.8884217],[-35.1530906,-5.8882418],[-35.1530009,-5.8878385],[-35.1530173,-5.8869441],[-35.1530657,-5.8867459],[-35.1530143,-5.8865263],[-35.1529629,-5.8864361],[-35.152936,-5.8862757],[-35.152986,-5.886121],[-35.1531448,-5.885931],[-35.1532941,-5.8856727],[-35.1533838,-5.8854385],[-35.153456,-5.8851156],[-35.1535118,-5.8847502],[-35.1536351,-5.8844515],[-35.1536989,-5.8841727],[-35.1537143,-5.8839669],[-35.1537522,-5.8838234],[-35.1537977,-5.8836634],[-35.1537626,-5.8835459],[-35.1537754,-5.8834363],[-35.1537877,-5.8833315],[-35.1538174,-5.8831221],[-35.1538512,-5.8830571],[-35.1539268,-5.8829519],[-35.1539653,-5.8829548],[-35.1540207,-5.8829251],[-35.1540823,-5.8828766],[-35.1541476,-5.8828428],[-35.1542327,-5.8828055],[-35.154322,-5.8827794],[-35.1543513,-5.882741],[-35.1544159,-5.8826904],[-35.1545018,-5.8826704],[-35.1545513,-5.8826697],[-35.1546608,-5.8826757],[-35.1546938,-5.8827001],[-35.1547325,-5.8827547],[-35.1547545,-5.882803],[-35.1547564,-5.8828096],[-35.1547844,-5.8828439],[-35.1548115,-5.8828393],[-35.1548332,-5.8828431],[-35.154846,-5.8828594],[-35.154859,-5.8828887],[-35.1548455,-5.8829238],[-35.1548328,-5.8829383],[-35.1548418,-5.8829648],[-35.1548557,-5.882997],[-35.1548494,-5.8830211],[-35.1548165,-5.8830805],[-35.1547937,-5.8831141],[-35.1547646,-5.8831445],[-35.1547305,-5.8831661],[-35.1547298,-5.883203],[-35.154749,-5.8832836],[-35.1548764,-5.8833857],[-35.155139,-5.8834416],[-35.1553374,-5.8834301],[-35.1554936,-5.8834211],[-35.1555639,-5.8834058],[-35.1557975,-5.8833548],[-35.155968,-5.8832097],[-35.156185,-5.8830294],[-35.1563198,-5.8829017],[-35.1565133,-5.8826458],[-35.1566307,-5.8824351],[-35.1566976,-5.8822438],[-35.1567508,-5.8820434],[-35.1567952,-5.8819128],[-35.1568817,-5.8818004],[-35.1570351,-5.8817321],[-35.1573045,-5.8816207],[-35.1576143,-5.8815034],[-35.1579471,-5.8813028],[-35.1580834,-5.8812044],[-35.1583581,-5.8809924],[-35.1585982,-5.8807368],[-35.1586853,-5.8805815],[-35.1588312,-5.8803994],[-35.1589673,-5.8802433],[-35.1590873,-5.8801347],[-35.1591614,-5.8800625],[-35.1593377,-5.8799763],[-35.159432,-5.8799477],[-35.1594723,-5.8799301],[-35.1595212,-5.8799095],[-35.159568,-5.879893],[-35.1596549,-5.8798735],[-35.1598379,-5.879803],[-35.1599631,-5.8797548],[-35.1601362,-5.8797065],[-35.1603259,-5.8797037],[-35.1605498,-5.8796586],[-35.1606759,-5.8796534],[-35.1607952,-5.8796608],[-35.1608974,-5.8796715],[-35.1610084,-5.8796734],[-35.1611031,-5.87966],[-35.1611716,-5.8796826],[-35.1612163,-5.8796738],[-35.161256,-5.8796381],[-35.1612935,-5.8795876],[-35.1613652,-5.8795477],[-35.161499,-5.8795457],[-35.1616172,-5.8795975],[-35.1617426,-5.8796766],[-35.1617808,-5.8797513],[-35.1617812,-5.8798286],[-35.1617717,-5.8799115],[-35.1618285,-5.8800324],[-35.1618843,-5.880113],[-35.1620017,-5.8802085],[-35.1620943,-5.8802673],[-35.1621852,-5.8803567],[-35.1622135,-5.8803835],[-35.1622725,-5.8804395],[-35.1624192,-5.8805258],[-35.1625408,-5.8806031],[-35.1626294,-5.8806279],[-35.1627192,-5.8806502],[-35.1628567,-5.8806506],[-35.162959,-5.8806957],[-35.1630051,-5.8807521],[-35.1630874,-5.8808813],[-35.1631617,-5.8809949],[-35.1632308,-5.8810376],[-35.1633068,-5.8811208],[-35.1633997,-5.8812062],[-35.1634901,-5.8813019],[-35.1636372,-5.8814159],[-35.1636875,-5.8814888],[-35.1637891,-5.881579],[-35.1638621,-5.8816139],[-35.1639674,-5.8816912],[-35.163993,-5.8817887],[-35.1640316,-5.881878],[-35.1640665,-5.881921],[-35.1640464,-5.8819725],[-35.1640144,-5.882024],[-35.1640255,-5.8820608],[-35.1640628,-5.8820932],[-35.1641011,-5.8821343],[-35.1641222,-5.8821767],[-35.1641437,-5.8822416],[-35.1641667,-5.8822759],[-35.1642067,-5.8822865],[-35.1642547,-5.882288],[-35.1642922,-5.8822979],[-35.1643116,-5.8823364],[-35.1643325,-5.8823798],[-35.1643924,-5.8823817],[-35.1644687,-5.882388],[-35.1645365,-5.8823716],[-35.1645601,-5.88238],[-35.1645508,-5.8824298],[-35.1644944,-5.8825663],[-35.164509,-5.8827182],[-35.1645752,-5.8828676],[-35.1647591,-5.8830211],[-35.1649959,-5.8831462],[-35.1653221,-5.883227],[-35.1655906,-5.8832504],[-35.165835,-5.8832656],[-35.1661257,-5.8832358],[-35.1663981,-5.8831808],[-35.1667053,-5.8831268],[-35.1672488,-5.8829863],[-35.1675906,-5.8828317],[-35.1679964,-5.8826414],[-35.1686037,-5.8822572],[-35.1690885,-5.8819446],[-35.1693864,-5.8817314],[-35.1695476,-5.881616],[-35.1712845,-5.8802897],[-35.1730803,-5.8782906],[-35.1745325,-5.876244],[-35.1746781,-5.8759943],[-35.1759018,-5.873897],[-35.1769736,-5.8716006],[-35.1779312,-5.8690887],[-35.178082,-5.868693],[-35.17877,-5.8664993],[-35.1788124,-5.8663642],[-35.1792895,-5.8644796],[-35.1795427,-5.8630983],[-35.1798299,-5.8615308],[-35.1801415,-5.8589059],[-35.1803624,-5.8569822],[-35.180569,-5.8542165],[-35.1807601,-5.8515995],[-35.180874,-5.8485919],[-35.1808737,-5.8459752],[-35.1809699,-5.8437926],[-35.1809501,-5.8431107],[-35.1807352,-5.8414787],[-35.1806489,-5.8409629],[-35.1806105,-5.8404528],[-35.1806303,-5.8400659],[-35.1807097,-5.8395332],[-35.1808542,-5.8390645],[-35.1809966,-5.8386351],[-35.1810977,-5.8381456],[-35.181256,-5.8371083],[-35.1813022,-5.836512],[-35.1813157,-5.8359007],[-35.1813161,-5.8355946],[-35.1813302,-5.8339533],[-35.1812771,-5.8326318],[-35.1811359,-5.8310728],[-35.1811019,-5.8305115],[-35.1811571,-5.8298476],[-35.181203,-5.8293291],[-35.1812878,-5.8288063],[-35.1813229,-5.827874],[-35.1813578,-5.8269708],[-35.1814335,-5.8256578],[-35.1813932,-5.8230673],[-35.1813844,-5.8213045],[-35.1813281,-5.8203533],[-35.1812768,-5.8194874],[-35.181239,-5.818676],[-35.1812142,-5.8181621],[-35.181199,-5.8176007],[-35.1811766,-5.817351],[-35.1812294,-5.8170301],[-35.1812896,-5.8167928],[-35.1813428,-5.8165612],[-35.1813404,-5.8161985],[-35.1812414,-5.8159426],[-35.1811093,-5.8156962],[-35.1810479,-5.8154486],[-35.1809738,-5.8151945],[-35.1810199,-5.8148783],[-35.1810539,-5.8146509],[-35.1810947,-5.8142203],[-35.1810611,-5.8138419],[-35.1810333,-5.813484],[-35.1809895,-5.8130744],[-35.180912,-5.8125394],[-35.180861,-5.8116727],[-35.1807551,-5.8104324],[-35.1806903,-5.80936],[-35.18064,-5.8083733],[-35.180577,-5.8077347],[-35.1804962,-5.8071758],[-35.1804305,-5.8065913],[-35.1803757,-5.8062367],[-35.1803453,-5.8059162],[-35.1803148,-5.8055958],[-35.1803262,-5.8050514],[-35.1802833,-5.8045323],[-35.1802317,-5.8038247],[-35.1801931,-5.803416],[-35.1801714,-5.803039],[-35.1801215,-5.8027044],[-35.1800271,-5.8023603],[-35.1799454,-5.8020231],[-35.1799105,-5.8016766],[-35.1799047,-5.8012945],[-35.1798897,-5.8010375],[-35.1798455,-5.8006457],[-35.1798087,-5.8003058],[-35.1797728,-5.7999466],[-35.1797391,-5.7996508],[-35.1796738,-5.7994291],[-35.1796016,-5.7993216],[-35.1794849,-5.7992245],[-35.1792588,-5.7990632],[-35.1792424,-5.7989714],[-35.1792964,-5.7988527],[-35.1794263,-5.7987447],[-35.1795929,-5.7986809],[-35.1796837,-5.798686],[-35.1797499,-5.7986863],[-35.1797658,-5.7986216],[-35.1797984,-5.7985624],[-35.1798461,-5.7985188],[-35.1799181,-5.7984765],[-35.1800369,-5.7984494],[-35.1801667,-5.7984709],[-35.1802315,-5.7984169],[-35.1802582,-5.7983627],[-35.1803124,-5.7983196],[-35.1803937,-5.7983197],[-35.180464,-5.7982765],[-35.1805506,-5.7982279],[-35.1806749,-5.7981683],[-35.1807507,-5.798098],[-35.1809459,-5.7979526],[-35.1810541,-5.7978022],[-35.1812213,-5.7976243],[-35.1813192,-5.7975206],[-35.1814848,-5.7973085],[-35.1815727,-5.7971209],[-35.1816544,-5.7970293],[-35.1817178,-5.7969583],[-35.1817378,-5.7968146],[-35.1817257,-5.7967024],[-35.1816653,-5.7966083],[-35.1816609,-5.7966014],[-35.1815844,-5.7964466],[-35.1815684,-5.7963585],[-35.1816143,-5.7962708],[-35.181607,-5.796208],[-35.1816436,-5.7960973],[-35.181651,-5.7959889],[-35.1816719,-5.7959372],[-35.1816835,-5.7959086],[-35.1817184,-5.7958223],[-35.1817463,-5.7957092],[-35.1817966,-5.7955657],[-35.1818473,-5.7954461],[-35.1819646,-5.7952274],[-35.1820101,-5.7950542],[-35.1820584,-5.7949426],[-35.1820786,-5.7947717],[-35.1820899,-5.7946802],[-35.1821785,-5.7943841],[-35.1821786,-5.7942729],[-35.182228,-5.7941895],[-35.1822117,-5.7940725],[-35.1822414,-5.7938872],[-35.1822309,-5.7938116],[-35.1822577,-5.7937443],[-35.1822571,-5.7937055],[-35.1822563,-5.7936608],[-35.1822687,-5.7935818],[-35.1822571,-5.7934949],[-35.1822685,-5.79343],[-35.182236,-5.7934063],[-35.182202,-5.7933861],[-35.1821946,-5.7933669],[-35.1822152,-5.7933574],[-35.1822297,-5.7933454],[-35.1822586,-5.7933264],[-35.1822585,-5.7933084],[-35.182239,-5.7932999],[-35.1822209,-5.7933094],[-35.1821852,-5.7933007],[-35.1821827,-5.7932588],[-35.1822083,-5.793253],[-35.1822156,-5.793253],[-35.1822206,-5.793253],[-35.1822265,-5.793253],[-35.1822313,-5.793253],[-35.1822373,-5.7932518],[-35.1822409,-5.7932494],[-35.1822433,-5.7932458],[-35.1822457,-5.7932398],[-35.1822481,-5.793235],[-35.182248,-5.7932302],[-35.1822492,-5.7932242],[-35.1822491,-5.7932193],[-35.1822491,-5.7932133],[-35.1822466,-5.793206],[-35.1822441,-5.7932024],[-35.1822404,-5.7931951],[-35.1822356,-5.7931892],[-35.1822205,-5.7931727],[-35.1822168,-5.7931713],[-35.1822093,-5.7931662],[-35.1822032,-5.7931625],[-35.1821983,-5.79316],[-35.1821922,-5.7931577],[-35.1821873,-5.7931553],[-35.1821801,-5.7931517],[-35.1821729,-5.7931495],[-35.1821656,-5.7931484],[-35.1821547,-5.7931449],[-35.182145,-5.7931425],[-35.1821389,-5.79314],[-35.1821328,-5.7931376],[-35.1821266,-5.7931351],[-35.1821205,-5.7931326],[-35.1821131,-5.7931302],[-35.1821094,-5.7931277],[-35.182102,-5.793124],[-35.1820971,-5.7931203],[-35.1820933,-5.7931166],[-35.1820896,-5.7931129],[-35.1820883,-5.7931117],[-35.1820586,-5.793093],[-35.182057,-5.79307],[-35.1820734,-5.7930578],[-35.1820951,-5.7930456],[-35.1820999,-5.7930359],[-35.1821242,-5.793014],[-35.1821142,-5.7929898],[-35.1821202,-5.7929777],[-35.1821436,-5.7929776],[-35.182163,-5.7929655],[-35.1822045,-5.7929473],[-35.1822373,-5.7929316],[-35.1822543,-5.792922],[-35.1822882,-5.7929135],[-35.1823242,-5.7929103],[-35.1824005,-5.7929007],[-35.1824464,-5.7929212],[-35.1825102,-5.7929211],[-35.1825535,-5.7929077],[-35.1826175,-5.7928808],[-35.1826644,-5.7928734],[-35.1827065,-5.7928672],[-35.18274,-5.7928599],[-35.1827677,-5.7928502],[-35.1828061,-5.7928501],[-35.1828406,-5.7928436],[-35.1828684,-5.7928157],[-35.1828793,-5.7928036],[-35.1828985,-5.7927927],[-35.1829213,-5.7927915],[-35.182946,-5.7927831],[-35.1829588,-5.7927646],[-35.1829543,-5.7927508],[-35.1829456,-5.7927293],[-35.1829563,-5.7927167],[-35.1829798,-5.7927068],[-35.183015,-5.7927101],[-35.1830519,-5.7927122],[-35.1830955,-5.7927288],[-35.1831441,-5.7927742],[-35.1831527,-5.792821],[-35.1831735,-5.7928578],[-35.1832109,-5.7928838],[-35.1832421,-5.7928682],[-35.1832672,-5.7928465],[-35.183272,-5.7928321],[-35.1832779,-5.7927998],[-35.1832682,-5.7927759],[-35.1832524,-5.792752],[-35.1832536,-5.7927352],[-35.1832728,-5.7927159],[-35.1833114,-5.7926916],[-35.1833356,-5.7927312],[-35.1833584,-5.7927479],[-35.1833795,-5.7927382],[-35.1834104,-5.79272],[-35.1834141,-5.7926875],[-35.1834322,-5.7926766],[-35.1834648,-5.7926752],[-35.1835284,-5.7926857],[-35.1835667,-5.7926855],[-35.1836183,-5.7926851],[-35.1836562,-5.7927114],[-35.1836899,-5.7927386],[-35.1837776,-5.7927697],[-35.1838307,-5.7927967],[-35.1840282,-5.7928085],[-35.1843855,-5.7927421],[-35.1847096,-5.7924691],[-35.1848433,-5.7923275],[-35.1849842,-5.7921781],[-35.185106,-5.7919276],[-35.1852702,-5.7916219],[-35.1853902,-5.7913277],[-35.1855287,-5.7910343],[-35.1856572,-5.7907765],[-35.1857515,-5.7907141],[-35.185905,-5.7907246],[-35.1861373,-5.7907401],[-35.1863516,-5.7907213],[-35.1865823,-5.7906608],[-35.1867857,-5.7905234],[-35.1870724,-5.7902117],[-35.1872782,-5.7898661],[-35.1874634,-5.7894947],[-35.1876653,-5.7891057],[-35.1878737,-5.7886658],[-35.1880041,-5.7883189],[-35.1880891,-5.7879476],[-35.1881743,-5.7876875],[-35.1882526,-5.7875314],[-35.1884003,-5.7874295],[-35.1885789,-5.7873744],[-35.188861,-5.7872222],[-35.1889529,-5.7870956],[-35.1890618,-5.7869455],[-35.1892181,-5.78664],[-35.18939,-5.7863054],[-35.1895355,-5.785921],[-35.1895775,-5.7856217],[-35.1896508,-5.7852591],[-35.1896617,-5.7848733],[-35.1895735,-5.7846274],[-35.1894132,-5.7844379],[-35.1893713,-5.7843614],[-35.1893559,-5.784261],[-35.1893655,-5.7841116],[-35.1893819,-5.7840803],[-35.1894275,-5.7839935],[-35.1895212,-5.783882],[-35.1896199,-5.7837969],[-35.189684,-5.7837485],[-35.1897344,-5.7836391],[-35.1898481,-5.7835393],[-35.1899499,-5.7834304],[-35.1900005,-5.7833686],[-35.1900252,-5.7833048],[-35.1900319,-5.7832226],[-35.1900365,-5.7831464],[-35.1900743,-5.7830612],[-35.1901367,-5.7830033],[-35.1901899,-5.7829603],[-35.1901823,-5.7829208],[-35.1901919,-5.7828641],[-35.1902278,-5.7828386],[-35.1902538,-5.7828071],[-35.1902847,-5.7827618],[-35.1903099,-5.7827048],[-35.1903261,-5.7826645],[-35.1903345,-5.782616],[-35.190368,-5.7825915],[-35.1904035,-5.7825437],[-35.1904334,-5.7824986],[-35.1904797,-5.7824929],[-35.1904951,-5.7824954],[-35.1905323,-5.7825015],[-35.1906199,-5.7825247],[-35.1906666,-5.7825676],[-35.1907241,-5.7826271],[-35.1907757,-5.7826638],[-35.1908152,-5.7827064],[-35.1908528,-5.7827235],[-35.1908811,-5.7827422],[-35.1909277,-5.7827648],[-35.1910326,-5.7827712],[-35.1913641,-5.7827268],[-35.1914566,-5.7827144],[-35.1916211,-5.782645],[-35.1917614,-5.7825278],[-35.1919849,-5.7822919],[-35.1921373,-5.7819863],[-35.1923576,-5.7815877],[-35.1924935,-5.7812238],[-35.1924987,-5.78121],[-35.1925949,-5.7809322],[-35.192688,-5.7805749],[-35.1928149,-5.7801302],[-35.192884,-5.7797548],[-35.1929544,-5.7790904],[-35.193009,-5.7787429],[-35.1930292,-5.7784268],[-35.1930516,-5.778169],[-35.193078,-5.777569],[-35.19308,-5.777391],[-35.1930941,-5.7771085],[-35.1930818,-5.7769599],[-35.1930804,-5.7768567],[-35.1930705,-5.7767587],[-35.1930655,-5.7767047],[-35.1930913,-5.7766086],[-35.1931226,-5.7764928],[-35.1931669,-5.7763136],[-35.1931887,-5.7761369],[-35.1931995,-5.7759686],[-35.1931933,-5.7757817],[-35.1932251,-5.7755808],[-35.1931931,-5.7753675],[-35.1932489,-5.7752286],[-35.1932941,-5.7751176],[-35.1933138,-5.7750714],[-35.1933008,-5.7750239],[-35.1932763,-5.7748965],[-35.1932767,-5.7748757],[-35.193278,-5.774793],[-35.1932786,-5.7746265],[-35.1933188,-5.774482],[-35.193353,-5.7743563],[-35.1933973,-5.774229],[-35.1933796,-5.7741222],[-35.1933901,-5.7740486],[-35.1934212,-5.7739682],[-35.1934811,-5.7738461],[-35.1935209,-5.7737963],[-35.1935383,-5.7737205],[-35.1935215,-5.7736299],[-35.1934975,-5.7735221],[-35.1934546,-5.7734541],[-35.1935399,-5.7733845],[-35.1936303,-5.7733117],[-35.193637,-5.773309],[-35.1937336,-5.7732701],[-35.1937915,-5.773181],[-35.1937998,-5.7731489],[-35.1938656,-5.7728964],[-35.1938621,-5.7727167],[-35.1938587,-5.7726406],[-35.1938548,-5.7724694],[-35.1938466,-5.7723975],[-35.1938453,-5.7723863],[-35.1938646,-5.7723168],[-35.1938675,-5.7723091],[-35.1938895,-5.7722506],[-35.1939258,-5.7720997],[-35.1939282,-5.7720522],[-35.1939358,-5.771897],[-35.1939695,-5.7711388],[-35.1939685,-5.7710151],[-35.1939708,-5.7707471],[-35.1939929,-5.7705864],[-35.1940251,-5.7705007],[-35.1940626,-5.7704235],[-35.1940765,-5.7703449],[-35.1940743,-5.7702858],[-35.1940486,-5.7702252],[-35.1940363,-5.770139],[-35.1940372,-5.7699858],[-35.1940464,-5.769842],[-35.1940466,-5.7698112],[-35.1940477,-5.7696358],[-35.1940784,-5.7693873],[-35.1940973,-5.7691851],[-35.1941409,-5.7690582],[-35.1941746,-5.7689943],[-35.1942065,-5.7688666],[-35.1942108,-5.7687991],[-35.1942192,-5.7685285],[-35.1942252,-5.7683443],[-35.1942387,-5.7680449],[-35.1942625,-5.767811],[-35.194267,-5.7677175],[-35.1942711,-5.7676324],[-35.1942853,-5.7674133],[-35.1942829,-5.7673134],[-35.1943016,-5.7672059],[-35.1943203,-5.7670984],[-35.1943283,-5.7670196],[-35.1942929,-5.7668823],[-35.1942901,-5.766687],[-35.1942886,-5.7665796],[-35.1942881,-5.7661711],[-35.1942781,-5.7659121],[-35.1942666,-5.7657704],[-35.1942279,-5.7656829],[-35.1942121,-5.7656085],[-35.194215,-5.7655617],[-35.1942456,-5.765499],[-35.1942515,-5.7654054],[-35.1942278,-5.7652234],[-35.1941822,-5.7648301],[-35.1941398,-5.7645252],[-35.1941231,-5.7643716],[-35.1940806,-5.7642581],[-35.1941035,-5.7641334],[-35.1941497,-5.7640571],[-35.1941978,-5.7639517],[-35.1942105,-5.763847],[-35.1941865,-5.7637634],[-35.1941728,-5.763701],[-35.1941607,-5.763618],[-35.1941744,-5.7635426],[-35.1941886,-5.7634614],[-35.1941895,-5.7634028],[-35.1941801,-5.763323],[-35.1941767,-5.7632408],[-35.1941911,-5.76311],[-35.1942415,-5.7630108],[-35.1943188,-5.7628987],[-35.1943472,-5.7628185],[-35.1943224,-5.7627466],[-35.1942721,-5.7626585],[-35.1942045,-5.7623754],[-35.1941674,-5.7622065],[-35.1941442,-5.7619913],[-35.1940914,-5.7618322],[-35.1940733,-5.7617339],[-35.1940818,-5.7616401],[-35.1940955,-5.7615674],[-35.1941427,-5.7614821],[-35.1941754,-5.76139],[-35.1941807,-5.761311],[-35.1941669,-5.7612513],[-35.1941647,-5.7611508],[-35.1941501,-5.7610144],[-35.1941553,-5.7609353],[-35.194197,-5.7608379],[-35.194242,-5.7606879],[-35.1942637,-5.7605805],[-35.1942576,-5.7604919],[-35.1941947,-5.7604133],[-35.1941417,-5.7603187],[-35.1941726,-5.7602117],[-35.1942026,-5.7601164],[-35.1942334,-5.7599654],[-35.1942946,-5.7598019],[-35.1943286,-5.7596456],[-35.19432,-5.7594634],[-35.194302,-5.7592904],[-35.194288,-5.7591459],[-35.1942623,-5.7589892],[-35.194243,-5.758827],[-35.1942411,-5.7586277],[-35.1942197,-5.7585021],[-35.1942117,-5.7583962],[-35.1942169,-5.7582619],[-35.1942131,-5.7581385],[-35.1942407,-5.7579879],[-35.1942729,-5.7578114],[-35.1943354,-5.7575754],[-35.1943807,-5.7573642],[-35.1943954,-5.7571754],[-35.1943963,-5.7570288],[-35.1943828,-5.7569224],[-35.1943517,-5.7567653],[-35.1943126,-5.756634],[-35.1942704,-5.7564554],[-35.1942611,-5.7563698],[-35.1942835,-5.7562571],[-35.19431,-5.7561014],[-35.1943366,-5.7556856],[-35.1943353,-5.7551738],[-35.1944772,-5.7549489],[-35.1960767,-5.7542636],[-35.1971217,-5.7538159],[-35.1986733,-5.7531512],[-35.2008904,-5.7522014],[-35.201148,-5.752091],[-35.2020331,-5.7511756],[-35.2026756,-5.7503619],[-35.2027687,-5.750244],[-35.2032672,-5.749129],[-35.2034358,-5.7483255],[-35.2035316,-5.7472818],[-35.2035226,-5.7469582],[-35.2035063,-5.7463681],[-35.2035503,-5.7456301],[-35.2036655,-5.7440723],[-35.2036321,-5.7432433],[-35.204246,-5.743007],[-35.2054703,-5.7425359],[-35.205507,-5.7424719],[-35.2056705,-5.7421863],[-35.2063255,-5.7410429],[-35.2078483,-5.7402327],[-35.207564,-5.7399613],[-35.2071196,-5.739537],[-35.2106477,-5.7370448],[-35.2112559,-5.7365593],[-35.2113894,-5.7364527],[-35.2115224,-5.7362908],[-35.2115547,-5.7362688],[-35.2130709,-5.7352412],[-35.2260651,-5.7272504],[-35.2257957,-5.7272582],[-35.2258012,-5.7265089],[-35.2258696,-5.7264789],[-35.225938,-5.7264488],[-35.2261537,-5.7263579],[-35.2264937,-5.7262101],[-35.2267485,-5.7258958],[-35.2272096,-5.7254547],[-35.2273343,-5.7252562],[-35.2275046,-5.7251021],[-35.2279638,-5.7246275],[-35.2285633,-5.7242311],[-35.2292026,-5.7239747],[-35.2296729,-5.7237109],[-35.2300431,-5.7229433],[-35.2303643,-5.7224599],[-35.2306677,-5.7222493],[-35.2310642,-5.7220384],[-35.2312739,-5.7220612],[-35.2314033,-5.7219374],[-35.2315522,-5.7214788],[-35.2320171,-5.7211049],[-35.2320526,-5.7210457],[-35.2320949,-5.7209752],[-35.2326762,-5.7200075],[-35.2330958,-5.7187366],[-35.2331682,-5.7185332],[-35.2335076,-5.7182029],[-35.2337575,-5.7180771],[-35.2340824,-5.7179228],[-35.2349167,-5.7170899],[-35.2362293,-5.7155445],[-35.236384,-5.7153786],[-35.2371107,-5.7145994],[-35.2375547,-5.7143913],[-35.2377214,-5.7144575],[-35.2381393,-5.7146943],[-35.2385948,-5.7149744],[-35.2390393,-5.7151391],[-35.2396937,-5.7157419],[-35.2401484,-5.7159776],[-35.240407,-5.7160049],[-35.240614,-5.7160294],[-35.2411183,-5.716089],[-35.2417274,-5.7160684],[-35.2419535,-5.7163545],[-35.2422145,-5.7165602],[-35.2424483,-5.7167755],[-35.2429009,-5.7168323],[-35.2430486,-5.7168273],[-35.2432708,-5.716637],[-35.2436504,-5.7163226],[-35.2443721,-5.7157778],[-35.2447072,-5.7153537],[-35.2449693,-5.7150272],[-35.2458463,-5.7142101],[-35.2464433,-5.713801],[-35.2467325,-5.713402],[-35.2467326,-5.7124438],[-35.2468772,-5.7120816],[-35.2475103,-5.7116361],[-35.2484691,-5.7110447],[-35.2492017,-5.7105626],[-35.2498983,-5.7101621],[-35.2505681,-5.7099696],[-35.2509302,-5.7098597],[-35.2515653,-5.7100379],[-35.2519734,-5.7101267],[-35.2522452,-5.7101256],[-35.2524624,-5.7100072],[-35.252761,-5.7099066],[-35.2531053,-5.7099052],[-35.2534226,-5.7099311],[-35.2540844,-5.7100278],[-35.2546827,-5.7100978],[-35.2553252,-5.7098059],[-35.2560579,-5.7093871],[-35.2564469,-5.7091686],[-35.2567364,-5.7089957],[-35.2572518,-5.7085507],[-35.2580114,-5.707942],[-35.2580676,-5.7078916],[-35.2599462,-5.7062076],[-35.2603233,-5.7070558],[-35.2603279,-5.7070679],[-35.2603745,-5.7071913],[-35.2615933,-5.7060989],[-35.2635645,-5.7050739],[-35.2655357,-5.7040489],[-35.2656772,-5.7043674],[-35.2662201,-5.7055476],[-35.2663546,-5.7058387],[-35.2670823,-5.7071835],[-35.2679367,-5.7085085],[-35.2687239,-5.7095426],[-35.2689781,-5.7098765],[-35.2710295,-5.7123307],[-35.2713726,-5.7127674],[-35.2716776,-5.7131559],[-35.2723579,-5.7140665],[-35.2723701,-5.7140865],[-35.2723773,-5.7140982],[-35.2729752,-5.715077],[-35.2732735,-5.7155652],[-35.2738211,-5.7166882],[-35.2739489,-5.7169503],[-35.2739868,-5.7170282],[-35.2743171,-5.7177491],[-35.2745593,-5.7182661],[-35.2750384,-5.7192887],[-35.2751877,-5.7195857],[-35.2759137,-5.7207484],[-35.2761624,-5.7211482],[-35.2763101,-5.721356],[-35.2765003,-5.7216543],[-35.2766992,-5.7218667],[-35.2770618,-5.7222159],[-35.2772649,-5.722361],[-35.2774303,-5.7224741],[-35.277549,-5.7225068],[-35.2775873,-5.7225326],[-35.2782699,-5.7229911],[-35.2784437,-5.723124],[-35.2794573,-5.7235156],[-35.2797438,-5.7236263],[-35.2797537,-5.7236301],[-35.2801928,-5.7238346],[-35.2810627,-5.7242531],[-35.2818521,-5.724625],[-35.2857713,-5.726459],[-35.2859465,-5.726541],[-35.2868703,-5.7272134],[-35.2889503,-5.7287274],[-35.2901749,-5.7297906],[-35.2910666,-5.7309457],[-35.2913418,-5.7324976],[-35.2912708,-5.7330766],[-35.2911655,-5.7341086],[-35.2909053,-5.7362014],[-35.2907878,-5.7372254],[-35.2907536,-5.7375108],[-35.290578,-5.7389728],[-35.2904315,-5.740242],[-35.2903783,-5.7405157],[-35.2901724,-5.7428604],[-35.2899039,-5.7450926],[-35.2896721,-5.7469862],[-35.2896654,-5.7470404],[-35.2896619,-5.7470688],[-35.2896141,-5.7474381],[-35.2895855,-5.7476538],[-35.2894411,-5.7487656],[-35.2893068,-5.7498385],[-35.2892991,-5.749906],[-35.2892921,-5.7499663],[-35.2891018,-5.7516258],[-35.2891016,-5.7516277],[-35.2889922,-5.7526459],[-35.2889078,-5.7532252],[-35.2888966,-5.7533322],[-35.2888885,-5.7533987],[-35.2886115,-5.7556916],[-35.2884286,-5.7571653],[-35.2884272,-5.757177],[-35.2884257,-5.7571886],[-35.2884173,-5.7572523],[-35.2883415,-5.7578268],[-35.288309,-5.7579719],[-35.288126,-5.7587875],[-35.2881069,-5.7588723],[-35.2880322,-5.7591157],[-35.2879493,-5.7594416],[-35.2879386,-5.7594839],[-35.2875152,-5.7611489],[-35.2875096,-5.7611699],[-35.2875003,-5.7612046],[-35.287398,-5.7615876],[-35.2872688,-5.76207],[-35.2870894,-5.7626334],[-35.286988,-5.7628359],[-35.2869206,-5.7629573],[-35.2868798,-5.7630308],[-35.2868155,-5.7631522],[-35.2867717,-5.7632154],[-35.2865743,-5.7634999],[-35.2856381,-5.7638088],[-35.2856252,-5.7638134],[-35.2849504,-5.7640587],[-35.2846656,-5.7641622],[-35.2840132,-5.7644019],[-35.2837727,-5.7644917],[-35.2837296,-5.7645077],[-35.2830213,-5.764772],[-35.2826991,-5.7648921],[-35.2814721,-5.7653498],[-35.2809821,-5.7655326],[-35.2800644,-5.765875],[-35.2797647,-5.7659836],[-35.2797671,-5.7659856],[-35.2797285,-5.7660006],[-35.2790571,-5.7662603],[-35.2785861,-5.7664425],[-35.2782389,-5.7665768],[-35.2782301,-5.7665802],[-35.2776791,-5.7667934],[-35.2773555,-5.7669183],[-35.2769291,-5.7670825],[-35.2756733,-5.7675661],[-35.2751752,-5.7677572],[-35.2750228,-5.7678166],[-35.2748161,-5.7678963],[-35.2745272,-5.7680063],[-35.2742733,-5.768103],[-35.2741805,-5.7681384],[-35.2740354,-5.7681936],[-35.273344,-5.7684569],[-35.2728688,-5.7686379],[-35.2725053,-5.7687753],[-35.2720542,-5.7689458],[-35.2720277,-5.7689558],[-35.2716389,-5.7691027],[-35.2708911,-5.7693854],[-35.2703158,-5.7695998],[-35.2698865,-5.7697598],[-35.2698462,-5.7697749],[-35.2692509,-5.7699958],[-35.268927,-5.7701148],[-35.2686289,-5.7702243],[-35.268371,-5.770319],[-35.2678891,-5.7704875],[-35.2674265,-5.7706493],[-35.2669637,-5.7708111],[-35.266937,-5.7708205],[-35.2667053,-5.7709092],[-35.2666854,-5.7709168],[-35.2620096,-5.772707],[-35.2616676,-5.772835],[-35.2611589,-5.7730254],[-35.2605475,-5.773254],[-35.2597047,-5.7735686],[-35.2587083,-5.7739403],[-35.2581519,-5.774148],[-35.2580609,-5.7741819],[-35.2571562,-5.7745179],[-35.2569506,-5.7745943],[-35.2562106,-5.7748692],[-35.2556966,-5.7750595],[-35.2556402,-5.7750804],[-35.2556364,-5.7750818],[-35.2549989,-5.7753342],[-35.2547367,-5.775437],[-35.2536906,-5.7758156],[-35.2530596,-5.776045],[-35.2524767,-5.7762561],[-35.252287,-5.7763237],[-35.251856,-5.7764777],[-35.2517261,-5.7765232],[-35.2515206,-5.7765951],[-35.2515163,-5.776596],[-35.2513513,-5.7766289],[-35.2503467,-5.7770845],[-35.2500569,-5.7772182],[-35.249893,-5.7772917],[-35.2498551,-5.7773252],[-35.2496727,-5.7774863],[-35.2496273,-5.7775265],[-35.2496177,-5.7775349],[-35.2496081,-5.7775434],[-35.2495061,-5.7776338],[-35.2494041,-5.7777241],[-35.2493543,-5.7777683],[-35.2493517,-5.7777705],[-35.2493126,-5.7778255],[-35.2492471,-5.7779172],[-35.2491348,-5.7780748],[-35.2491078,-5.7781127],[-35.2490566,-5.7781846],[-35.2490261,-5.7782272],[-35.2490143,-5.7782654],[-35.2490058,-5.7782927],[-35.2490041,-5.7782982],[-35.248872,-5.7787237],[-35.2488705,-5.7787286],[-35.2488608,-5.7787514],[-35.2487936,-5.7789403],[-35.2487931,-5.7789416],[-35.2487778,-5.7789838],[-35.2485469,-5.7796195],[-35.2482044,-5.7805664],[-35.2482039,-5.7805676],[-35.248167,-5.7806697],[-35.2480521,-5.7809877],[-35.2479229,-5.7813456],[-35.247909,-5.7813839],[-35.2475614,-5.7822452],[-35.2481056,-5.78393],[-35.2497148,-5.7857342],[-35.2511045,-5.7879605],[-35.2517842,-5.7911795],[-35.2516815,-5.7944206],[-35.2520866,-5.7969669],[-35.2522822,-5.7981967],[-35.2530856,-5.7994341],[-35.253934,-5.8021511],[-35.2555439,-5.8050285],[-35.2572995,-5.8070406],[-35.258464,-5.8083751],[-35.2612383,-5.8100287],[-35.2614579,-5.8100919],[-35.2617862,-5.8100598],[-35.2625198,-5.8103099],[-35.2629546,-5.8104543],[-35.2638622,-5.810758],[-35.2651651,-5.8111437],[-35.2668901,-5.8115668],[-35.2707556,-5.8134805],[-35.2708635,-5.8135745],[-35.2724671,-5.8148709],[-35.2744518,-5.8169925],[-35.2760503,-5.817718],[-35.2783761,-5.818299],[-35.2796643,-5.8189156],[-35.280801,-5.8206932],[-35.2815154,-5.8220447],[-35.2818309,-5.825423],[-35.281886,-5.8268582],[-35.2819791,-5.8284385],[-35.2819698,-5.8294725],[-35.2819645,-5.8300647],[-35.2817159,-5.8317284],[-35.2816334,-5.8336819],[-35.2809135,-5.8359091],[-35.2807069,-5.8365481],[-35.2824571,-5.8367848],[-35.2830506,-5.837995],[-35.2828182,-5.8395905],[-35.2824587,-5.8420596],[-35.2825646,-5.8438492],[-35.2826389,-5.8448123],[-35.282692,-5.8455001],[-35.28267,-5.8459757],[-35.2826206,-5.8470443],[-35.2825809,-5.8482173],[-35.2825707,-5.8485034],[-35.2825703,-5.8485137],[-35.2825345,-5.8495181],[-35.2825342,-5.8495244],[-35.2825327,-5.8495792],[-35.2824141,-5.8498172]]]},"properties":{"CD_MUN":"2408102","NM_MUN":"Natal","CD_RGI":"240001","NM_RGI":"Natal","CD_RGINT":"2401","NM_RGINT":"Natal","CD_UF":"24","NM_UF":"Rio Grande do Norte","SIGLA_UF":"RN","CD_REGIA":"2","NM_REGIA":"Nordeste","SIGLA_RG":"NE","CD_CONCU":"2408102","NM_CONCU":"Natal/RN","AREA_KM2":167.401}},
{"type":"Feature","geometry":{"type":"Polygon","coordinates":[[[-38.249116,-6.1637941],[-38.2390671,-6.1638501],[-38.2388523,-6.1638513],[-38.2362676,-6.1638657],[-38.2071918,-6.1555703],[-38.1947291,-6.1608431],[-38.1734745,-6.1699835],[-38.1685282,-6.1748847],[-38.1631629,-6.1811863],[-38.1617269,-6.1847619],[-38.1618028,-6.1860069],[-38.1639674,-6.1867271],[-38.1655568,-6.1880513],[-38.1660688,-6.1886927],[-38.1661844,-6.1910335],[-38.1696401,-6.1940569],[-38.1502235,-6.185316],[-38.1291504,-6.1758313],[-38.0814119,-6.1913662],[-38.0573036,-6.1957332],[-38.0549143,-6.1610256],[-38.0416603,-6.1691026],[-38.0437819,-6.1259893],[-38.0654358,-6.1183919],[-38.0850356,-6.1168617],[-38.1035182,-6.1138375],[-38.1476678,-6.0960639],[-38.1687981,-6.0681073],[-38.1696222,-6.0670165],[-38.1777079,-6.0563141],[-38.189437,-6.046281],[-38.1955292,-6.0410909],[-38.195919,-6.0407588],[-38.2154552,-6.0241085],[-38.2521719,-6.0101576],[-38.2526921,-6.011914],[-38.2506882,-6.0141086],[-38.2524459,-6.0216998],[-38.2523698,-6.0270291],[-38.2511795,-6.0330545],[-38.2523276,-6.0340455],[-38.2528743,-6.035209],[-38.2531668,-6.0375059],[-38.2525733,-6.0395154],[-38.2525733,-6.0395197],[-38.2525691,-6.0431031],[-38.2555941,-6.0468389],[-38.2601674,-6.0497157],[-38.260832,-6.0514397],[-38.2591838,-6.05378],[-38.2613521,-6.0548363],[-38.2637165,-6.0540933],[-38.2649744,-6.0542479],[-38.2665082,-6.0567993],[-38.2683007,-6.0572392],[-38.2686725,-6.0577466],[-38.2688005,-6.0597661],[-38.2700337,-6.0626692],[-38.2725108,-6.0639183],[-38.2743603,-6.0637878],[-38.2743963,-6.0637854],[-38.274398,-6.0637922],[-38.2744325,-6.06393],[-38.2744743,-6.0640968],[-38.2745112,-6.0642442],[-38.2745417,-6.0643662],[-38.2745711,-6.0644837],[-38.2746035,-6.0646128],[-38.2746459,-6.0647822],[-38.2746974,-6.064988],[-38.2747297,-6.0651169],[-38.2747777,-6.0653088],[-38.2748167,-6.0654646],[-38.2748587,-6.0656321],[-38.274882,-6.0657253],[-38.2749004,-6.0657988],[-38.2733717,-6.0682489],[-38.2695882,-6.0715792],[-38.2672431,-6.0727612],[-38.2658465,-6.0728625],[-38.263899,-6.0713431],[-38.2613341,-6.0748677],[-38.2619591,-6.102319],[-38.2669657,-6.1121507],[-38.2664342,-6.1128768],[-38.2639688,-6.116247],[-38.2495734,-6.1359308],[-38.249116,-6.1637941]]]},"properties":{"CD_MUN":"2409407","NM_MUN":"Pau dos Ferros","CD_RGI":"240010","NM_RGI":"Pau dos Ferros","CD_RGINT":"2403","NM_RGINT":"Mossoró","CD_UF":"24","NM_UF":"Rio Grande do Norte","SIGLA_UF":"RN","CD_REGIA":"2","NM_REGIA":"Nordeste","SIGLA_RG":"NE","CD_CONCU":"","NM_CONCU":"","AREA_KM2":259.959}},
{"type":"Feature","geometry":{"type":"Polygon","coordinates":[[[-35.9396394,-5.7330119],[-35.9383063,-5.7400405],[-35.9380794,-5.7430732],[-35.9374015,-5.7448881],[-35.9357163,-5.7476559],[-35.9354023,-5.7481716],[-35.9346397,-5.749202],[-35.9335262,-5.7502753],[-35.9327045,-5.7516263],[-35.9319197,-5.7525353],[-35.9309658,-5.7533099],[-35.929783,-5.7535716],[-35.9269816,-5.7534991],[-35.9265533,-5.7537801],[-35.9270909,-5.7560729],[-35.9271006,-5.7577402],[-35.926945,-5.7582174],[-35.9251326,-5.7608296],[-35.9244716,-5.7623983],[-35.924023,-5.763963],[-35.9239151,-5.7651079],[-35.9244952,-5.7671761],[-35.9259602,-5.7700236],[-35.9270587,-5.773803],[-35.9277336,-5.7752087],[-35.92902,-5.7773018],[-35.9296988,-5.7781172],[-35.931232,-5.7794334],[-35.9324443,-5.7808933],[-35.9334347,-5.7827017],[-35.9344108,-5.78492],[-35.9359319,-5.7861618],[-35.9366009,-5.7886268],[-35.9386179,-5.7935034],[-35.9385454,-5.7947495],[-35.9375887,-5.7948601],[-35.936519,-5.79445],[-35.9356708,-5.7949725],[-35.933393,-5.7976247],[-35.9311624,-5.7990861],[-35.928398,-5.8001347],[-35.9255222,-5.800254],[-35.8510974,-5.9133337],[-35.8499928,-5.9150891],[-35.8498181,-5.9153663],[-35.8437594,-5.9145951],[-35.8422029,-5.914102],[-35.836521,-5.911185],[-35.8330135,-5.9089821],[-35.8327286,-5.9088026],[-35.7968181,-5.853289],[-35.7841302,-5.8252427],[-35.7834169,-5.8236658],[-35.7795786,-5.8151814],[-35.7770999,-5.716386],[-35.7850507,-5.7171998],[-35.8255447,-5.7213426],[-35.8310809,-5.7219089],[-35.8320323,-5.7220062],[-35.8828549,-5.7272051],[-35.9396394,-5.7330119]]]},"properties":{"CD_MUN":"2410900","NM_MUN":"Riachuelo","CD_RGI":"240006","NM_RGI":"São Paulo do Potengi","CD_RGINT":"2401","NM_RGINT":"Natal","CD_UF":"24","NM_UF":"Rio Grande do Norte","SIGLA_UF":"RN","CD_REGIA":"2","NM_REGIA":"Nordeste","SIGLA_RG":"NE","CD_CONCU":"","NM_CONCU":"","AREA_KM2":262.887}},
{"type":"Feature","geometry":{"type":"Polygon","coordinates":[[[-35.5290102,-5.8818086],[-35.5716161,-5.8726291],[-35.5914528,-5.8688776],[-35.5941671,-5.8676477],[-35.5945259,-5.8674851],[-35.5957984,-5.8654966],[-35.6234191,-5.8223377],[-35.6354406,-5.803541],[-35.6387698,-5.7900498],[-35.6392514,-5.7893175],[-35.6400628,-5.7890413],[-35.6409239,-5.7897392],[-35.6416113,-5.7908492],[-35.6422438,-5.7908463],[-35.6442751,-5.792589],[-35.6451042,-5.7930552],[-35.645918,-5.7928694],[-35.6467263,-5.7914139],[-35.6473611,-5.7915023],[-35.6492189,-5.7923548],[-35.6520497,-5.7921769],[-35.6527498,-5.7926117],[-35.6559664,-5.7934579],[-35.6585057,-5.7946242],[-35.6623627,-5.7968296],[-35.6630864,-5.7968252],[-35.663803,-5.7950077],[-35.6647041,-5.7946412],[-35.6659709,-5.7946337],[-35.6679167,-5.7943097],[-35.66989,-5.8036366],[-35.6830962,-5.8661252],[-35.6827855,-5.8673509],[-35.6832473,-5.8689804],[-35.6853721,-5.8797661],[-35.686352,-5.8982622],[-35.6863577,-5.8983898],[-35.6874521,-5.9190965],[-35.6741212,-5.974379],[-35.668406,-5.9838887],[-35.6501929,-5.9764352],[-35.6061548,-5.9515071],[-35.601414,-5.9488236],[-35.5722267,-5.9323081],[-35.5699106,-5.929601],[-35.5530428,-5.9098941],[-35.5290934,-5.8819135],[-35.5290102,-5.8818086]]]},"properties":{"CD_MUN":"2412708","NM_MUN":"São Pedro","CD_RGI":"240006","NM_RGI":"São Paulo do Potengi","CD_RGINT":"2401","NM_RGINT":"Natal","CD_UF":"24","NM_UF":"Rio Grande do Norte","SIGLA_UF":"RN","CD_REGIA":"2","NM_REGIA":"Nordeste","SIGLA_RG":"NE","CD_CONCU":"","NM_CONCU":"","AREA_KM2":195.237}},
{"type":"Feature","geometry":{"type":"Polygon","coordinates":[[[-37.4475132,-5.9027185],[-37.4474698,-5.9030455],[-37.4473114,-5.9042396],[-37.4365505,-5.9853802],[-37.4347624,-5.9842635],[-37.4315007,-5.9829088],[-37.4281374,-5.9831735],[-37.4273833,-5.9828668],[-37.4203799,-5.9777135],[-37.4159325,-5.9763349],[-37.4064967,-5.9670013],[-37.4007938,-5.9625404],[-37.3752053,-5.9605832],[-37.3759166,-5.9881602],[-37.359054,-6.0060994],[-37.3765802,-6.0437456],[-37.3826354,-6.0669185],[-37.379492,-6.0675527],[-37.3741644,-6.0699589],[-37.378783,-6.0851326],[-37.3729287,-6.0829677],[-37.3715645,-6.0827789],[-37.3568858,-6.086384],[-37.3544342,-6.0864859],[-37.347191,-6.0804338],[-37.342781,-6.0756986],[-37.3389546,-6.070359],[-37.3357795,-6.0674595],[-37.3298333,-6.0651042],[-37.3288239,-6.0647043],[-37.325176,-6.0624941],[-37.3197122,-6.060035],[-37.3091997,-6.0577601],[-37.3005942,-6.0502599],[-37.2980096,-6.0495545],[-37.2955717,-6.0500947],[-37.2869166,-6.0579895],[-37.2822666,-6.0582243],[-37.2773962,-6.0573122],[-37.2724774,-6.0557025],[-37.2699944,-6.0541997],[-37.2667974,-6.0510989],[-37.2635792,-6.0463556],[-37.2626952,-6.0424416],[-37.2625843,-6.0384559],[-37.2618428,-6.037157],[-37.2584224,-6.0340573],[-37.2580316,-6.0316636],[-37.2564741,-6.0284707],[-37.2537948,-6.0265689],[-37.2506137,-6.0259119],[-37.2433247,-6.0269336],[-37.2318602,-6.0275949],[-37.2298669,-6.0289331],[-37.2276681,-6.032266],[-37.2250342,-6.0392657],[-37.2239834,-6.0410568],[-37.2226872,-6.0421481],[-37.2197012,-6.0426358],[-37.2164203,-6.0424771],[-37.213365,-6.04127],[-37.20865,-6.038466],[-37.2043976,-6.0381518],[-37.2021589,-6.038842],[-37.2002642,-6.0402816],[-37.1986662,-6.0423676],[-37.1973124,-6.0459018],[-37.1963362,-6.0472418],[-37.1942949,-6.0480332],[-37.1793936,-6.0499764],[-37.1767601,-6.0495191],[-37.1739313,-6.0480159],[-37.1626162,-6.0221813],[-37.1623382,-6.0211712],[-37.2335891,-5.9394267],[-37.2604533,-5.9085704],[-37.2286205,-5.8673302],[-37.2283298,-5.8669537],[-37.2279314,-5.8664378],[-37.1949588,-5.8237407],[-37.1794884,-5.8190609],[-37.2254043,-5.7898362],[-37.2190485,-5.7259441],[-37.2205789,-5.717497],[-37.2407863,-5.7097049],[-37.2431352,-5.7084145],[-37.2438844,-5.7080042],[-37.2510279,-5.7175073],[-37.2531344,-5.7176183],[-37.2547981,-5.7182202],[-37.2604695,-5.7174799],[-37.2619815,-5.7159351],[-37.264244,-5.7150863],[-37.2655963,-5.7138971],[-37.2663513,-5.7138991],[-37.268487,-5.7152969],[-37.2692013,-5.7150591],[-37.2702788,-5.7131541],[-37.271232,-5.7123824],[-37.2718251,-5.712543],[-37.2726678,-5.7140253],[-37.2776812,-5.7174135],[-37.280695,-5.7172036],[-37.2812531,-5.7164503],[-37.2810183,-5.715056],[-37.2822899,-5.7148182],[-37.2827407,-5.7136618],[-37.2844289,-5.715107],[-37.2857386,-5.714891],[-37.286771,-5.7152522],[-37.2933476,-5.7142],[-37.2943088,-5.7129493],[-37.2952182,-5.7125467],[-37.2957695,-5.7123026],[-37.2973292,-5.7104532],[-37.3029621,-5.7100904],[-37.3053046,-5.7093415],[-37.3085918,-5.7105042],[-37.3131134,-5.709941],[-37.3138665,-5.7103413],[-37.3148981,-5.7122179],[-37.3176204,-5.713969],[-37.3207139,-5.7144787],[-37.3220638,-5.7141249],[-37.3236064,-5.7155219],[-37.3256326,-5.7154482],[-37.3289535,-5.7177854],[-37.3304203,-5.7175104],[-37.3324775,-5.7188802],[-37.3335505,-5.7190307],[-37.3344223,-5.7184769],[-37.3381481,-5.7200182],[-37.3396152,-5.7199428],[-37.3403305,-5.7194271],[-37.3415993,-5.7198279],[-37.3428298,-5.7191173],[-37.3435785,-5.7193283],[-37.3443255,-5.7195389],[-37.3481786,-5.7206249],[-37.3628908,-5.7207263],[-37.367012,-5.7213628],[-37.3683131,-5.7221057],[-37.3685946,-5.7222663],[-37.3717417,-5.7222523],[-37.3733967,-5.7231822],[-37.3755436,-5.72479],[-37.3796896,-5.7290321],[-37.382955,-5.729321],[-37.3890162,-5.72838],[-37.3933541,-5.7291406],[-37.3976394,-5.7306726],[-37.4023892,-5.7337736],[-37.4089097,-5.737043],[-37.4149123,-5.7393541],[-37.4171354,-5.739517],[-37.4186064,-5.7396247],[-37.4225214,-5.7399115],[-37.4261555,-5.7418398],[-37.4350061,-5.7453021],[-37.438857,-5.7442498],[-37.4421264,-5.7426437],[-37.4674526,-5.7522805],[-37.4606251,-5.8039032],[-37.4605894,-5.804173],[-37.4544495,-5.8504964],[-37.4475132,-5.9027185]]]},"properties":{"CD_MUN":"2401305","NM_MUN":"Campo Grande","CD_RGI":"240009","NM_RGI":"Mossoró","CD_RGINT":"2403","NM_RGINT":"Mossoró","CD_UF":"24","NM_UF":"Rio Grande do Norte","SIGLA_UF":"RN","CD_REGIA":"2","NM_REGIA":"Nordeste","SIGLA_RG":"NE","CD_CONCU":"","NM_CONCU":"","AREA_KM2":890.89}},
{"type":"Feature","geometry":{"type":"Polygon","coordinates":[[[-37.138556,-4.9479494],[-37.1416342,-4.9497931],[-37.1421083,-4.9498124],[-37.1438351,-4.9499708],[-37.1451345,-4.9499432],[-37.1466176,-4.9499086],[-37.1483481,-4.9496324],[-37.1501018,-4.9492548],[-37.1521519,-4.9485569],[-37.1531414,-4.9481062],[-37.1541332,-4.9476116],[-37.1550865,-4.9471115],[-37.1564518,-4.9462624],[-37.1576363,-4.9453713],[-37.1586745,-4.9443551],[-37.1593959,-4.9434305],[-37.1600212,-4.9424917],[-37.1603322,-4.9416655],[-37.1605069,-4.9410697],[-37.1609806,-4.9401274],[-37.1618173,-4.9388336],[-37.1624861,-4.9377877],[-37.1632716,-4.9367022],[-37.1642534,-4.9354462],[-37.1654695,-4.9340666],[-37.1657057,-4.9337789],[-37.1659624,-4.9333131],[-37.1665286,-4.9326809],[-37.1668617,-4.9323094],[-37.1670851,-4.9320601],[-37.1672412,-4.9319771],[-37.167448,-4.9318671],[-37.1676239,-4.931698],[-37.167817,-4.9314577],[-37.1679522,-4.9311738],[-37.168197,-4.9307293],[-37.1684293,-4.9305138],[-37.1687164,-4.9302317],[-37.1692534,-4.9296618],[-37.1697791,-4.9290381],[-37.1703201,-4.9282246],[-37.1721932,-4.9257855],[-37.1728903,-4.9249418],[-37.1733312,-4.9244081],[-37.1747441,-4.922785],[-37.1766946,-4.9207417],[-37.177685,-4.9196227],[-37.1786187,-4.918613],[-37.1795206,-4.9178647],[-37.1802923,-4.9171975],[-37.1816599,-4.9165472],[-37.1831393,-4.915857],[-37.1835613,-4.9156601],[-37.1844451,-4.9152346],[-37.1860414,-4.9143601],[-37.1867194,-4.9139176],[-37.1880992,-4.9130433],[-37.1891746,-4.9122385],[-37.1892449,-4.9121859],[-37.189386,-4.9121024],[-37.1904538,-4.9114713],[-37.1920695,-4.9104354],[-37.1936774,-4.9093301],[-37.1953934,-4.9081256],[-37.1968721,-4.9069931],[-37.1977241,-4.9062578],[-37.1988871,-4.905267],[-37.1993035,-4.9049122],[-37.1997174,-4.9046161],[-37.2004894,-4.9040637],[-37.2011462,-4.9034881],[-37.2019525,-4.9027814],[-37.2037268,-4.9012826],[-37.2047901,-4.9001133],[-37.2058428,-4.8991396],[-37.2065846,-4.8983062],[-37.2074572,-4.8973834],[-37.2086087,-4.8963596],[-37.2091046,-4.89588],[-37.2096537,-4.895365],[-37.2101842,-4.8947063],[-37.2102381,-4.8946394],[-37.2105845,-4.894157],[-37.2113038,-4.8933223],[-37.2124912,-4.891966],[-37.2132075,-4.8911031],[-37.2139014,-4.8903139],[-37.21479,-4.8891326],[-37.2155229,-4.8882649],[-37.2166566,-4.8870102],[-37.2173498,-4.8860341],[-37.2183732,-4.8848194],[-37.21942,-4.8834428],[-37.2203327,-4.8823391],[-37.2209958,-4.8814028],[-37.2216353,-4.8817401],[-37.2244949,-4.8832483],[-37.231179,-4.8867737],[-37.2333248,-4.8884542],[-37.234278,-4.8911714],[-37.2341736,-4.8929949],[-37.2623527,-4.9038739],[-37.2626838,-4.9041169],[-37.2662831,-4.9098958],[-37.2667181,-4.9103747],[-37.2689618,-4.9116512],[-37.2693041,-4.9121583],[-37.2694026,-4.9131723],[-37.2691722,-4.914384],[-37.2691301,-4.9161651],[-37.2698034,-4.9184302],[-37.2698022,-4.9192847],[-37.268719,-4.9236748],[-37.2687624,-4.9250727],[-37.2694703,-4.9267235],[-37.270676,-4.9278519],[-37.2708891,-4.928369],[-37.2708289,-4.9308845],[-37.2692534,-4.933576],[-37.2689992,-4.935568],[-37.26908,-4.9380643],[-37.2699693,-4.9417368],[-37.2703311,-4.9453439],[-37.2703503,-4.945535],[-37.2856435,-4.941198],[-37.2872432,-4.9409295],[-37.2902735,-4.9409385],[-37.2920242,-4.9411466],[-37.3046639,-4.9430903],[-37.3075023,-4.9435268],[-37.3078475,-4.9456022],[-37.3068196,-4.9460807],[-37.2208677,-4.9860517],[-37.2201102,-4.986404],[-37.2087695,-4.9916732],[-37.1766621,-4.9702006],[-37.1659693,-5.0031058],[-37.1666943,-5.0150407],[-37.1649292,-5.015481],[-37.1638104,-5.0141535],[-37.1627159,-5.0135507],[-37.1619545,-5.0134503],[-37.159623,-5.0122741],[-37.155444,-5.0107306],[-37.1535388,-5.010289],[-37.1498361,-5.0097666],[-37.1447173,-5.0095847],[-37.140067,-5.0079559],[-37.136649,-5.0050526],[-37.1349877,-5.0036407],[-37.1323124,-5.0003831],[-37.1316453,-4.998584],[-37.1310515,-4.9945835],[-37.131192,-4.9924306],[-37.1320934,-4.9906346],[-37.1337086,-4.9890668],[-37.1366898,-4.9871086],[-37.1414403,-4.9849225],[-37.1453326,-4.9825061],[-37.1469099,-4.9802808],[-37.1474262,-4.977961],[-37.1473422,-4.9751728],[-37.1465188,-4.9718255],[-37.1445409,-4.9669881],[-37.1433531,-4.9650827],[-37.1411249,-4.9615085],[-37.1385793,-4.9574269],[-37.1382749,-4.9569387],[-37.1373138,-4.953498],[-37.1373155,-4.9528218],[-37.1373203,-4.9508953],[-37.1373644,-4.9507518],[-37.137686,-4.9497042],[-37.1379748,-4.9487618],[-37.138556,-4.9479494]]]},"properties":{"CD_MUN":"2404408","NM_MUN":"Grossos","CD_RGI":"240009","NM_RGI":"Mossoró","CD_RGINT":"2403","NM_RGINT":"Mossoró","CD_UF":"24","NM_UF":"Rio Grande do Norte","SIGLA_UF":"RN","CD_REGIA":"2","NM_REGIA":"Nordeste","SIGLA_RG":"NE","CD_CONCU":"","NM_CONCU":"","AREA_KM2":124.538}},
{"type":"Feature","geometry":{"type":"Polygon","coordinates":[[[-36.6223072,-6.1317646],[-36.6228697,-6.1408513],[-36.6273208,-6.1514752],[-36.6279435,-6.155342],[-36.6268405,-6.1583686],[-36.6253948,-6.1603982],[-36.6182164,-6.168292],[-36.6167165,-6.1707713],[-36.6156615,-6.174647],[-36.6188664,-6.1923689],[-36.617678,-6.1954124],[-36.616045,-6.196896],[-36.6135873,-6.1980889],[-36.6078136,-6.2036425],[-36.6041482,-6.212102],[-36.6033654,-6.2130844],[-36.5998479,-6.2146251],[-36.5991824,-6.2160713],[-36.6009728,-6.2262489],[-36.6055561,-6.2273571],[-36.6066587,-6.2283019],[-36.6068466,-6.2297188],[-36.6061781,-6.2307678],[-36.6019007,-6.2311692],[-36.5994708,-6.2319568],[-36.5986787,-6.2344093],[-36.5990195,-6.2385066],[-36.5985667,-6.241584],[-36.5974513,-6.2434623],[-36.5958685,-6.2446493],[-36.5929332,-6.244636],[-36.5918791,-6.2452947],[-36.591646,-6.2477345],[-36.5964238,-6.2622568],[-36.6049015,-6.2746698],[-36.6067857,-6.2783215],[-36.6079042,-6.287067],[-36.6068218,-6.2894185],[-36.6045929,-6.2903684],[-36.6042722,-6.2904896],[-36.5960588,-6.2882333],[-36.5952694,-6.2916095],[-36.5924905,-6.296989],[-36.589458,-6.2972703],[-36.5847694,-6.2998784],[-36.5842402,-6.3005423],[-36.5840972,-6.3011778],[-36.5856376,-6.3033748],[-36.5858134,-6.3044686],[-36.5847531,-6.3063759],[-36.5758491,-6.3078135],[-36.5708606,-6.3097472],[-36.5709084,-6.3110124],[-36.5699926,-6.3114787],[-36.5676838,-6.310879],[-36.5670188,-6.3112063],[-36.5668491,-6.3120087],[-36.5649663,-6.3122754],[-36.5644363,-6.3128552],[-36.5647657,-6.3136606],[-36.5644039,-6.3142406],[-36.5638505,-6.3142662],[-36.5635391,-6.3154567],[-36.5626602,-6.3160297],[-36.5619147,-6.3177979],[-36.5616979,-6.3216944],[-36.5607501,-6.3237649],[-36.5599423,-6.3274365],[-36.5593322,-6.3282645],[-36.5576417,-6.328615],[-36.5573082,-6.3290281],[-36.5581743,-6.3297392],[-36.55762,-6.3302351],[-36.5548242,-6.3308027],[-36.5532568,-6.3347273],[-36.5535266,-6.335946],[-36.5532322,-6.3398778],[-36.5487661,-6.3426064],[-36.547984,-6.3443741],[-36.550017,-6.3477624],[-36.5508577,-6.3507932],[-36.550857,-6.3540175],[-36.5508568,-6.361855],[-36.5489263,-6.362911],[-36.5458384,-6.363805],[-36.5436434,-6.367056],[-36.542425,-6.3729028],[-36.5407699,-6.3730853],[-36.5380353,-6.3726111],[-36.5272911,-6.376321],[-36.5178284,-6.3782125],[-36.5119771,-6.3821415],[-36.5094337,-6.3827939],[-36.505878,-6.3859843],[-36.5043775,-6.3864509],[-36.50364,-6.3800291],[-36.5002211,-6.3703899],[-36.5001991,-6.3696699],[-36.4998486,-6.3581649],[-36.4870623,-6.3597985],[-36.4635629,-6.3611191],[-36.4635615,-6.36112],[-36.4487857,-6.3619509],[-36.4447823,-6.3621751],[-36.4326035,-6.3630981],[-36.430306,-6.362255],[-36.4284842,-6.3596589],[-36.4154169,-6.3330593],[-36.3945614,-6.2939748],[-36.3626048,-6.3099788],[-36.3575767,-6.3099873],[-36.3542721,-6.3085221],[-36.3439926,-6.3025386],[-36.3439879,-6.3025347],[-36.3434643,-6.3022305],[-36.3294922,-6.2940972],[-36.31364,-6.2833561],[-36.3075913,-6.2814979],[-36.3048805,-6.2821948],[-36.3035239,-6.2830337],[-36.2974019,-6.2891613],[-36.2949796,-6.2921068],[-36.2953966,-6.2858358],[-36.2934191,-6.2854194],[-36.2937724,-6.2834814],[-36.291884,-6.282586],[-36.2915453,-6.2809676],[-36.2920771,-6.278708],[-36.2910948,-6.2770049],[-36.2890351,-6.2757827],[-36.2839601,-6.2747077],[-36.2818164,-6.2734837],[-36.28153,-6.270493],[-36.2791475,-6.2649075],[-36.2786456,-6.2621569],[-36.2747457,-6.2591475],[-36.271566,-6.2578376],[-36.2690792,-6.2561295],[-36.268627,-6.2554619],[-36.2656194,-6.2510212],[-36.2609829,-6.2484935],[-36.2586728,-6.2458137],[-36.2582545,-6.2432267],[-36.259782,-6.2395979],[-36.2620331,-6.2370251],[-36.2649707,-6.2324755],[-36.2660019,-6.2308784],[-36.2670233,-6.2292963],[-36.2671194,-6.2272785],[-36.266278,-6.2236356],[-36.2642305,-6.2201518],[-36.2631704,-6.2172377],[-36.2589493,-6.2009778],[-36.2576677,-6.1987909],[-36.2568489,-6.1580152],[-36.2957003,-6.1221662],[-36.3045467,-6.1207389],[-36.320984,-6.1124606],[-36.3289297,-6.1064696],[-36.3358764,-6.1020761],[-36.3433715,-6.0979498],[-36.3471234,-6.0982933],[-36.353179,-6.0988476],[-36.4116998,-6.1042003],[-36.4108601,-6.1074771],[-36.4079647,-6.1087184],[-36.4075541,-6.1099336],[-36.4056606,-6.1108388],[-36.4054829,-6.1123594],[-36.4047518,-6.1131048],[-36.4021598,-6.1132813],[-36.3992632,-6.1147151],[-36.3987483,-6.1155087],[-36.3985738,-6.1174942],[-36.398882,-6.1182436],[-36.399421,-6.1186641],[-36.4019772,-6.118802],[-36.404768,-6.1203697],[-36.4057143,-6.1225166],[-36.4071359,-6.1231384],[-36.4087716,-6.1255895],[-36.4111418,-6.1283679],[-36.4127914,-6.1293357],[-36.413414,-6.1295557],[-36.4242084,-6.130932],[-36.4238252,-6.1328058],[-36.4258879,-6.1362334],[-36.4276226,-6.1407787],[-36.4290673,-6.1417894],[-36.4321434,-6.1421374],[-36.4332583,-6.1409537],[-36.4340308,-6.1387705],[-36.4332082,-6.1366842],[-36.4275695,-6.1329076],[-36.4270332,-6.1320308],[-36.4272031,-6.1313637],[-36.431358,-6.129608],[-36.4293459,-6.1258302],[-36.4270269,-6.1246894],[-36.4288217,-6.1232814],[-36.4291178,-6.1223253],[-36.4284848,-6.1198388],[-36.4289773,-6.1126771],[-36.4319662,-6.1141084],[-36.4338205,-6.1135872],[-36.4343159,-6.1147142],[-36.4351509,-6.1139667],[-36.4353514,-6.1148313],[-36.4359411,-6.1142853],[-36.4359378,-6.1150544],[-36.4363354,-6.1144143],[-36.4365392,-6.1152063],[-36.4446253,-6.1170155],[-36.447628,-6.1157799],[-36.4477963,-6.1153193],[-36.446641,-6.1134404],[-36.4488521,-6.1121998],[-36.4550243,-6.1141255],[-36.455607,-6.1139207],[-36.4559554,-6.1149014],[-36.4571586,-6.1159494],[-36.4579067,-6.1161206],[-36.4599029,-6.1153012],[-36.4674735,-6.1217718],[-36.4687262,-6.1209438],[-36.4704529,-6.121098],[-36.4734835,-6.1234169],[-36.4779438,-6.1255307],[-36.4785141,-6.128327],[-36.4820815,-6.1307605],[-36.4839769,-6.1307912],[-36.4920433,-6.1366023],[-36.4945534,-6.1350752],[-36.4988294,-6.1351742],[-36.501848,-6.1375018],[-36.5032987,-6.137426],[-36.5072591,-6.1267383],[-36.5091735,-6.1229175],[-36.5090465,-6.121959],[-36.5063386,-6.1197978],[-36.505087,-6.1200848],[-36.5036739,-6.1196612],[-36.5030836,-6.1168855],[-36.5002511,-6.1169564],[-36.4974257,-6.1159001],[-36.4981657,-6.1135905],[-36.4979172,-6.1130467],[-36.4968764,-6.1137068],[-36.4957169,-6.1117851],[-36.4950529,-6.1114506],[-36.4944698,-6.111697],[-36.4943208,-6.1122578],[-36.4957957,-6.1159332],[-36.4917896,-6.114937],[-36.492132,-6.1128943],[-36.4918478,-6.1114753],[-36.4904736,-6.1115104],[-36.489283,-6.1124848],[-36.4886993,-6.111941],[-36.4871778,-6.111866],[-36.4892835,-6.1081275],[-36.4900282,-6.1085907],[-36.4904424,-6.109718],[-36.491769,-6.1102659],[-36.4925236,-6.1093531],[-36.4925615,-6.1055787],[-36.4930205,-6.1051227],[-36.4935205,-6.1054166],[-36.4941345,-6.1072971],[-36.4947163,-6.1075495],[-36.4955793,-6.1056138],[-36.4943787,-6.1041075],[-36.4949667,-6.1034445],[-36.4983169,-6.1048369],[-36.5019392,-6.1031217],[-36.5029379,-6.1030438],[-36.5034346,-6.1039212],[-36.5032841,-6.1047734],[-36.5022335,-6.1070224],[-36.5031035,-6.1079824],[-36.503652,-6.1060688],[-36.5050909,-6.1057218],[-36.5050358,-6.1048295],[-36.5055534,-6.1045127],[-36.5046856,-6.1036773],[-36.5053543,-6.1028456],[-36.5046085,-6.1021731],[-36.5029239,-6.101896],[-36.5035103,-6.1010643],[-36.5021019,-6.0994746],[-36.5023027,-6.0987935],[-36.5025294,-6.0985559],[-36.5026708,-6.0984089],[-36.5039168,-6.098503],[-36.504988,-6.1007168],[-36.505778,-6.1010958],[-36.5065731,-6.1007254],[-36.5063277,-6.0993067],[-36.5100625,-6.1009305],[-36.5103755,-6.1015965],[-36.5093065,-6.1032381],[-36.5099306,-6.1036587],[-36.5108026,-6.1037463],[-36.5128514,-6.1017546],[-36.5157118,-6.0998711],[-36.5162061,-6.1003352],[-36.5157173,-6.101547],[-36.5161604,-6.1020813],[-36.5183617,-6.102262],[-36.5158386,-6.104354],[-36.5158714,-6.1061034],[-36.5146949,-6.1083911],[-36.516941,-6.1103104],[-36.5185016,-6.1088898],[-36.5213368,-6.1079014],[-36.5221254,-6.1082389],[-36.5229276,-6.1103062],[-36.5205563,-6.1122083],[-36.521042,-6.1131729],[-36.5263051,-6.1138034],[-36.5274966,-6.1168514],[-36.5264371,-6.117448],[-36.5236089,-6.116229],[-36.5228583,-6.1162661],[-36.5227727,-6.1168523],[-36.5271324,-6.1237293],[-36.5274607,-6.1257733],[-36.5288213,-6.1269545],[-36.5302878,-6.1303952],[-36.5335672,-6.1305311],[-36.5357579,-6.1311908],[-36.5370791,-6.1335737],[-36.5398428,-6.1345316],[-36.5385851,-6.1365618],[-36.5388917,-6.1378771],[-36.5398854,-6.1389199],[-36.5422972,-6.1397259],[-36.5442901,-6.1410273],[-36.5451569,-6.1379315],[-36.5456977,-6.1378437],[-36.5471456,-6.1399782],[-36.5469327,-6.1430624],[-36.5472332,-6.1437498],[-36.5479811,-6.1437948],[-36.5482577,-6.1415047],[-36.5506989,-6.1412219],[-36.5512857,-6.1405172],[-36.5513548,-6.1389947],[-36.5499872,-6.137782],[-36.5498649,-6.1371961],[-36.5502831,-6.1366133],[-36.5521982,-6.1366228],[-36.5527917,-6.135152],[-36.5527344,-6.1330591],[-36.5531594,-6.1313539],[-36.5540764,-6.1313158],[-36.5569195,-6.1326843],[-36.5584612,-6.1326692],[-36.5604107,-6.1342425],[-36.5628937,-6.1328979],[-36.564107,-6.131487],[-36.5676216,-6.1324828],[-36.570245,-6.1322868],[-36.5714914,-6.1332917],[-36.5724729,-6.1320266],[-36.5756241,-6.1349148],[-36.5743858,-6.1370161],[-36.577782,-6.1410348],[-36.5783217,-6.1414123],[-36.5806344,-6.1413174],[-36.5813831,-6.1409878],[-36.5815184,-6.138487],[-36.5803651,-6.1361884],[-36.5798187,-6.1324461],[-36.5800748,-6.131571],[-36.5817422,-6.1307448],[-36.5835093,-6.1313161],[-36.5865072,-6.133679],[-36.5887108,-6.1367395],[-36.5886575,-6.139575],[-36.5910709,-6.1397937],[-36.5912003,-6.1395732],[-36.5926458,-6.1371118],[-36.5921991,-6.1339822],[-36.5925514,-6.1301491],[-36.594319,-6.127756],[-36.5977898,-6.1271414],[-36.5995699,-6.1251275],[-36.6014871,-6.1248833],[-36.6026483,-6.1256814],[-36.6048845,-6.1240034],[-36.6059664,-6.124466],[-36.6085094,-6.1278996],[-36.6103285,-6.1315971],[-36.6223072,-6.1317646]]]},"properties":{"CD_MUN":"2403103","NM_MUN":"Currais Novos","CD_RGI":"240008","NM_RGI":"Currais Novos","CD_RGINT":"2402","NM_RGINT":"Caicó","CD_UF":"24","NM_UF":"Rio Grande do Norte","SIGLA_UF":"RN","CD_REGIA":"2","NM_REGIA":"Nordeste","SIGLA_RG":"NE","CD_CONCU":"","NM_CONCU":"","AREA_KM2":864.349}},
{"type":"Feature","geometry":{"type":"Polygon","coordinates":[[[-36.284752,-5.8592915],[-36.3563581,-5.8490415],[-36.3892196,-5.7953772],[-36.4330492,-5.7809769],[-36.5091707,-5.7559424],[-36.516126,-5.7604916],[-36.522031,-5.7638906],[-36.5251859,-5.7653043],[-36.5503874,-5.7693749],[-36.5648522,-5.75721],[-36.5679276,-5.7575931],[-36.6164327,-5.757165],[-36.6196159,-5.7563245],[-36.6208352,-5.7563288],[-36.6251629,-5.7575319],[-36.6278679,-5.7584637],[-36.6300979,-5.7586706],[-36.6340381,-5.7559237],[-36.635664,-5.7554026],[-36.6372888,-5.7554093],[-36.63925,-5.7566706],[-36.6411358,-5.7581227],[-36.6439758,-5.7589252],[-36.6458751,-5.7580106],[-36.6464216,-5.7565662],[-36.6451596,-5.7507036],[-36.6457084,-5.748863],[-36.647068,-5.7478142],[-36.6492376,-5.7470337],[-36.6548674,-5.7442271],[-36.6575814,-5.7425261],[-36.6592159,-5.7396371],[-36.6595738,-5.7358865],[-36.6606673,-5.7329955],[-36.6613524,-5.7306274],[-36.6614464,-5.7246386],[-36.6626746,-5.7218786],[-36.6644399,-5.7207002],[-36.6660729,-5.7191268],[-36.6730886,-5.7080293],[-36.674714,-5.7060835],[-36.6766649,-5.7053505],[-36.6820943,-5.703817],[-36.6884574,-5.7032534],[-36.6906866,-5.7020481],[-36.6950844,-5.6979405],[-36.6978686,-5.6963365],[-36.699187,-5.6957868],[-36.7026797,-5.7014333],[-36.7046175,-5.7029688],[-36.7083357,-5.7039099],[-36.7141278,-5.7089401],[-36.7156966,-5.7099917],[-36.7207484,-5.7141345],[-36.7223949,-5.7158315],[-36.7252275,-5.7195082],[-36.7275074,-5.7231223],[-36.729624,-5.7259408],[-36.7377061,-5.7330832],[-36.7417369,-5.7360697],[-36.7446868,-5.7395962],[-36.7522914,-5.7533052],[-36.7548806,-5.7585556],[-36.7554698,-5.7590107],[-36.7563778,-5.7593546],[-36.757053,-5.7591924],[-36.7601494,-5.7565743],[-36.7612472,-5.7563317],[-36.762176,-5.7565836],[-36.763273,-5.7573269],[-36.7663158,-5.7624539],[-36.7674549,-5.7630331],[-36.7694796,-5.7636562],[-36.7711283,-5.7639125],[-36.7727756,-5.7639178],[-36.7760519,-5.7636222],[-36.7785467,-5.7628096],[-36.7798178,-5.7618707],[-36.7853972,-5.7556672],[-36.7867102,-5.754893],[-36.7880643,-5.7545685],[-36.7897429,-5.7551685],[-36.7764697,-5.7790023],[-36.7686561,-5.7930263],[-36.7707238,-5.7993878],[-36.7715918,-5.8013254],[-36.7724007,-5.8019178],[-36.773641,-5.8022941],[-36.7757729,-5.8018584],[-36.7766324,-5.8024531],[-36.7767285,-5.8031918],[-36.7755575,-5.8048172],[-36.7753432,-5.8076254],[-36.7749573,-5.809768],[-36.7748592,-5.8134782],[-36.7740754,-5.8152828],[-36.774069,-5.8159761],[-36.7743715,-5.8166169],[-36.7751526,-5.8172872],[-36.7755056,-5.8179287],[-36.775403,-5.8185204],[-36.7748409,-5.8196528],[-36.774945,-5.8201934],[-36.7763538,-5.8215315],[-36.7768056,-5.8227662],[-36.7774035,-5.8253332],[-36.7774763,-5.8262946],[-36.777316,-5.8270829],[-36.7758974,-5.8280127],[-36.7753876,-5.8287986],[-36.7749769,-5.8302263],[-36.7747138,-5.8322478],[-36.7739991,-5.8337722],[-36.7727508,-5.8349753],[-36.7724439,-5.8357134],[-36.7722881,-5.8368481],[-36.7734849,-5.8417329],[-36.7733826,-5.8423714],[-36.7728455,-5.8433321],[-36.7726394,-5.8441693],[-36.7726267,-5.8476698],[-36.7729159,-5.8511905],[-36.7726262,-5.8546189],[-36.7726141,-5.8574061],[-36.7728103,-5.8586879],[-36.7735607,-5.861044],[-36.8004153,-5.8924774],[-36.818067,-5.9131389],[-36.8356362,-5.9285091],[-36.8760471,-5.9638712],[-36.8784528,-5.9606366],[-36.8937283,-5.9749562],[-36.8926644,-5.9769438],[-36.8922538,-5.9771524],[-36.88863,-5.9766225],[-36.8885655,-5.9741743],[-36.8878392,-5.9736581],[-36.8851223,-5.97495],[-36.8827298,-5.9741494],[-36.8817839,-5.9742268],[-36.8814533,-5.9765384],[-36.8799176,-5.9777105],[-36.8770058,-5.9759978],[-36.8731093,-5.976422],[-36.8722288,-5.9758119],[-36.8704531,-5.9731605],[-36.8694923,-5.9726892],[-36.8684763,-5.9735467],[-36.8682732,-5.9784482],[-36.8679027,-5.9796602],[-36.8662862,-5.9802511],[-36.8660838,-5.9823342],[-36.8651904,-5.9824391],[-36.8638094,-5.9814867],[-36.8616268,-5.981554],[-36.860847,-5.9839472],[-36.8591519,-5.9841407],[-36.8587118,-5.9845615],[-36.8587541,-5.9871585],[-36.8571534,-5.9894482],[-36.8579902,-5.9906286],[-36.8562803,-5.9929116],[-36.8563912,-5.9937637],[-36.8574177,-5.9942162],[-36.8572616,-5.9947156],[-36.8550759,-5.9953794],[-36.8545083,-5.9962276],[-36.8541852,-5.9992207],[-36.8530783,-6.0007889],[-36.852607,-6.0028811],[-36.8504676,-6.006147],[-36.8489573,-6.0103315],[-36.8490555,-6.0116284],[-36.8502765,-6.0142304],[-36.8509079,-6.0169022],[-36.8546483,-6.0252704],[-36.8545116,-6.0275129],[-36.853151,-6.0301846],[-36.8478795,-6.0346531],[-36.8480649,-6.0362099],[-36.8488953,-6.0378328],[-36.8553922,-6.0442805],[-36.8491102,-6.0414084],[-36.8437602,-6.0404544],[-36.8349081,-6.0415085],[-36.8363528,-6.0492884],[-36.8361081,-6.0523979],[-36.8336182,-6.0537869],[-36.8302036,-6.0531518],[-36.8295022,-6.0542381],[-36.820934,-6.0538902],[-36.8125086,-6.0532356],[-36.8013243,-6.0501014],[-36.799149,-6.0484067],[-36.795591,-6.0425167],[-36.7933636,-6.040114],[-36.7911836,-6.0393969],[-36.7897268,-6.0392835],[-36.788048,-6.039385],[-36.7863667,-6.0399229],[-36.7850176,-6.0412223],[-36.7836665,-6.0436099],[-36.783285,-6.0444451],[-36.7823609,-6.0480101],[-36.7821264,-6.0500766],[-36.7665681,-6.0561644],[-36.7553106,-6.0556856],[-36.7551897,-6.0561669],[-36.7549231,-6.0565469],[-36.7550142,-6.05698],[-36.7538861,-6.05791],[-36.7526075,-6.0598197],[-36.7517986,-6.0604089],[-36.7516581,-6.0609992],[-36.7495008,-6.0626778],[-36.7490133,-6.0627644],[-36.7463953,-6.0623136],[-36.7456453,-6.0614458],[-36.7456639,-6.0607569],[-36.7444961,-6.0597003],[-36.7443186,-6.0590194],[-36.7438692,-6.0583969],[-36.7437383,-6.0578578],[-36.7431897,-6.0575],[-36.7425678,-6.0573714],[-36.7421253,-6.0558094],[-36.7427431,-6.0554156],[-36.7427692,-6.0551508],[-36.7366567,-6.0549586],[-36.7308641,-6.056598],[-36.7287823,-6.0594271],[-36.7256411,-6.0636959],[-36.7198815,-6.0719479],[-36.7222779,-6.0777424],[-36.7267413,-6.0828464],[-36.7272684,-6.0839124],[-36.727498,-6.0854507],[-36.7273716,-6.0873407],[-36.7266542,-6.0895856],[-36.7230673,-6.0933041],[-36.7198883,-6.0952562],[-36.7149074,-6.099824],[-36.710162,-6.1018524],[-36.7017522,-6.1044838],[-36.6954557,-6.1054152],[-36.6936568,-6.1040011],[-36.6934134,-6.1037019],[-36.6876502,-6.1057198],[-36.6784264,-6.1089493],[-36.6784226,-6.1089507],[-36.6687465,-6.1123386],[-36.6532703,-6.111835],[-36.6387154,-6.0890082],[-36.614245,-6.0802317],[-36.6142267,-6.0802251],[-36.6120004,-6.0794266],[-36.6117727,-6.0793443],[-36.5875547,-6.0706592],[-36.5851333,-6.0697909],[-36.5738787,-6.0657552],[-36.5547392,-6.0588921],[-36.5474391,-6.0562746],[-36.5403828,-5.9897415],[-36.5287098,-5.9784581],[-36.5076898,-5.9581467],[-36.4750083,-5.9265731],[-36.4354731,-5.9108868],[-36.4338705,-5.9101279],[-36.4328137,-5.9091998],[-36.4312837,-5.9071546],[-36.4299846,-5.9047024],[-36.4295403,-5.9043053],[-36.4267775,-5.9046609],[-36.4265938,-5.9043373],[-36.4266387,-5.9020657],[-36.4259838,-5.8999736],[-36.4244206,-5.8973908],[-36.4241281,-5.8963804],[-36.4240659,-5.8937867],[-36.4227337,-5.8908765],[-36.4148237,-5.8584289],[-36.4075803,-5.8590577],[-36.4069309,-5.8592738],[-36.405605,-5.8597148],[-36.403014,-5.8598506],[-36.4011342,-5.8596179],[-36.3988434,-5.8588518],[-36.3965122,-5.8575463],[-36.3893135,-5.8523188],[-36.3884439,-5.8519134],[-36.3877104,-5.8519104],[-36.3860572,-5.8522151],[-36.3850471,-5.8526099],[-36.3840808,-5.8534095],[-36.3835493,-5.8541427],[-36.3828508,-5.8568598],[-36.3828869,-5.8587324],[-36.3826534,-5.8594434],[-36.3818663,-5.8610441],[-36.3798541,-5.8640371],[-36.3777541,-5.8667803],[-36.3757977,-5.8687181],[-36.375147,-5.869032],[-36.3742197,-5.8701852],[-36.3734043,-5.870813],[-36.3721281,-5.8714113],[-36.3711503,-5.8721439],[-36.3706046,-5.8730373],[-36.3682147,-5.8746587],[-36.366912,-5.8751274],[-36.3659909,-5.8752802],[-36.3649628,-5.8752225],[-36.363101,-5.8737659],[-36.3621823,-5.8732345],[-36.3589367,-5.8723238],[-36.3576382,-5.8721084],[-36.3554227,-5.8713073],[-36.3511198,-5.8706291],[-36.344292,-5.8713874],[-36.3426932,-5.8714049],[-36.3411255,-5.8711865],[-36.3384165,-5.8712267],[-36.3358706,-5.87153],[-36.3335918,-5.8722032],[-36.3319381,-5.8728548],[-36.3304691,-5.8742685],[-36.3300274,-5.8757936],[-36.3299691,-5.8770029],[-36.3301756,-5.8789017],[-36.330707,-5.8810082],[-36.3320713,-5.8847793],[-36.3334419,-5.8877474],[-36.3340463,-5.8898],[-36.3323412,-5.8940985],[-36.3206708,-5.8655735],[-36.284752,-5.8592915]]]},"properties":{"CD_MUN":"2411403","NM_MUN":"Santana do Matos","CD_RGI":"240011","NM_RGI":"Açu","CD_RGINT":"2403","NM_RGINT":"Mossoró","CD_UF":"24","NM_UF":"Rio Grande do Norte","SIGLA_UF":"RN","CD_REGIA":"2","NM_REGIA":"Nordeste","SIGLA_RG":"NE","CD_CONCU":"","NM_CONCU":"","AREA_KM2":1422.268}},
{"type":"Feature","geometry":{"type":"Polygon","coordinates":[[[-36.2261988,-6.1641242],[-36.1810801,-6.1653856],[-36.1585831,-6.1660145],[-36.1580532,-6.1660291],[-36.157538,-6.1660433],[-36.1573733,-6.1663519],[-36.1508241,-6.1786206],[-36.1461463,-6.1873793],[-36.1435863,-6.1921728],[-36.1435199,-6.1922972],[-36.1337594,-6.2105728],[-36.0778611,-6.1961458],[-36.0766678,-6.1684746],[-36.0770446,-6.1626915],[-36.0798348,-6.1198686],[-36.0803515,-6.1020129],[-36.0816703,-6.1015121],[-36.084857,-6.0990214],[-36.0851262,-6.09842],[-36.0853015,-6.0970503],[-36.0854708,-6.0967511],[-36.0860714,-6.0966864],[-36.0875386,-6.0969452],[-36.0881048,-6.0973833],[-36.0893655,-6.0988944],[-36.0902645,-6.0993017],[-36.0916331,-6.099377],[-36.0958086,-6.0991539],[-36.0971449,-6.099462],[-36.1070644,-6.0986124],[-36.1089971,-6.0993734],[-36.1104588,-6.1009557],[-36.11237,-6.1026066],[-36.1140802,-6.1040846],[-36.1155134,-6.1044924],[-36.1163806,-6.104431],[-36.1172865,-6.1040015],[-36.1176916,-6.1028891],[-36.116376,-6.0932561],[-36.1171524,-6.0917213],[-36.1196668,-6.0896125],[-36.1210712,-6.0888509],[-36.1221426,-6.0887898],[-36.1238419,-6.0889989],[-36.1286442,-6.0902449],[-36.1315067,-6.0917299],[-36.1330354,-6.0934447],[-36.1349275,-6.0950251],[-36.137059,-6.0958951],[-36.1407261,-6.0969509],[-36.1430287,-6.0973654],[-36.1445601,-6.0979403],[-36.1454898,-6.0986153],[-36.1499704,-6.1037739],[-36.151298,-6.1049181],[-36.1528648,-6.1057289],[-36.1543632,-6.1062389],[-36.155698,-6.1063787],[-36.1592728,-6.1054854],[-36.1602072,-6.1056229],[-36.1629062,-6.1064721],[-36.1640067,-6.10749],[-36.1652905,-6.1092819],[-36.1665063,-6.113063],[-36.1685656,-6.1149106],[-36.1704283,-6.1159225],[-36.1726871,-6.1178283],[-36.1737672,-6.1217407],[-36.1816885,-6.1254101],[-36.1834221,-6.1256523],[-36.1851039,-6.126246],[-36.1888696,-6.1268824],[-36.1905466,-6.1282771],[-36.1921771,-6.1291817],[-36.1938757,-6.1295756],[-36.1974623,-6.1292939],[-36.2001625,-6.1296074],[-36.2030421,-6.1305698],[-36.2082984,-6.1329007],[-36.2110896,-6.1348332],[-36.2127775,-6.1373905],[-36.2150879,-6.1386871],[-36.2216835,-6.1398417],[-36.2233805,-6.140467],[-36.2239503,-6.1409849],[-36.2245044,-6.1414887],[-36.2251738,-6.1433516],[-36.2254084,-6.1481397],[-36.225141,-6.1496914],[-36.2253476,-6.1514179],[-36.2257712,-6.1527998],[-36.2270549,-6.1542739],[-36.2281646,-6.1562639],[-36.2281534,-6.1585931],[-36.2279294,-6.1604035],[-36.2268777,-6.163677],[-36.2261988,-6.1641242]]]},"properties":{"CD_MUN":"2406809","NM_MUN":"Lajes Pintadas","CD_RGI":"240004","NM_RGI":"Santa Cruz","CD_RGINT":"2401","NM_RGINT":"Natal","CD_UF":"24","NM_UF":"Rio Grande do Norte","SIGLA_UF":"RN","CD_REGIA":"2","NM_REGIA":"Nordeste","SIGLA_RG":"NE","CD_CONCU":"","NM_CONCU":"","AREA_KM2":130.211}},
{"type":"Feature","geometry":{"type":"Polygon","coordinates":[[[-35.9342104,-5.7148749],[-35.9416652,-5.6687785],[-35.9414407,-5.6681892],[-35.9409605,-5.6669292],[-35.9396745,-5.6648756],[-35.9392932,-5.6644298],[-35.9374142,-5.6630663],[-35.9360437,-5.6609689],[-35.9341909,-5.6569289],[-35.9334486,-5.6543346],[-35.9327823,-5.6534262],[-35.9319117,-5.6528892],[-35.9310769,-5.6527593],[-35.9297567,-5.6528658],[-35.9287833,-5.6526352],[-35.927394,-5.651857],[-35.9251973,-5.6506274],[-35.92429,-5.6498549],[-35.9231338,-5.6476063],[-35.9228136,-5.6463272],[-35.9227864,-5.6450309],[-35.9233637,-5.6409598],[-35.9242263,-5.6383288],[-35.9243796,-5.6366138],[-35.9241877,-5.6356961],[-35.9236792,-5.6349347],[-35.9217861,-5.633753],[-35.9183868,-5.6328526],[-35.915115,-5.6326541],[-35.9138088,-5.6321251],[-35.9129577,-5.631488],[-35.9112795,-5.6296611],[-35.9568872,-5.5357495],[-35.9572435,-5.5350148],[-35.9577947,-5.5338779],[-35.9579893,-5.5335333],[-35.9842615,-5.4792927],[-35.9924082,-5.4637876],[-36.0564134,-5.6385474],[-36.0625348,-5.6552868],[-36.0601083,-5.6577814],[-36.0322862,-5.6883427],[-36.0239873,-5.6980122],[-36.0072638,-5.7031195],[-35.9706321,-5.7143069],[-35.9688463,-5.7145923],[-35.9342104,-5.7148749]]]},"properties":{"CD_MUN":"2405504","NM_MUN":"Jardim de Angicos","CD_RGI":"240005","NM_RGI":"João Câmara","CD_RGINT":"2401","NM_RGINT":"Natal","CD_UF":"24","NM_UF":"Rio Grande do Norte","SIGLA_UF":"RN","CD_REGIA":"2","NM_REGIA":"Nordeste","SIGLA_RG":"NE","CD_CONCU":"","NM_CONCU":"","AREA_KM2":254.012}},
{"type":"Feature","geometry":{"type":"Polygon","coordinates":[[[-38.2526778,-6.4183755],[-38.2573527,-6.4075308],[-38.2581112,-6.4057703],[-38.2582453,-6.4054593],[-38.271449,-6.4023684],[-38.2716343,-6.3984211],[-38.2770863,-6.3964646],[-38.2866993,-6.3917571],[-38.2881919,-6.396942],[-38.2892135,-6.3986578],[-38.2917181,-6.4018738],[-38.2976324,-6.4064384],[-38.2989116,-6.4168334],[-38.2995872,-6.4184485],[-38.3068367,-6.4260803],[-38.34758,-6.4480136],[-38.3438017,-6.4566518],[-38.3422542,-6.4576745],[-38.3393247,-6.460126],[-38.3379799,-6.4600957],[-38.3365697,-6.4587325],[-38.3327905,-6.4581902],[-38.3307029,-6.4589133],[-38.3284375,-6.460656],[-38.3260521,-6.4646224],[-38.324275,-6.4686825],[-38.3227924,-6.4703219],[-38.3189942,-6.4727627],[-38.3182558,-6.4737752],[-38.3179236,-6.474639],[-38.3168268,-6.477491],[-38.3165202,-6.4810317],[-38.3159842,-6.48242],[-38.3157801,-6.4829486],[-38.3140874,-6.4873324],[-38.3138644,-6.4874976],[-38.3128099,-6.4882788],[-38.312448,-6.4885468],[-38.3120079,-6.4888725],[-38.3104539,-6.4892765],[-38.3098476,-6.4894341],[-38.3098018,-6.489446],[-38.3097482,-6.4894509],[-38.3096758,-6.4894575],[-38.3091072,-6.4895094],[-38.3089146,-6.489527],[-38.3063165,-6.489765],[-38.3006938,-6.4884929],[-38.2975109,-6.4872065],[-38.2940286,-6.4894014],[-38.2937491,-6.4913074],[-38.290732,-6.4955969],[-38.29002,-6.4972771],[-38.2887198,-6.5056173],[-38.2815259,-6.499544],[-38.27763,-6.4973296],[-38.2725433,-6.4958993],[-38.2698463,-6.4944407],[-38.2635876,-6.4894103],[-38.2614135,-6.4851456],[-38.2565311,-6.4832094],[-38.2531174,-6.485283],[-38.2528879,-6.4854224],[-38.2509103,-6.485718],[-38.247274,-6.4849849],[-38.2417211,-6.4807983],[-38.2412488,-6.4807033],[-38.2404751,-6.4805477],[-38.2392289,-6.4802973],[-38.2356368,-6.4809203],[-38.2290219,-6.4833466],[-38.2348532,-6.4703244],[-38.2511535,-6.4339075],[-38.2526778,-6.4183755]]]},"properties":{"CD_MUN":"2408607","NM_MUN":"Paraná","CD_RGI":"240010","NM_RGI":"Pau dos Ferros","CD_RGINT":"2403","NM_RGINT":"Mossoró","CD_UF":"24","NM_UF":"Rio Grande do Norte","SIGLA_UF":"RN","CD_REGIA":"2","NM_REGIA":"Nordeste","SIGLA_RG":"NE","CD_CONCU":"","NM_CONCU":"","AREA_KM2":81.39}},
{"type":"Feature","geometry":{"type":"Polygon","coordinates":[[[-38.0573036,-6.1957332],[-38.0814119,-6.1913662],[-38.1291504,-6.1758313],[-38.1502235,-6.185316],[-38.1696401,-6.1940569],[-38.1719994,-6.1953022],[-38.1837285,-6.2039345],[-38.1935712,-6.220006],[-38.1939225,-6.2205792],[-38.1943473,-6.220773],[-38.2203073,-6.232614],[-38.231596,-6.2391328],[-38.249128,-6.2492579],[-38.2492295,-6.2587941],[-38.2496958,-6.2625105],[-38.2511743,-6.2653835],[-38.2538177,-6.2692694],[-38.2585066,-6.2756124],[-38.2483463,-6.2888079],[-38.2476409,-6.2897238],[-38.2474933,-6.3309009],[-38.2474825,-6.3337788],[-38.2370118,-6.3384551],[-38.2360616,-6.3399654],[-38.2253266,-6.3570302],[-38.2357388,-6.3672284],[-38.2380651,-6.370249],[-38.2384518,-6.3855888],[-38.2031085,-6.3807817],[-38.1955244,-6.3681837],[-38.1914659,-6.3665717],[-38.1883577,-6.3617346],[-38.1822921,-6.3681532],[-38.1647079,-6.3867563],[-38.1256088,-6.3672362],[-38.1036144,-6.3562599],[-38.100661,-6.3359352],[-38.0998415,-6.3302954],[-38.0975422,-6.3145093],[-38.0635432,-6.2536132],[-38.0573036,-6.1957332]]]},"properties":{"CD_MUN":"2407302","NM_MUN":"Marcelino Vieira","CD_RGI":"240010","NM_RGI":"Pau dos Ferros","CD_RGINT":"2403","NM_RGINT":"Mossoró","CD_UF":"24","NM_UF":"Rio Grande do Norte","SIGLA_UF":"RN","CD_REGIA":"2","NM_REGIA":"Nordeste","SIGLA_RG":"NE","CD_CONCU":"","NM_CONCU":"","AREA_KM2":345.711}},
{"type":"Feature","geometry":{"type":"Polygon","coordinates":[[[-35.7468119,-5.6196922],[-35.7465611,-5.6231603],[-35.7476789,-5.6263635],[-35.7477692,-5.6275391],[-35.7474963,-5.6293084],[-35.7462358,-5.6322125],[-35.7456236,-5.6330218],[-35.7425242,-5.6346714],[-35.7387494,-5.6359804],[-35.7377852,-5.6361402],[-35.7371981,-5.6358902],[-35.7344715,-5.6339394],[-35.7292801,-5.6316326],[-35.7281741,-5.631343],[-35.7273889,-5.6313472],[-35.7264372,-5.6313523],[-35.72331,-5.6328536],[-35.714987,-5.6340859],[-35.7123306,-5.6346308],[-35.7109043,-5.6351986],[-35.7094525,-5.6362727],[-35.7079422,-5.6376792],[-35.7069086,-5.6403689],[-35.6972182,-5.6655883],[-35.6321363,-5.7144324],[-35.6318163,-5.7143856],[-35.6414712,-5.6293907],[-35.6423897,-5.6254075],[-35.6455134,-5.6118565],[-35.6585446,-5.5864552],[-35.6681812,-5.4963494],[-35.6256414,-5.49226],[-35.6267362,-5.491731],[-35.6298627,-5.4911624],[-35.6312743,-5.4903215],[-35.6344729,-5.4873617],[-35.6353439,-5.4868084],[-35.6374066,-5.4854981],[-35.6384745,-5.4839036],[-35.6399238,-5.4831825],[-35.6422271,-5.481093],[-35.6432764,-5.4806571],[-35.644222,-5.4797311],[-35.6452576,-5.4790728],[-35.6460851,-5.4787122],[-35.6482176,-5.4781969],[-35.6499064,-5.4779811],[-35.6543489,-5.4784815],[-35.6556988,-5.4784753],[-35.6575121,-5.4783198],[-35.6586963,-5.4779274],[-35.6614721,-5.4755372],[-35.6624918,-5.4749213],[-35.6653368,-5.4743147],[-35.6662826,-5.4739256],[-35.668941,-5.4713863],[-35.6701238,-5.4706383],[-35.672632,-5.4695156],[-35.6736338,-5.4686082],[-35.674393,-5.4676611],[-35.6749101,-5.467402],[-35.6756387,-5.467037],[-35.6771447,-5.4665178],[-35.6779137,-5.465861],[-35.6789928,-5.465425],[-35.6812696,-5.4640182],[-35.6834898,-5.4633536],[-35.6850303,-5.463227],[-35.687493,-5.4636927],[-35.6913898,-5.4635114],[-35.6954815,-5.4630169],[-35.6975242,-5.46277],[-35.6993201,-5.4624183],[-35.7015672,-5.4617551],[-35.7025755,-5.46196],[-35.7032862,-5.4618962],[-35.7041154,-5.4615664],[-35.7085452,-5.4611438],[-35.7095843,-5.4612885],[-35.7105162,-5.4617416],[-35.711235,-5.4623694],[-35.7122283,-5.4628528],[-35.7131411,-5.4630239],[-35.7150446,-5.4627803],[-35.7187289,-5.4610549],[-35.7201785,-5.4607206],[-35.7225199,-5.4605319],[-35.724536,-5.4607297],[-35.7254413,-5.4606225],[-35.726771,-5.4598749],[-35.72763,-5.4596027],[-35.7297774,-5.4594978],[-35.7316576,-5.4590184],[-35.7337281,-5.4579985],[-35.7350761,-5.4575907],[-35.7357551,-5.4576163],[-35.7381059,-5.4589733],[-35.7389507,-5.4593],[-35.7402372,-5.4594707],[-35.7419296,-5.4591941],[-35.7450602,-5.4582789],[-35.7457401,-5.5193459],[-35.7457429,-5.5195986],[-35.7461681,-5.558753],[-35.7461728,-5.5591964],[-35.746425,-5.5828446],[-35.7468119,-5.6196922]]]},"properties":{"CD_MUN":"2410108","NM_MUN":"Poço Branco","CD_RGI":"240001","NM_RGI":"Natal","CD_RGINT":"2401","NM_RGINT":"Natal","CD_UF":"24","NM_UF":"Rio Grande do Norte","SIGLA_UF":"RN","CD_REGIA":"2","NM_REGIA":"Nordeste","SIGLA_RG":"NE","CD_CONCU":"","NM_CONCU":"","AREA_KM2":230.401}},
{"type":"Feature","geometry":{"type":"Polygon","coordinates":[[[-37.9633304,-6.2564547],[-37.9292191,-6.26342],[-37.9267072,-6.2639329],[-37.8817928,-6.2730975],[-37.8809271,-6.2705581],[-37.879915,-6.2691077],[-37.8783199,-6.2684007],[-37.876287,-6.2681839],[-37.8717844,-6.2690202],[-37.8696807,-6.2685567],[-37.8593111,-6.2639503],[-37.854748,-6.259394],[-37.8500784,-6.2558922],[-37.8469172,-6.254475],[-37.8418409,-6.253264],[-37.8349458,-6.2526501],[-37.828045,-6.2528489],[-37.8207238,-6.2539931],[-37.8153906,-6.2542771],[-37.8068478,-6.2562541],[-37.7944358,-6.2564733],[-37.7929115,-6.2561862],[-37.791317,-6.2555481],[-37.789432,-6.2538878],[-37.7860243,-6.2528923],[-37.7838514,-6.2516185],[-37.7766132,-6.2458749],[-37.780415,-6.2396888],[-37.7806063,-6.2366912],[-37.7826254,-6.235994],[-37.7903801,-6.2346574],[-37.7916863,-6.2340304],[-37.7917031,-6.2312581],[-37.7933109,-6.2303564],[-37.7930334,-6.2282026],[-37.7936853,-6.2276268],[-37.7958725,-6.2272702],[-37.7975951,-6.2257063],[-37.7982842,-6.2241753],[-37.7981756,-6.2233168],[-37.7978193,-6.2205055],[-37.796552,-6.2187445],[-37.797791,-6.2172636],[-37.8550694,-6.1838027],[-37.8598286,-6.1832821],[-37.8606134,-6.1833938],[-37.8872365,-6.168164],[-37.8894967,-6.1668701],[-37.8909707,-6.1679306],[-37.8940719,-6.1697721],[-37.896193,-6.1718011],[-37.8957165,-6.1725907],[-37.8940837,-6.1731829],[-37.8940837,-6.1737095],[-37.897084,-6.1752784],[-37.8986968,-6.1766424],[-37.8998502,-6.1767918],[-37.903994,-6.1756772],[-37.906915,-6.1755507],[-37.9073912,-6.1745626],[-37.9070516,-6.1737371],[-37.9052926,-6.1717525],[-37.9027886,-6.1685154],[-37.9023109,-6.1683823],[-37.901359,-6.1694357],[-37.9006105,-6.1699624],[-37.8996599,-6.1696301],[-37.89912,-6.1676828],[-37.8984451,-6.166824],[-37.8964103,-6.1653695],[-37.8939052,-6.1624599],[-37.8939735,-6.1617994],[-37.894449,-6.1610098],[-37.8951301,-6.1603515],[-37.8952685,-6.1590647],[-37.8946601,-6.1578101],[-37.8938449,-6.1570161],[-37.8937797,-6.1560253],[-37.8944627,-6.1540483],[-37.8952134,-6.1533903],[-37.8965018,-6.1532606],[-37.897318,-6.1535254],[-37.8984716,-6.1534292],[-37.9003084,-6.1521123],[-37.9012594,-6.1520485],[-37.9021415,-6.152579],[-37.9071354,-6.1607176],[-37.9097241,-6.1633817],[-37.911625,-6.1643771],[-37.9140668,-6.1650417],[-37.914814,-6.1648466],[-37.9146122,-6.1638875],[-37.9137297,-6.1629626],[-37.9127816,-6.1624311],[-37.9116279,-6.1615053],[-37.9098657,-6.1606454],[-37.9086447,-6.1595863],[-37.9081711,-6.1587934],[-37.9081728,-6.1580675],[-37.9087154,-6.1577063],[-37.9102103,-6.1579742],[-37.9108903,-6.1576449],[-37.9110944,-6.1569196],[-37.9110984,-6.1550054],[-37.910762,-6.1534879],[-37.9108325,-6.1519039],[-37.9116506,-6.1508177],[-37.9123975,-6.1507523],[-37.9129382,-6.1509517],[-37.9138911,-6.152205],[-37.9140912,-6.1533956],[-37.914153,-6.1556398],[-37.9145592,-6.156301],[-37.915102,-6.1564326],[-37.915579,-6.1562349],[-37.9157867,-6.1539592],[-37.9154534,-6.1509897],[-37.9147767,-6.1501318],[-37.9122659,-6.1488055],[-37.9108388,-6.1487702],[-37.910092,-6.1493632],[-37.9093598,-6.1494247],[-37.9086672,-6.1489624],[-37.9079874,-6.1489627],[-37.9064248,-6.149485],[-37.9045212,-6.1497466],[-37.9028932,-6.1495454],[-37.9022822,-6.149048],[-37.9026252,-6.1481266],[-37.9050728,-6.1462833],[-37.9073803,-6.1454953],[-37.907383,-6.1449687],[-37.9060288,-6.1437126],[-37.9052837,-6.1433149],[-37.9053509,-6.1426884],[-37.9060317,-6.1423581],[-37.9077962,-6.1422978],[-37.9086808,-6.1418377],[-37.9093615,-6.1409825],[-37.9099739,-6.1405859],[-37.9107204,-6.1405883],[-37.9111975,-6.1411819],[-37.911397,-6.1420399],[-37.9113948,-6.1432263],[-37.911937,-6.1445809],[-37.9128842,-6.1451115],[-37.9139037,-6.1448476],[-37.9144469,-6.1443236],[-37.9162859,-6.1417539],[-37.9178466,-6.1420864],[-37.9196785,-6.1431788],[-37.9213748,-6.1435108],[-37.9230715,-6.1434493],[-37.9245692,-6.1431871],[-37.9252473,-6.143386],[-37.9249741,-6.1439806],[-37.9214404,-6.1446706],[-37.9200811,-6.1457203],[-37.92008,-6.1463131],[-37.9208257,-6.1468431],[-37.922591,-6.1470465],[-37.9238129,-6.1473753],[-37.9242864,-6.1479061],[-37.9238781,-6.1486308],[-37.9231991,-6.1492249],[-37.9231272,-6.1501804],[-37.923535,-6.150907],[-37.9212177,-6.1547086],[-37.9200602,-6.1558956],[-37.9196503,-6.1573445],[-37.9196458,-6.1588965],[-37.9210697,-6.1606145],[-37.9216095,-6.1616052],[-37.9219453,-6.1638445],[-37.9222828,-6.1649729],[-37.9230974,-6.1651724],[-37.9237092,-6.1647105],[-37.9237085,-6.1634734],[-37.9233123,-6.161114],[-37.9235145,-6.1601248],[-37.9233133,-6.1592667],[-37.9224357,-6.1579458],[-37.9223708,-6.1574408],[-37.9227731,-6.1570877],[-37.9245378,-6.1572233],[-37.9255589,-6.1570605],[-37.9260346,-6.1564657],[-37.9261731,-6.1556087],[-37.9268537,-6.1550835],[-37.9275304,-6.1554148],[-37.9279363,-6.1562057],[-37.928479,-6.1566045],[-37.9302456,-6.1564763],[-37.9318757,-6.1568744],[-37.9326876,-6.15757],[-37.9330925,-6.1588894],[-37.932136,-6.1618557],[-37.9321299,-6.1646275],[-37.9331496,-6.1656209],[-37.934099,-6.1655544],[-37.9345774,-6.1646672],[-37.9345102,-6.1634777],[-37.9341066,-6.1620269],[-37.9345227,-6.161433],[-37.9383773,-6.161072],[-37.9401486,-6.1621385],[-37.9412337,-6.1633262],[-37.9421836,-6.163594],[-37.9424491,-6.1630454],[-37.9423234,-6.1614345],[-37.9424257,-6.1608716],[-37.9426996,-6.1606079],[-37.9447903,-6.1611682],[-37.9454481,-6.1611733],[-37.9470786,-6.1604761],[-37.9496473,-6.1637964],[-37.9519471,-6.1647834],[-37.9526234,-6.1652479],[-37.9532797,-6.1667715],[-37.9545655,-6.1682811],[-37.95475,-6.1688045],[-37.9559454,-6.169729],[-37.9574775,-6.1715462],[-37.9580906,-6.1719471],[-37.9608673,-6.1729515],[-37.9637814,-6.1747409],[-37.9660541,-6.1772823],[-37.9678059,-6.1814988],[-37.9686646,-6.1826723],[-37.9712374,-6.1848899],[-37.9715633,-6.1855159],[-37.9717829,-6.1874493],[-37.9731155,-6.1906898],[-37.9752623,-6.1918616],[-37.9760057,-6.1927862],[-37.9771438,-6.1953272],[-37.980265,-6.2007081],[-37.9818481,-6.2014452],[-37.9823217,-6.2016657],[-37.9827505,-6.2020352],[-37.9840831,-6.2039898],[-37.984382,-6.2042287],[-37.9849087,-6.2046496],[-37.9872419,-6.2059628],[-37.9907206,-6.2088777],[-37.9921548,-6.2097982],[-37.9932368,-6.2102669],[-37.9970011,-6.210678],[-37.9988521,-6.2107123],[-38.0003604,-6.2108837],[-38.0019029,-6.2111922],[-38.0040044,-6.2112283],[-38.005605,-6.2102324],[-38.0064277,-6.2096154],[-38.007319,-6.2092383],[-38.0080045,-6.2091698],[-38.0105754,-6.2096497],[-38.0120151,-6.2099582],[-38.0153059,-6.2098896],[-38.0178768,-6.2099239],[-38.0195907,-6.2099239],[-38.0219421,-6.2097478],[-38.0223749,-6.2094921],[-38.0228662,-6.207754],[-38.0241584,-6.2057229],[-38.0276374,-6.2027224],[-38.0282603,-6.2015785],[-38.0292278,-6.1991103],[-38.0290735,-6.1964774],[-38.0302364,-6.1940159],[-38.0316514,-6.1924071],[-38.0378384,-6.1893658],[-38.0422275,-6.185682],[-38.044234,-6.1836625],[-38.0461928,-6.1810781],[-38.0465149,-6.1803017],[-38.0466878,-6.1771752],[-38.0468855,-6.1756548],[-38.0474269,-6.1735642],[-38.0474164,-6.1724942],[-38.0471525,-6.172139],[-38.0466336,-6.1718732],[-38.0438684,-6.171053],[-38.0416603,-6.1691026],[-38.0549143,-6.1610256],[-38.0573036,-6.1957332],[-38.0635432,-6.2536132],[-38.0362146,-6.2541303],[-38.0361327,-6.2541318],[-37.9741503,-6.2553044],[-37.9713894,-6.2553566],[-37.9633304,-6.2564547]]]},"properties":{"CD_MUN":"2400901","NM_MUN":"Antônio Martins","CD_RGI":"240010","NM_RGI":"Pau dos Ferros","CD_RGINT":"2403","NM_RGINT":"Mossoró","CD_UF":"24","NM_UF":"Rio Grande do Norte","SIGLA_UF":"RN","CD_REGIA":"2","NM_REGIA":"Nordeste","SIGLA_RG":"NE","CD_CONCU":"","NM_CONCU":"","AREA_KM2":244.897}},
{"type":"Feature","geometry":{"type":"Polygon","coordinates":[[[-36.7222678,-6.646713],[-36.7444271,-6.6520796],[-36.7448057,-6.6523727],[-36.7472003,-6.6542285],[-36.7490128,-6.6562933],[-36.7494591,-6.6572442],[-36.7489748,-6.6577778],[-36.7491088,-6.6590602],[-36.7495805,-6.6593297],[-36.752294,-6.6600689],[-36.7539518,-6.6624109],[-36.7624294,-6.6663543],[-36.7636061,-6.6673037],[-36.7648129,-6.6691996],[-36.7862231,-6.6680152],[-36.7861777,-6.6704609],[-36.7879511,-6.6722062],[-36.7921696,-6.6740818],[-36.7940636,-6.6742585],[-36.8133952,-6.6814882],[-36.8140677,-6.6823152],[-36.8160944,-6.6821266],[-36.8164539,-6.6811131],[-36.8166882,-6.679581],[-36.8169325,-6.6818731],[-36.8426458,-6.6746238],[-36.850764,-6.6896111],[-36.8494856,-6.6905828],[-36.8491773,-6.6917853],[-36.8449623,-6.6946165],[-36.8442642,-6.6959081],[-36.841354,-6.6986919],[-36.8410008,-6.7001595],[-36.8413383,-6.7024984],[-36.8382938,-6.7062927],[-36.8398913,-6.7066901],[-36.8406659,-6.7074705],[-36.8413336,-6.713099],[-36.8404148,-6.7155621],[-36.8412684,-6.717816],[-36.8389221,-6.7206599],[-36.8384235,-6.7258933],[-36.8350296,-6.7310709],[-36.8308281,-6.7353256],[-36.7891265,-6.7724624],[-36.7727287,-6.7870652],[-36.7694651,-6.8387481],[-36.7607425,-6.8379673],[-36.7512646,-6.8371188],[-36.7339799,-6.8347926],[-36.7312269,-6.8348899],[-36.7305176,-6.83544],[-36.730198,-6.8363961],[-36.7260208,-6.8166025],[-36.7257735,-6.8154295],[-36.7272583,-6.8135341],[-36.7297569,-6.8086423],[-36.7314975,-6.8024768],[-36.7312611,-6.79214],[-36.7278207,-6.7851355],[-36.7235078,-6.7816503],[-36.7145643,-6.762211],[-36.7120882,-6.7531722],[-36.708549,-6.747832],[-36.7050497,-6.744345],[-36.7050538,-6.7434891],[-36.7061101,-6.7412586],[-36.709069,-6.7387506],[-36.7112711,-6.7352526],[-36.7112125,-6.7349727],[-36.710406,-6.7311395],[-36.7076692,-6.7181317],[-36.7049997,-6.7149849],[-36.7021813,-6.7083456],[-36.7016202,-6.7059531],[-36.7029934,-6.7063457],[-36.7043105,-6.7059893],[-36.706123,-6.7062695],[-36.7069826,-6.7070464],[-36.7070208,-6.7081366],[-36.7077428,-6.7091392],[-36.7106012,-6.7091309],[-36.7152352,-6.707606],[-36.7163316,-6.7062968],[-36.7175682,-6.7036462],[-36.7137628,-6.7022679],[-36.7122502,-6.7010068],[-36.71217,-6.6995497],[-36.711465,-6.6987512],[-36.7076365,-6.6954168],[-36.708083,-6.6943584],[-36.7091471,-6.6935667],[-36.711538,-6.692694],[-36.7096649,-6.6867177],[-36.7066488,-6.6799396],[-36.7086031,-6.6774732],[-36.7100319,-6.6744741],[-36.7134585,-6.6692298],[-36.7163872,-6.6664141],[-36.7187774,-6.6656293],[-36.7238561,-6.6657778],[-36.7256106,-6.6646791],[-36.7280138,-6.6644609],[-36.7305388,-6.6633265],[-36.7342103,-6.6611101],[-36.7278297,-6.6586466],[-36.7226965,-6.650919],[-36.722312,-6.6471438],[-36.7222678,-6.646713]]]},"properties":{"CD_MUN":"2411429","NM_MUN":"Santana do Seridó","CD_RGI":"240007","NM_RGI":"Caicó","CD_RGINT":"2402","NM_RGINT":"Caicó","CD_UF":"24","NM_UF":"Rio Grande do Norte","SIGLA_UF":"RN","CD_REGIA":"2","NM_REGIA":"Nordeste","SIGLA_RG":"NE","CD_CONCU":"","NM_CONCU":"","AREA_KM2":188.403}},
{"type":"Feature","geometry":{"type":"Polygon","coordinates":[[[-36.4116998,-6.1042003],[-36.353179,-6.0988476],[-36.3471234,-6.0982933],[-36.3433715,-6.0979498],[-36.3358764,-6.1020761],[-36.3289297,-6.1064696],[-36.320984,-6.1124606],[-36.3045467,-6.1207389],[-36.2957003,-6.1221662],[-36.3022169,-6.1153717],[-36.2813571,-6.044042],[-36.2549595,-5.9865092],[-36.2548019,-5.9861658],[-36.2528935,-5.982007],[-36.2327214,-5.924363],[-36.2270217,-5.9080756],[-36.2241794,-5.8999534],[-36.2579562,-5.8648401],[-36.2590991,-5.8630683],[-36.2599417,-5.8596113],[-36.2598972,-5.8554039],[-36.2591708,-5.8515188],[-36.2580995,-5.8472614],[-36.2559933,-5.84124],[-36.252963,-5.8341219],[-36.2531916,-5.8324226],[-36.2539636,-5.8310436],[-36.2562108,-5.8303626],[-36.2591616,-5.8309107],[-36.26362,-5.833219],[-36.2659353,-5.8376537],[-36.2694641,-5.8432208],[-36.2723837,-5.8447034],[-36.2760911,-5.8455465],[-36.284752,-5.8592915],[-36.3206708,-5.8655735],[-36.3323412,-5.8940985],[-36.3340463,-5.8898],[-36.3342562,-5.891426],[-36.3334164,-5.8948722],[-36.333458,-5.8960889],[-36.3331085,-5.8983268],[-36.3332969,-5.8993363],[-36.3336803,-5.9002126],[-36.3346477,-5.9013822],[-36.3359502,-5.9025559],[-36.3380751,-5.9049959],[-36.3385384,-5.9058876],[-36.3386474,-5.9066986],[-36.3385173,-5.9073624],[-36.3720052,-5.8956044],[-36.3736904,-5.9115356],[-36.3630856,-5.968924],[-36.3704492,-5.9696721],[-36.3725191,-5.9775444],[-36.3762715,-5.9823199],[-36.3796276,-5.986591],[-36.3924282,-5.9897633],[-36.3924477,-5.9899661],[-36.3928653,-5.9942737],[-36.3929427,-5.9950723],[-36.3931778,-5.9974975],[-36.3946768,-6.0129612],[-36.4106438,-6.0212172],[-36.4283451,-6.0166977],[-36.44873,-6.0114907],[-36.4448464,-6.0369663],[-36.4443106,-6.0404814],[-36.4442588,-6.0408211],[-36.4441675,-6.04142],[-36.4440517,-6.0417603],[-36.4440348,-6.0418097],[-36.4439586,-6.0420336],[-36.4299506,-6.0831857],[-36.4282706,-6.0881211],[-36.4282686,-6.0881269],[-36.4282678,-6.0881291],[-36.426756,-6.0925668],[-36.4267485,-6.0925642],[-36.4199616,-6.0901454],[-36.4195342,-6.0907336],[-36.4181431,-6.0919745],[-36.4156879,-6.0936239],[-36.4147681,-6.0949875],[-36.4144616,-6.0970607],[-36.4139229,-6.0990783],[-36.4119697,-6.1015772],[-36.4117744,-6.1023325],[-36.4116998,-6.1042003]]]},"properties":{"CD_MUN":"2402709","NM_MUN":"Cerro Corá","CD_RGI":"240008","NM_RGI":"Currais Novos","CD_RGINT":"2402","NM_RGINT":"Caicó","CD_UF":"24","NM_UF":"Rio Grande do Norte","SIGLA_UF":"RN","CD_REGIA":"2","NM_REGIA":"Nordeste","SIGLA_RG":"NE","CD_CONCU":"","NM_CONCU":"","AREA_KM2":393.573}},
{"type":"Feature","geometry":{"type":"Polygon","coordinates":[[[-37.9339269,-6.00427],[-37.9331532,-6.0049655],[-37.9308685,-6.0059682],[-37.9266904,-6.0074588],[-37.9158641,-6.0072439],[-37.9094834,-6.0074889],[-37.9087477,-6.0079137],[-37.9023699,-6.0079411],[-37.9018308,-6.007629],[-37.9013857,-6.0076564],[-37.8971521,-6.0079168],[-37.8967428,-6.0082151],[-37.8706782,-6.0272374],[-37.8694001,-6.0278137],[-37.8650696,-6.0292752],[-37.8615486,-6.0308928],[-37.8605054,-6.032125],[-37.8482674,-6.0523023],[-37.8458225,-6.0569063],[-37.8452088,-6.0573525],[-37.8133592,-6.0805053],[-37.8131036,-6.0806911],[-37.8098562,-6.0822576],[-37.7890412,-6.090894],[-37.7888526,-6.0895957],[-37.7866121,-6.0891839],[-37.7853189,-6.087918],[-37.7829557,-6.0839757],[-37.7840069,-6.0805357],[-37.7835831,-6.0797988],[-37.781266,-6.0799102],[-37.7803019,-6.0794048],[-37.7811572,-6.0766882],[-37.7799266,-6.0745604],[-37.7796613,-6.0725483],[-37.7766244,-6.069054],[-37.7773568,-6.0677772],[-37.7775565,-6.0644527],[-37.7772114,-6.0634467],[-37.7774503,-6.0606654],[-37.7777979,-6.0597619],[-37.7784953,-6.0589164],[-37.7802779,-6.0554808],[-37.7793582,-6.0529646],[-37.7793218,-6.0521162],[-37.7799057,-6.0495144],[-37.7804482,-6.0480884],[-37.7826903,-6.0463154],[-37.7836211,-6.0440402],[-37.7840898,-6.0414507],[-37.782974,-6.0407],[-37.7822774,-6.038506],[-37.7827486,-6.0371041],[-37.7819322,-6.0359915],[-37.7820546,-6.0345865],[-37.7814704,-6.0335345],[-37.7802201,-6.028753],[-37.7796212,-6.025899],[-37.7795651,-6.0246577],[-37.7790142,-6.0231934],[-37.7781778,-6.0217245],[-37.7780043,-6.0215502],[-37.7778525,-6.0213977],[-37.7768906,-6.0204315],[-37.7767176,-6.0195549],[-37.7786165,-6.0184782],[-37.7792595,-6.0178372],[-37.7796404,-6.0169016],[-37.7797306,-6.0153922],[-37.7794712,-6.0144748],[-37.7785003,-6.0131212],[-37.77767,-6.0116291],[-37.7766821,-6.0092303],[-37.7756282,-6.0076908],[-37.7744829,-6.0071701],[-37.7734804,-6.006944],[-37.7724304,-6.0063773],[-37.7720943,-6.0059598],[-37.7715883,-6.0047109],[-37.7717406,-6.0028493],[-37.7722402,-6.0018422],[-37.7725301,-6.001252],[-37.7730549,-6.0007259],[-37.7734655,-5.9998511],[-37.7730592,-5.9987982],[-37.7712994,-5.9972353],[-37.769042,-5.9958983],[-37.7672368,-5.9945498],[-37.7663058,-5.9937273],[-37.7659581,-5.9926762],[-37.7663116,-5.9914788],[-37.7674807,-5.9898463],[-37.768068,-5.988211],[-37.7678963,-5.9867499],[-37.7683656,-5.9858151],[-37.7685997,-5.9845891],[-37.768544,-5.9837724],[-37.7690017,-5.9829503],[-37.7699498,-5.9812444],[-37.7714218,-5.9748802],[-37.7706113,-5.9721614],[-37.7708456,-5.9714625],[-37.7717237,-5.9700034],[-37.772019,-5.9684842],[-37.7716134,-5.9674331],[-37.770854,-5.9667879],[-37.7696347,-5.9661426],[-37.7692854,-5.9653829],[-37.7696942,-5.9647699],[-37.7708047,-5.9637218],[-37.7727889,-5.9624984],[-37.7736078,-5.9617395],[-37.7740758,-5.9607506],[-37.7739028,-5.9601063],[-37.7703512,-5.9577901],[-37.7700027,-5.9569721],[-37.7702956,-5.9560383],[-37.7704765,-5.9539347],[-37.7702472,-5.9531166],[-37.7693143,-5.9525309],[-37.7666325,-5.9520853],[-37.7661097,-5.9514425],[-37.7661135,-5.9493984],[-37.7657085,-5.9481734],[-37.7636122,-5.9466475],[-37.7603533,-5.9455603],[-37.7586215,-5.9421606],[-37.7566907,-5.9401185],[-37.7543604,-5.9391002],[-37.7543569,-5.9390955],[-37.7543513,-5.9390989],[-37.7524463,-5.9384538],[-37.7512108,-5.9380289],[-37.7498208,-5.9378483],[-37.7490111,-5.9378783],[-37.7482711,-5.9379524],[-37.747226,-5.9381373],[-37.7465161,-5.9381498],[-37.7461434,-5.9380869],[-37.7451894,-5.9377207],[-37.7435658,-5.936723],[-37.7429136,-5.9359805],[-37.7428287,-5.9351129],[-37.7422563,-5.9340701],[-37.7414101,-5.9339024],[-37.7399193,-5.9337927],[-37.7386586,-5.9329221],[-37.7383464,-5.9324591],[-37.7376707,-5.9304152],[-37.7366853,-5.9290976],[-37.7359209,-5.9285343],[-37.7345836,-5.9284227],[-37.7335763,-5.929098],[-37.731903,-5.9288903],[-37.729704,-5.9279336],[-37.728,-5.927593],[-37.7268036,-5.9277655],[-37.7262324,-5.9281674],[-37.7257834,-5.9280278],[-37.7250954,-5.927314],[-37.7245503,-5.9270581],[-37.7241219,-5.9267147],[-37.7238649,-5.9264163],[-37.7236832,-5.9254454],[-37.7232668,-5.9246753],[-37.7227772,-5.9243663],[-37.72238,-5.924446],[-37.7217375,-5.9240973],[-37.7201767,-5.9229156],[-37.7186878,-5.921736],[-37.7175865,-5.9206071],[-37.7169867,-5.9200411],[-37.7160888,-5.9196438],[-37.7141404,-5.9193086],[-37.7129948,-5.9190553],[-37.7337899,-5.9118705],[-37.7338487,-5.9119477],[-37.7373384,-5.910064],[-37.7641987,-5.8955659],[-37.7652197,-5.8958503],[-37.825563,-5.9126594],[-37.8611243,-5.925602],[-37.8831752,-5.9343686],[-37.8968448,-5.9398032],[-37.8960799,-5.9410209],[-37.9009807,-5.9446853],[-37.9211942,-5.9598024],[-37.934009,-6.0021394],[-37.9339269,-6.00427]]]},"properties":{"CD_MUN":"2414506","NM_MUN":"Umarizal","CD_RGI":"240010","NM_RGI":"Pau dos Ferros","CD_RGINT":"2403","NM_RGINT":"Mossoró","CD_UF":"24","NM_UF":"Rio Grande do Norte","SIGLA_UF":"RN","CD_REGIA":"2","NM_REGIA":"Nordeste","SIGLA_RG":"NE","CD_CONCU":"","NM_CONCU":"","AREA_KM2":249.61}},
{"type":"Feature","geometry":{"type":"Polygon","coordinates":[[[-35.1570258,-6.1481618],[-35.146434,-6.1527938],[-35.1463937,-6.1550856],[-35.1462411,-6.1638361],[-35.1374111,-6.1689013],[-35.1354924,-6.1671167],[-35.1307591,-6.1705493],[-35.1299383,-6.1711361],[-35.129509,-6.171443],[-35.1294668,-6.1714732],[-35.1293685,-6.1715435],[-35.1293637,-6.1715469],[-35.1293595,-6.1715499],[-35.1293543,-6.1715535],[-35.129347,-6.1715585],[-35.1293452,-6.17156],[-35.1293442,-6.1715608],[-35.1293067,-6.1715918],[-35.1292148,-6.1716681],[-35.1277503,-6.1728831],[-35.1275586,-6.1730422],[-35.123882,-6.1760902],[-35.1107888,-6.1869451],[-35.1071121,-6.1881568],[-35.1048704,-6.1886151],[-35.1023615,-6.1888049],[-35.0997121,-6.1885018],[-35.097914,-6.1876093],[-35.0977678,-6.1874606],[-35.0940395,-6.1836685],[-35.0938867,-6.1834492],[-35.0949638,-6.1824475],[-35.0947732,-6.1812152],[-35.0947679,-6.1811806],[-35.0947938,-6.1810926],[-35.0954872,-6.1787445],[-35.0960309,-6.1739776],[-35.09603,-6.1737402],[-35.0960295,-6.1736034],[-35.0960716,-6.1726686],[-35.0961476,-6.1717888],[-35.0961766,-6.1712301],[-35.0961694,-6.1708652],[-35.0962548,-6.1704356],[-35.0963048,-6.1701366],[-35.09623,-6.1698276],[-35.0960414,-6.1694132],[-35.0958859,-6.1689512],[-35.0958149,-6.1686035],[-35.0959204,-6.1683178],[-35.0962654,-6.1676774],[-35.096561,-6.1667288],[-35.0967311,-6.1658906],[-35.0969435,-6.1650714],[-35.0970651,-6.1643827],[-35.0970839,-6.1639014],[-35.0971,-6.163649],[-35.097322,-6.1621945],[-35.0975298,-6.1606427],[-35.0976883,-6.1594639],[-35.0977275,-6.158552],[-35.0977697,-6.1576021],[-35.0977156,-6.1569114],[-35.0975543,-6.153917],[-35.0973421,-6.151456],[-35.0972584,-6.1502568],[-35.0974613,-6.1494585],[-35.097605,-6.1480577],[-35.0976569,-6.1473554],[-35.0977101,-6.1468105],[-35.0978347,-6.144236],[-35.097817,-6.1423058],[-35.0978101,-6.1402732],[-35.0978139,-6.1397538],[-35.0984318,-6.1393418],[-35.0984783,-6.1393108],[-35.0989369,-6.1390051],[-35.1004359,-6.1384614],[-35.1004451,-6.1384581],[-35.1075655,-6.1358694],[-35.1110009,-6.1346384],[-35.111156,-6.1345829],[-35.1275672,-6.1459932],[-35.1268909,-6.1442631],[-35.1270502,-6.1435894],[-35.1277706,-6.1422777],[-35.1280693,-6.1409056],[-35.128619,-6.1398646],[-35.1291103,-6.1395789],[-35.1301696,-6.1392889],[-35.1308393,-6.1385997],[-35.1312616,-6.1372806],[-35.1316849,-6.1367066],[-35.1322952,-6.1367022],[-35.1328482,-6.1375027],[-35.1338249,-6.1380144],[-35.1347106,-6.1378973],[-35.1354426,-6.138351],[-35.1361773,-6.1385808],[-35.1360612,-6.140354],[-35.136553,-6.1410967],[-35.137717,-6.1421247],[-35.1384181,-6.1422357],[-35.1392241,-6.141575],[-35.1392593,-6.1415329],[-35.1392465,-6.1415248],[-35.1414235,-6.1389162],[-35.1427624,-6.1376517],[-35.1453999,-6.1360459],[-35.1467453,-6.1357288],[-35.1476976,-6.1354965],[-35.1527296,-6.1350172],[-35.1584043,-6.1351106],[-35.1604802,-6.1355027],[-35.1623146,-6.136068],[-35.1631409,-6.1370375],[-35.162842,-6.1386426],[-35.161811,-6.1401941],[-35.1607168,-6.1411724],[-35.159619,-6.1415779],[-35.1585222,-6.1423409],[-35.1578536,-6.1432029],[-35.1570258,-6.1481618]]]},"properties":{"CD_MUN":"2413201","NM_MUN":"Senador Georgino Avelino","CD_RGI":"240001","NM_RGI":"Natal","CD_RGINT":"2401","NM_RGINT":"Natal","CD_UF":"24","NM_UF":"Rio Grande do Norte","SIGLA_UF":"RN","CD_REGIA":"2","NM_REGIA":"Nordeste","SIGLA_RG":"NE","CD_CONCU":"","NM_CONCU":"","AREA_KM2":26.1}},
{"type":"Feature","geometry":{"type":"Polygon","coordinates":[[[-36.7291158,-5.1750295],[-36.7283391,-5.1776053],[-36.7281327,-5.1808243],[-36.727575,-5.1832129],[-36.726303,-5.1864896],[-36.7240099,-5.1886259],[-36.7227045,-5.1903839],[-36.7220697,-5.1919145],[-36.7225385,-5.1929895],[-36.7240314,-5.1940678],[-36.7248923,-5.1954498],[-36.7246004,-5.1997395],[-36.7231724,-5.2026469],[-36.72029,-5.2049354],[-36.7167327,-5.2082168],[-36.7156177,-5.2118902],[-36.7153322,-5.2144968],[-36.7169022,-5.2166469],[-36.7203575,-5.2188821],[-36.7246623,-5.2260619],[-36.7256759,-5.2294757],[-36.7260579,-5.2360115],[-36.7262136,-5.2386723],[-36.7259874,-5.2410859],[-36.7247557,-5.2441081],[-36.7218701,-5.2471246],[-36.7214522,-5.2484643],[-36.7214043,-5.2509778],[-36.7219258,-5.2532612],[-36.7221396,-5.2541973],[-36.7236055,-5.2579565],[-36.724579,-5.2604528],[-36.7253909,-5.2616177],[-36.7256719,-5.2620209],[-36.7256758,-5.2620266],[-36.7283683,-5.2624233],[-36.7294134,-5.2625774],[-36.730456,-5.2634254],[-36.7333257,-5.2646993],[-36.739623,-5.2662544],[-36.7407097,-5.2658367],[-36.7415724,-5.2661849],[-36.7427095,-5.2676448],[-36.7434179,-5.2678384],[-36.7450738,-5.26746],[-36.7471812,-5.2673246],[-36.7505655,-5.2681803],[-36.7529844,-5.270486],[-36.754561,-5.272676],[-36.7104903,-5.3212936],[-36.7103057,-5.3214972],[-36.6643624,-5.3721804],[-36.5554144,-5.3949067],[-36.5373818,-5.4127957],[-36.5303426,-5.4093798],[-36.5267811,-5.4076514],[-36.5156261,-5.4022381],[-36.5147749,-5.3018874],[-36.5421022,-5.3015108],[-36.5430526,-5.2983884],[-36.5435515,-5.2982402],[-36.54346,-5.2975668],[-36.5431206,-5.2965997],[-36.5423309,-5.2953239],[-36.541437,-5.2924986],[-36.5399081,-5.2890034],[-36.5397921,-5.2866149],[-36.5393296,-5.2839707],[-36.5385195,-5.280929],[-36.5385262,-5.2794741],[-36.5389982,-5.2785047],[-36.5399077,-5.2774164],[-36.5405347,-5.2762341],[-36.5402423,-5.2752337],[-36.5393711,-5.2747737],[-36.5383747,-5.2745887],[-36.538188,-5.2736119],[-36.5371679,-5.2723085],[-36.5367643,-5.2714391],[-36.5366665,-5.2688186],[-36.5355241,-5.2659929],[-36.5351546,-5.2646265],[-36.5354407,-5.2637783],[-36.5381406,-5.2629696],[-36.5396694,-5.2623086],[-36.5417997,-5.2603753],[-36.5425032,-5.2591647],[-36.5432652,-5.2560726],[-36.5436734,-5.2555579],[-36.545047,-5.2548658],[-36.5455481,-5.2543829],[-36.5439865,-5.251316],[-36.54346,-5.2499756],[-36.5436234,-5.2484618],[-36.5432102,-5.2459711],[-36.5427763,-5.2453025],[-36.5425049,-5.2431848],[-36.544631,-5.2417977],[-36.54543,-5.2407443],[-36.5473431,-5.2378124],[-36.5482872,-5.2357556],[-36.5495439,-5.2336207],[-36.5515681,-5.2337749],[-36.5534723,-5.2331676],[-36.5550288,-5.2322908],[-36.5558139,-5.2312136],[-36.556426,-5.2300341],[-36.5573956,-5.2290396],[-36.5586374,-5.2283411],[-36.5591845,-5.2276371],[-36.5595947,-5.2266701],[-36.5595379,-5.225906],[-36.5576483,-5.2229324],[-36.5571397,-5.2214638],[-36.5575497,-5.2208167],[-36.5600911,-5.2194462],[-36.5614857,-5.2190414],[-36.5636208,-5.2184218],[-36.5642921,-5.218227],[-36.5650727,-5.2181221],[-36.5655159,-5.2180625],[-36.5681129,-5.2177135],[-36.5698933,-5.2178403],[-36.5706162,-5.2183134],[-36.5712467,-5.2190201],[-36.5722114,-5.2194642],[-36.5733309,-5.218714],[-36.5745119,-5.2182783],[-36.575086,-5.2176052],[-36.5752252,-5.2165479],[-36.5751134,-5.2147049],[-36.5754489,-5.2141698],[-36.5759876,-5.2141417],[-36.5765622,-5.2144968],[-36.5772237,-5.2153522],[-36.5780685,-5.2158839],[-36.5793803,-5.2158296],[-36.7291158,-5.1750295]]]},"properties":{"CD_MUN":"2409902","NM_MUN":"Pendências","CD_RGI":"240011","NM_RGI":"Açu","CD_RGINT":"2403","NM_RGINT":"Mossoró","CD_UF":"24","NM_UF":"Rio Grande do Norte","SIGLA_UF":"RN","CD_REGIA":"2","NM_REGIA":"Nordeste","SIGLA_RG":"NE","CD_CONCU":"","NM_CONCU":"","AREA_KM2":419.137}},
{"type":"Feature","geometry":{"type":"Polygon","coordinates":[[[-35.1125496,-6.5051175],[-35.1072864,-6.5064813],[-35.1036818,-6.5058461],[-35.1022282,-6.503954],[-35.1016588,-6.5001514],[-35.1007269,-6.4992659],[-35.0980837,-6.4977575],[-35.0955418,-6.4976777],[-35.095116,-6.4979734],[-35.0945474,-6.4981034],[-35.0920544,-6.5000998],[-35.0889412,-6.504984],[-35.0754164,-6.5144014],[-35.0715175,-6.5203466],[-35.0671461,-6.5246602],[-35.0630677,-6.5265353],[-35.0577321,-6.5277912],[-35.0545955,-6.5265447],[-35.0517882,-6.5240398],[-35.0457776,-6.5221407],[-35.0430011,-6.5194843],[-35.0369632,-6.5171253],[-35.033345,-6.5126661],[-35.0313193,-6.5087125],[-35.0300721,-6.5070497],[-35.0285409,-6.5055226],[-35.0219868,-6.5052472],[-35.0201666,-6.5035692],[-35.0188012,-6.5030615],[-35.0170824,-6.5040343],[-35.0166555,-6.5052865],[-35.0111167,-6.5061231],[-35.007164,-6.5048428],[-35.0034098,-6.5042252],[-35.0021365,-6.5034685],[-35.0011005,-6.5019824],[-35.0002452,-6.5016894],[-34.9989887,-6.5017304],[-34.9975321,-6.5024823],[-34.9947817,-6.500999],[-34.9932081,-6.5017827],[-34.9920675,-6.5014946],[-34.985256,-6.4945449],[-34.9838846,-6.493796],[-34.9833757,-6.4925296],[-34.9820302,-6.4922544],[-34.9800718,-6.490233],[-34.9796926,-6.4901328],[-34.9793693,-6.4900475],[-34.9791751,-6.488366],[-34.9783612,-6.4872638],[-34.9765279,-6.4872046],[-34.9755733,-6.48616],[-34.9715741,-6.4852396],[-34.971027,-6.4853969],[-34.9700593,-6.4872527],[-34.9704351,-6.4877801],[-34.9709492,-6.4885013],[-34.9709244,-6.4895001],[-34.968538,-6.4872608],[-34.9684579,-6.4871999],[-34.9684616,-6.487151],[-34.968454,-6.4870891],[-34.9684573,-6.4870404],[-34.9684605,-6.4869918],[-34.9684653,-6.4869189],[-34.9684693,-6.4868581],[-34.96851,-6.4867997],[-34.9685255,-6.4867519],[-34.9685548,-6.4866806],[-34.9685823,-6.4866057],[-34.9687344,-6.4861919],[-34.9688069,-6.4854104],[-34.9688399,-6.4847298],[-34.9688902,-6.4841043],[-34.9689638,-6.4834349],[-34.9690417,-6.4826952],[-34.9693692,-6.4817837],[-34.9694501,-6.4811119],[-34.969666,-6.4796973],[-34.9696662,-6.479683],[-34.9696789,-6.4785592],[-34.9696828,-6.4784472],[-34.9697556,-6.47635],[-34.9697103,-6.4752461],[-34.9696688,-6.4735682],[-34.9695331,-6.4721816],[-34.969409,-6.4716233],[-34.9693021,-6.4710587],[-34.9692371,-6.4705519],[-34.9693341,-6.470105],[-34.9695351,-6.4693023],[-34.9695948,-6.4690582],[-34.9697144,-6.4685694],[-34.9699962,-6.4678511],[-34.9701081,-6.4672921],[-34.97038,-6.4670165],[-34.9704845,-6.4669105],[-34.9709206,-6.4667928],[-34.9714546,-6.4667329],[-34.9714577,-6.4667305],[-34.9718135,-6.4664513],[-34.9719377,-6.4662228],[-34.9720448,-6.4660257],[-34.9720787,-6.4659634],[-34.9723071,-6.4650502],[-34.9724067,-6.4646524],[-34.9726779,-6.4637139],[-34.9727047,-6.4636212],[-34.9728301,-6.4629189],[-34.9728937,-6.462458],[-34.9729442,-6.462093],[-34.9729077,-6.4613122],[-34.9728537,-6.4610056],[-34.9727744,-6.4605552],[-34.9725966,-6.4597551],[-34.9726062,-6.4586336],[-34.9727265,-6.4575433],[-34.9728928,-6.4564718],[-34.9729796,-6.4559032],[-34.9729931,-6.4558149],[-34.9730793,-6.4554794],[-34.9734731,-6.4539467],[-34.9736713,-6.4531685],[-34.9738249,-6.4524192],[-34.9739366,-6.4517308],[-34.9739907,-6.4502761],[-34.9739717,-6.4498269],[-34.9739471,-6.4492453],[-34.9737507,-6.4467764],[-34.9735248,-6.4452315],[-34.9732583,-6.4428649],[-34.9730386,-6.4416811],[-34.9728576,-6.4405984],[-34.9726388,-6.4396002],[-34.9723526,-6.4390838],[-34.9720578,-6.43871],[-34.971805,-6.4382763],[-34.9715831,-6.438174],[-34.9710956,-6.4382483],[-34.970899,-6.4383438],[-34.9707851,-6.4382806],[-34.9707045,-6.4379765],[-34.9708213,-6.437349],[-34.9710718,-6.4367309],[-34.97122,-6.4363251],[-34.9713734,-6.4358486],[-34.9715205,-6.4355683],[-34.9717623,-6.4355072],[-34.9719745,-6.4357431],[-34.9720945,-6.4359407],[-34.9722706,-6.4361352],[-34.9725811,-6.4361171],[-34.9729027,-6.4360385],[-34.9733002,-6.4356114],[-34.97334,-6.4355686],[-34.973635,-6.4347882],[-34.9738071,-6.4340587],[-34.9738503,-6.4339078],[-34.9739878,-6.4334284],[-34.974123,-6.4326694],[-34.9743106,-6.4317406],[-34.9743816,-6.4312045],[-34.97462,-6.4301046],[-34.9748444,-6.4291246],[-34.9749769,-6.4283011],[-34.9750751,-6.4276023],[-34.975133,-6.4266926],[-34.9750875,-6.4257235],[-34.9750723,-6.4245506],[-34.9750589,-6.4236681],[-34.9749584,-6.4223414],[-34.9749514,-6.421052],[-34.9748804,-6.4204095],[-34.9748507,-6.4196214],[-34.9749944,-6.4190675],[-34.9751267,-6.4186695],[-34.9754144,-6.4183061],[-34.9757676,-6.4180098],[-34.9759226,-6.4178245],[-34.9759947,-6.4175945],[-34.9760287,-6.4173539],[-34.9760251,-6.4169849],[-34.9759906,-6.4167228],[-34.9759919,-6.4162827],[-34.9760441,-6.4159012],[-34.9761858,-6.4156991],[-34.9765875,-6.4152531],[-34.9767388,-6.4150208],[-34.9769382,-6.4146828],[-34.977094,-6.414286],[-34.9771957,-6.4139793],[-34.9772654,-6.4136782],[-34.9774325,-6.4133525],[-34.977658,-6.413196],[-34.9779325,-6.4129747],[-34.9784714,-6.4126215],[-34.9786906,-6.4124182],[-34.9789296,-6.4121694],[-34.9791752,-6.4115305],[-34.9793983,-6.4107553],[-34.9795461,-6.409534],[-34.9797031,-6.4069843],[-34.979808,-6.4056786],[-34.9798239,-6.4050211],[-34.979774,-6.40442],[-34.9796554,-6.4039946],[-34.9796028,-6.4036367],[-34.9796226,-6.4033706],[-34.9797627,-6.4028691],[-34.9799298,-6.4026099],[-34.9800456,-6.4022184],[-34.9800921,-6.4016963],[-34.9800299,-6.4013699],[-34.9800971,-6.4011002],[-34.9802608,-6.4008063],[-34.9805946,-6.4003446],[-34.9807463,-6.3997977],[-34.9808811,-6.3993364],[-34.9809301,-6.3988065],[-34.9809638,-6.3983688],[-34.9810903,-6.3980632],[-34.9812554,-6.3978555],[-34.9816224,-6.3978838],[-34.9818484,-6.3980109],[-34.9820022,-6.3980009],[-34.982177,-6.3979143],[-34.9824551,-6.3976571],[-34.9827453,-6.3971533],[-34.9828959,-6.3967573],[-34.9829863,-6.3964035],[-34.9831,-6.3960101],[-34.9832574,-6.3956201],[-34.9834376,-6.3953493],[-34.9838284,-6.3951896],[-34.9841504,-6.3950206],[-34.9843472,-6.3946203],[-34.984484,-6.3941597],[-34.9845856,-6.3936791],[-34.9846541,-6.3930503],[-34.9847063,-6.392458],[-34.9847505,-6.3918726],[-34.9847645,-6.3914732],[-34.9849033,-6.3911061],[-34.9851085,-6.390901],[-34.9853144,-6.390688],[-34.9855446,-6.3903363],[-34.9855775,-6.3901107],[-34.9855754,-6.3899371],[-34.9856586,-6.3895656],[-34.985802,-6.3892672],[-34.9861827,-6.3889985],[-34.9865655,-6.3886414],[-34.9868732,-6.3883133],[-34.9870926,-6.3876223],[-34.9871187,-6.3871024],[-34.9871055,-6.3866105],[-34.9870748,-6.3862338],[-34.9870503,-6.3859446],[-34.9870975,-6.3856107],[-34.9872207,-6.3852499],[-34.9873848,-6.384819],[-34.9876248,-6.3844413],[-34.9878631,-6.384246],[-34.9882242,-6.3839927],[-34.9884881,-6.3837546],[-34.9888456,-6.3833598],[-34.9891047,-6.3828642],[-34.989346,-6.3822675],[-34.9894854,-6.381729],[-34.9895472,-6.3813421],[-34.9896297,-6.3809372],[-34.9897142,-6.3805913],[-34.9897776,-6.3802292],[-34.9898859,-6.3797368],[-34.9900031,-6.3792128],[-34.9901074,-6.3789265],[-34.9901785,-6.3786468],[-34.9903084,-6.3782844],[-34.9904217,-6.3780306],[-34.9905049,-6.3777119],[-34.9906257,-6.377312],[-34.9906962,-6.3770036],[-34.9907994,-6.3765852],[-34.9908244,-6.3760933],[-34.9909008,-6.3755305],[-34.9908316,-6.3752122],[-34.990755,-6.3749905],[-34.9906011,-6.3748062],[-34.9904815,-6.3747125],[-34.9902941,-6.3746105],[-34.9902321,-6.3744769],[-34.9902268,-6.3743168],[-34.9902037,-6.3741656],[-34.9902559,-6.3739687],[-34.9904186,-6.3738989],[-34.9905577,-6.373824],[-34.9907097,-6.3736683],[-34.9908925,-6.3734196],[-34.9909355,-6.3732559],[-34.9910184,-6.3729428],[-34.9910709,-6.3726986],[-34.9911086,-6.3725142],[-34.9911004,-6.3723944],[-34.9910491,-6.3722545],[-34.9909522,-6.3721759],[-34.9907622,-6.3721041],[-34.9907453,-6.3720075],[-34.9907724,-6.3718731],[-34.990835,-6.3717341],[-34.9909973,-6.3714807],[-34.9911895,-6.3712871],[-34.9916499,-6.3710824],[-34.9919109,-6.3709822],[-34.9921222,-6.3709056],[-34.9922748,-6.370927],[-34.992475,-6.3709995],[-34.9929064,-6.3710991],[-34.9934728,-6.3711303],[-34.9941339,-6.3711342],[-34.9948465,-6.3711692],[-34.9951789,-6.3712616],[-34.9954,-6.3714208],[-34.9956758,-6.3716145],[-34.996141,-6.3716723],[-34.9966101,-6.3715879],[-34.9970315,-6.3714242],[-34.9975502,-6.3712227],[-34.9983415,-6.370743],[-34.9994558,-6.3699278],[-35.0004431,-6.3690425],[-35.0013277,-6.368048],[-35.0022472,-6.366946],[-35.0025871,-6.3664436],[-35.0029869,-6.3659791],[-35.0033689,-6.3658157],[-35.0038473,-6.3656851],[-35.0042581,-6.3656845],[-35.0042629,-6.365686],[-35.0042983,-6.3656977],[-35.0043667,-6.3657201],[-35.0045389,-6.3657766],[-35.0048615,-6.3659436],[-35.0051663,-6.3660924],[-35.005192,-6.3660946],[-35.0054568,-6.3661171],[-35.0056806,-6.3660893],[-35.0059266,-6.365981],[-35.006138,-6.3658491],[-35.0065381,-6.3657341],[-35.0071294,-6.3656068],[-35.0077492,-6.365519],[-35.0081557,-6.3655447],[-35.0086495,-6.3657135],[-35.0090038,-6.3658348],[-35.0090627,-6.3658711],[-35.0091428,-6.3659207],[-35.0092102,-6.3659623],[-35.0092141,-6.3659654],[-35.00944,-6.3661442],[-35.0096045,-6.3663383],[-35.009697,-6.366515],[-35.009715,-6.3667631],[-35.0096496,-6.3671463],[-35.0096489,-6.3671537],[-35.0096146,-6.3675113],[-35.0096123,-6.3675354],[-35.0095467,-6.3679221],[-35.0095062,-6.3685159],[-35.0096046,-6.3688071],[-35.0097757,-6.3693308],[-35.0100206,-6.3695985],[-35.0103085,-6.3697966],[-35.0108983,-6.3700123],[-35.0114542,-6.3701065],[-35.0118779,-6.3701468],[-35.0122666,-6.3701241],[-35.0132503,-6.3699931],[-35.0141483,-6.3697721],[-35.0151465,-6.369401],[-35.0160416,-6.3687089],[-35.0167713,-6.3681257],[-35.0177475,-6.3673267],[-35.019634,-6.3657132],[-35.0207508,-6.364211],[-35.0216995,-6.363065],[-35.0225941,-6.3615932],[-35.0237394,-6.3597999],[-35.0243951,-6.3584764],[-35.0248605,-6.3575907],[-35.0250456,-6.3569542],[-35.0252657,-6.3564689],[-35.0257125,-6.355484],[-35.0262021,-6.3542637],[-35.0266864,-6.3527817],[-35.0272021,-6.3509906],[-35.0274795,-6.3496307],[-35.0279047,-6.3476732],[-35.0283307,-6.3454155],[-35.0287066,-6.344012],[-35.0291973,-6.3413463],[-35.0293405,-6.3391497],[-35.0292848,-6.338115],[-35.0297145,-6.3370185],[-35.029977,-6.3354987],[-35.0306514,-6.3333618],[-35.030976,-6.3316666],[-35.0312288,-6.3302338],[-35.0316005,-6.32797],[-35.0319369,-6.3259938],[-35.0321055,-6.3251754],[-35.0322774,-6.3234586],[-35.0325132,-6.3217809],[-35.0326404,-6.3207072],[-35.0327947,-6.3191755],[-35.0329074,-6.3173159],[-35.0328383,-6.3160807],[-35.0327089,-6.3156017],[-35.0324265,-6.3151921],[-35.0321143,-6.3138776],[-35.032044,-6.3130053],[-35.0318745,-6.3108385],[-35.0371711,-6.3144906],[-35.0417255,-6.3176317],[-35.0488886,-6.3264394],[-35.0529233,-6.3332797],[-35.0615094,-6.341422],[-35.0677096,-6.3464071],[-35.0707144,-6.3507469],[-35.0703226,-6.3545732],[-35.0628141,-6.361986],[-35.0625469,-6.363307],[-35.0672498,-6.3672443],[-35.0726934,-6.3705192],[-35.0744729,-6.3736761],[-35.0768548,-6.3751169],[-35.080656,-6.3751016],[-35.0839128,-6.3742982],[-35.0936435,-6.3790068],[-35.0936524,-6.3812475],[-35.0956994,-6.3834802],[-35.0939394,-6.3850705],[-35.0936039,-6.3865215],[-35.0944245,-6.387442],[-35.0975454,-6.3865052],[-35.0963435,-6.3912575],[-35.0977695,-6.3916463],[-35.0998013,-6.3904527],[-35.1011597,-6.3903129],[-35.1011655,-6.391896],[-35.0998125,-6.3934859],[-35.1010407,-6.3945348],[-35.1031466,-6.3950529],[-35.1030168,-6.3963721],[-35.1009903,-6.3990183],[-35.1015419,-6.4009939],[-35.1030398,-6.4015149],[-35.1037778,-6.3996659],[-35.1056732,-6.3982065],[-35.1074372,-6.3982011],[-35.1073105,-6.3999136],[-35.1085335,-6.4001726],[-35.1105653,-6.398979],[-35.1114587,-6.40148],[-35.1149895,-6.4014676],[-35.1149947,-6.4025211],[-35.112831,-6.4053001],[-35.1126351,-6.4066187],[-35.1148135,-6.408059],[-35.1153617,-6.4095075],[-35.1150982,-6.4112222],[-35.1168624,-6.4109524],[-35.1175359,-6.4096324],[-35.1186896,-6.4093628],[-35.119784,-6.4113352],[-35.1210069,-6.411596],[-35.1211391,-6.4104073],[-35.12222,-6.4094809],[-35.1230414,-6.410927],[-35.1241984,-6.4114482],[-35.1256904,-6.4109157],[-35.1273247,-6.4119635],[-35.1288113,-6.4102442],[-35.1297582,-6.4098437],[-35.1297543,-6.4082595],[-35.1307026,-6.4077303],[-35.1316993,-6.4077324],[-35.1318449,-6.4077332],[-35.1101292,-6.4461166],[-35.113727,-6.4977159],[-35.1134015,-6.5014303],[-35.1125496,-6.5051175]]]},"properties":{"CD_MUN":"2401404","NM_MUN":"Baía Formosa","CD_RGI":"240003","NM_RGI":"Canguaretama","CD_RGINT":"2401","NM_RGINT":"Natal","CD_UF":"24","NM_UF":"Rio Grande do Norte","SIGLA_UF":"RN","CD_REGIA":"2","NM_REGIA":"Nordeste","SIGLA_RG":"NE","CD_CONCU":"","NM_CONCU":"","AREA_KM2":247.484}},
{"type":"Feature","geometry":{"type":"Polygon","coordinates":[[[-38.3365803,-6.3742009],[-38.3346161,-6.3755992],[-38.3245348,-6.3797905],[-38.3213312,-6.3824204],[-38.3166429,-6.3838265],[-38.3147957,-6.3836127],[-38.3133693,-6.3812168],[-38.3095146,-6.3776673],[-38.3051894,-6.3775203],[-38.3022728,-6.378456],[-38.3021395,-6.3784992],[-38.3018985,-6.3785765],[-38.2988931,-6.3795411],[-38.2983518,-6.3795139],[-38.2752583,-6.3783546],[-38.2866993,-6.3917571],[-38.2770863,-6.3964646],[-38.2716343,-6.3984211],[-38.271449,-6.4023684],[-38.2582453,-6.4054593],[-38.2581112,-6.4057703],[-38.2573527,-6.4075308],[-38.2526778,-6.4183755],[-38.2384518,-6.3855888],[-38.2380651,-6.370249],[-38.2357388,-6.3672284],[-38.2253266,-6.3570302],[-38.2360616,-6.3399654],[-38.2370118,-6.3384551],[-38.2474825,-6.3337788],[-38.2474933,-6.3309009],[-38.2476409,-6.2897238],[-38.2479971,-6.289899],[-38.2489838,-6.2897716],[-38.2500367,-6.290402],[-38.2505387,-6.2901882],[-38.2517825,-6.2890263],[-38.254742,-6.2858818],[-38.2556596,-6.2845918],[-38.2560783,-6.2835925],[-38.2556632,-6.2822159],[-38.2559137,-6.2815099],[-38.2565808,-6.2811334],[-38.2574128,-6.2810102],[-38.2589932,-6.2817414],[-38.2602009,-6.2813683],[-38.2605759,-6.2807008],[-38.2610425,-6.2805783],[-38.2617298,-6.28075],[-38.2641551,-6.281353],[-38.2656665,-6.2814474],[-38.2665261,-6.2816903],[-38.2675035,-6.2827458],[-38.268855,-6.2837782],[-38.2700614,-6.2840913],[-38.2716848,-6.2841358],[-38.2732673,-6.2833044],[-38.2775548,-6.282622],[-38.2975736,-6.2780668],[-38.2986967,-6.2789417],[-38.300191,-6.2815689],[-38.3011058,-6.2824876],[-38.3019797,-6.2824701],[-38.3035844,-6.2812964],[-38.3047298,-6.2806798],[-38.3058111,-6.2806815],[-38.3068506,-6.2813072],[-38.307224,-6.2826619],[-38.307301,-6.2872472],[-38.307633,-6.2886252],[-38.30863,-6.289957],[-38.3096685,-6.2907929],[-38.3105845,-6.2910235],[-38.3115835,-6.2910263],[-38.3138319,-6.2904433],[-38.3158732,-6.2896555],[-38.3167883,-6.2895939],[-38.317315,-6.289931],[-38.3182007,-6.2919722],[-38.3191971,-6.2934724],[-38.320277,-6.2945773],[-38.3217258,-6.2954478],[-38.3231798,-6.2968253],[-38.3236588,-6.2975064],[-38.3246759,-6.2989514],[-38.3262987,-6.3008082],[-38.3272956,-6.301643],[-38.3285009,-6.3022292],[-38.3310401,-6.3029831],[-38.3319554,-6.3034413],[-38.3321211,-6.3039625],[-38.3308226,-6.3089629],[-38.3309891,-6.3095442],[-38.3327361,-6.3107148],[-38.3333596,-6.3115502],[-38.3332338,-6.312404],[-38.3323182,-6.3140669],[-38.3323979,-6.3152363],[-38.3330173,-6.3183437],[-38.331297,-6.3287361],[-38.3335169,-6.347826],[-38.3343836,-6.3552811],[-38.3365803,-6.3742009]]]},"properties":{"CD_MUN":"2406007","NM_MUN":"José da Penha","CD_RGI":"240010","NM_RGI":"Pau dos Ferros","CD_RGINT":"2403","NM_RGINT":"Mossoró","CD_UF":"24","NM_UF":"Rio Grande do Norte","SIGLA_UF":"RN","CD_REGIA":"2","NM_REGIA":"Nordeste","SIGLA_RG":"NE","CD_CONCU":"","NM_CONCU":"","AREA_KM2":117.635}},
{"type":"Feature","geometry":{"type":"Polygon","coordinates":[[[-36.7611108,-6.5156708],[-36.7588963,-6.5146642],[-36.7580936,-6.5129478],[-36.7577657,-6.5128332],[-36.7536875,-6.5132722],[-36.7516811,-6.5159676],[-36.7510926,-6.5156211],[-36.7503937,-6.5130399],[-36.7491573,-6.5134176],[-36.7481586,-6.5172472],[-36.7474234,-6.5182144],[-36.7458432,-6.5183896],[-36.7450597,-6.5177484],[-36.744648,-6.5168258],[-36.7442649,-6.5166324],[-36.7428692,-6.5167295],[-36.7423653,-6.5181433],[-36.7413721,-6.519347],[-36.7413146,-6.520081],[-36.7406479,-6.5216721],[-36.7378835,-6.523126],[-36.7367362,-6.5250294],[-36.7352272,-6.5250812],[-36.7339303,-6.525507],[-36.7323342,-6.5253075],[-36.7309729,-6.5256101],[-36.7298339,-6.5262003],[-36.7288113,-6.526082],[-36.727028,-6.5280604],[-36.7241748,-6.5281071],[-36.7222041,-6.5293452],[-36.7184339,-6.5329654],[-36.7124084,-6.536887],[-36.7118358,-6.5368846],[-36.7104524,-6.5365041],[-36.708718,-6.5355875],[-36.7077549,-6.5364717],[-36.7075608,-6.5370452],[-36.7058267,-6.5373994],[-36.7047899,-6.5393414],[-36.7035158,-6.5381993],[-36.6950618,-6.557893],[-36.6789762,-6.5513388],[-36.679748,-6.5793492],[-36.6753199,-6.5769747],[-36.6656113,-6.5635692],[-36.6584314,-6.5546023],[-36.6510802,-6.5391252],[-36.6480995,-6.5328723],[-36.6426057,-6.5350291],[-36.6365741,-6.5280552],[-36.6331381,-6.5274955],[-36.6309165,-6.5263398],[-36.6294843,-6.5226212],[-36.6269674,-6.5195921],[-36.6231833,-6.5167091],[-36.6230684,-6.5155623],[-36.6243418,-6.5142709],[-36.6258,-6.5112611],[-36.6116904,-6.4986444],[-36.5970877,-6.4883288],[-36.5945912,-6.4854603],[-36.5901655,-6.4854707],[-36.5870656,-6.4841613],[-36.585355,-6.4820411],[-36.5813194,-6.4743187],[-36.5797772,-6.4729083],[-36.5784274,-6.4730413],[-36.5731662,-6.4765001],[-36.5678522,-6.4780738],[-36.5605175,-6.4795906],[-36.5593458,-6.4782442],[-36.5586225,-6.4781807],[-36.5560748,-6.4813077],[-36.5535681,-6.4819475],[-36.5514456,-6.4840772],[-36.5505038,-6.4840289],[-36.549914,-6.4829828],[-36.5490384,-6.482903],[-36.5462305,-6.4836444],[-36.5456655,-6.4841456],[-36.5432497,-6.482755],[-36.5412285,-6.4829695],[-36.5367132,-6.4811708],[-36.528211,-6.4792842],[-36.5297487,-6.4767342],[-36.5308248,-6.4718315],[-36.5295303,-6.465666],[-36.530573,-6.4605338],[-36.5309716,-6.4520716],[-36.5289271,-6.4433383],[-36.5256797,-6.4367767],[-36.5210617,-6.4238997],[-36.5186723,-6.4180797],[-36.5107319,-6.407478],[-36.5074919,-6.4001167],[-36.5047975,-6.3901083],[-36.5043775,-6.3864509],[-36.505878,-6.3859843],[-36.5094337,-6.3827939],[-36.5119771,-6.3821415],[-36.5178284,-6.3782125],[-36.5272911,-6.376321],[-36.5380353,-6.3726111],[-36.5407699,-6.3730853],[-36.542425,-6.3729028],[-36.5436434,-6.367056],[-36.5458384,-6.363805],[-36.5489263,-6.362911],[-36.5508568,-6.361855],[-36.550857,-6.3540175],[-36.5508577,-6.3507932],[-36.550017,-6.3477624],[-36.547984,-6.3443741],[-36.5487661,-6.3426064],[-36.5532322,-6.3398778],[-36.5535266,-6.335946],[-36.5532568,-6.3347273],[-36.5548242,-6.3308027],[-36.55762,-6.3302351],[-36.5581743,-6.3297392],[-36.5573082,-6.3290281],[-36.5576417,-6.328615],[-36.5593322,-6.3282645],[-36.5599423,-6.3274365],[-36.5607501,-6.3237649],[-36.5616979,-6.3216944],[-36.5619147,-6.3177979],[-36.5626602,-6.3160297],[-36.5635391,-6.3154567],[-36.5638505,-6.3142662],[-36.5644039,-6.3142406],[-36.5647657,-6.3136606],[-36.5644363,-6.3128552],[-36.5649663,-6.3122754],[-36.5668491,-6.3120087],[-36.5670188,-6.3112063],[-36.5676838,-6.310879],[-36.5699926,-6.3114787],[-36.5709084,-6.3110124],[-36.5708606,-6.3097472],[-36.5758491,-6.3078135],[-36.5847531,-6.3063759],[-36.5858134,-6.3044686],[-36.5856376,-6.3033748],[-36.5840972,-6.3011778],[-36.5842402,-6.3005423],[-36.5847694,-6.2998784],[-36.589458,-6.2972703],[-36.5924905,-6.296989],[-36.5952694,-6.2916095],[-36.5960588,-6.2882333],[-36.6042722,-6.2904896],[-36.6045929,-6.2903684],[-36.6138399,-6.2930747],[-36.6154704,-6.2933057],[-36.6175071,-6.2923193],[-36.6188262,-6.2908187],[-36.6196801,-6.2881431],[-36.6210835,-6.2870829],[-36.6233751,-6.2859904],[-36.6250688,-6.2864387],[-36.6259939,-6.2858807],[-36.6262219,-6.2855315],[-36.6270275,-6.2823334],[-36.6281014,-6.2803836],[-36.6282049,-6.276824],[-36.629025,-6.2752087],[-36.628282,-6.2714683],[-36.6283551,-6.271128],[-36.6296035,-6.2692788],[-36.6306125,-6.2685131],[-36.632046,-6.2686329],[-36.6398087,-6.2713032],[-36.6452484,-6.270451],[-36.645844,-6.2705936],[-36.6519887,-6.27341],[-36.6547437,-6.2722158],[-36.6552558,-6.2723947],[-36.655418,-6.2726205],[-36.6554658,-6.2738472],[-36.6573053,-6.2741547],[-36.6579736,-6.2760874],[-36.6585451,-6.2766965],[-36.6596534,-6.276517],[-36.6604426,-6.277133],[-36.6607034,-6.2779426],[-36.6625329,-6.2785189],[-36.6702455,-6.2753657],[-36.672502,-6.2752692],[-36.673493,-6.2735958],[-36.6737426,-6.2714705],[-36.6756183,-6.2699686],[-36.6779574,-6.2713234],[-36.6815942,-6.2698053],[-36.6830666,-6.2704048],[-36.6848663,-6.2718014],[-36.6852784,-6.2719166],[-36.6859814,-6.2718211],[-36.6869192,-6.272589],[-36.6872856,-6.2736737],[-36.6895986,-6.2745751],[-36.6920522,-6.2725902],[-36.6928844,-6.2726061],[-36.6957184,-6.2741938],[-36.6963685,-6.2749932],[-36.6976313,-6.2765461],[-36.6985882,-6.2768585],[-36.6993075,-6.2767635],[-36.6994227,-6.2765605],[-36.7000462,-6.2754618],[-36.7016558,-6.2740456],[-36.7030306,-6.2742751],[-36.7051721,-6.2757796],[-36.7078404,-6.2768973],[-36.7095898,-6.2769569],[-36.710024,-6.278095],[-36.7106525,-6.2868915],[-36.7129462,-6.2893704],[-36.7132619,-6.2900321],[-36.7135676,-6.2910112],[-36.7134936,-6.2943534],[-36.7153504,-6.2946858],[-36.7157505,-6.2952585],[-36.7163949,-6.3009969],[-36.73856,-6.3018074],[-36.7403739,-6.3049146],[-36.7432953,-6.3075212],[-36.7447389,-6.3105328],[-36.7461792,-6.3110157],[-36.7484821,-6.314497],[-36.7523687,-6.3167223],[-36.7541536,-6.3205431],[-36.753586,-6.3211441],[-36.7391512,-6.3364231],[-36.7396563,-6.3374391],[-36.7416217,-6.3387223],[-36.7434972,-6.3391456],[-36.7447016,-6.3395978],[-36.7475696,-6.3409323],[-36.7484287,-6.3415683],[-36.7486008,-6.3429831],[-36.7481191,-6.3439513],[-36.7483099,-6.3454577],[-36.748797,-6.3459926],[-36.749015,-6.3466264],[-36.7488647,-6.3478457],[-36.7483947,-6.3488384],[-36.7485853,-6.3503232],[-36.7519967,-6.3530552],[-36.75243,-6.3538949],[-36.741753,-6.3776234],[-36.7422584,-6.3929376],[-36.7465929,-6.4142445],[-36.7467238,-6.4148881],[-36.7535071,-6.4482536],[-36.7612286,-6.4785464],[-36.7743156,-6.4729624],[-36.7683134,-6.5005259],[-36.7657248,-6.5087874],[-36.7611108,-6.5156708]]]},"properties":{"CD_MUN":"2400109","NM_MUN":"Acari","CD_RGI":"240008","NM_RGI":"Currais Novos","CD_RGINT":"2402","NM_RGINT":"Caicó","CD_UF":"24","NM_UF":"Rio Grande do Norte","SIGLA_UF":"RN","CD_REGIA":"2","NM_REGIA":"Nordeste","SIGLA_RG":"NE","CD_CONCU":"","NM_CONCU":"","AREA_KM2":608.466}},
{"type":"Feature","geometry":{"type":"Polygon","coordinates":[[[-37.788162,-5.2191974],[-37.7712896,-5.2240371],[-37.6831941,-5.2492659],[-37.6412247,-5.2612852],[-37.5830954,-5.2779323],[-37.5622307,-5.2202241],[-37.5619727,-5.2195113],[-37.5303011,-5.1320118],[-37.5259572,-5.1200109],[-37.5256423,-5.1191421],[-37.5246334,-5.1163586],[-37.4942762,-5.0326021],[-37.4938982,-5.031561],[-37.4885792,-5.0168963],[-37.4906221,-5.0156812],[-37.4925298,-5.0136594],[-37.4934583,-5.0131912],[-37.4948733,-5.0129241],[-37.497259,-5.0110424],[-37.4973751,-5.0106326],[-37.496402,-5.0096466],[-37.4959938,-5.0084372],[-37.4980111,-5.0006818],[-37.4984269,-4.9965104],[-37.4960679,-4.9841196],[-37.4954543,-4.9786041],[-37.4966504,-4.969333],[-37.496397,-4.9646748],[-37.4946547,-4.96039],[-37.4937283,-4.9496393],[-37.4920773,-4.9455114],[-37.491533,-4.9431924],[-37.4920434,-4.9400014],[-37.4919703,-4.9312351],[-37.4923718,-4.9245446],[-37.4920349,-4.9230679],[-37.4906693,-4.9196897],[-37.4900614,-4.918943],[-37.4864718,-4.9159515],[-37.4823403,-4.9132772],[-37.480479,-4.9108098],[-37.478291,-4.9087447],[-37.4757159,-4.9052556],[-37.4740043,-4.9007536],[-37.4728522,-4.8997709],[-37.4721683,-4.8995671],[-37.4698057,-4.8996969],[-37.469025,-4.8993275],[-37.46844,-4.8973883],[-37.4686209,-4.8958997],[-37.4682828,-4.8940749],[-37.4667599,-4.8912346],[-37.4659819,-4.888577],[-37.4670813,-4.8859247],[-37.4891135,-4.8912237],[-37.5155488,-4.8974097],[-37.5219804,-4.8989147],[-37.5393538,-4.9031857],[-37.5398098,-4.9032978],[-37.5585493,-4.9079047],[-37.5585512,-4.9079052],[-37.5911683,-4.9152715],[-37.6402648,-4.9263879],[-37.6403381,-4.9264044],[-37.6504543,-4.9627033],[-37.65124,-4.9655228],[-37.6601213,-4.9973913],[-37.6601424,-4.9974672],[-37.6602634,-4.9979013],[-37.6602638,-4.9979028],[-37.6602658,-4.99791],[-37.6603707,-4.9982495],[-37.6769796,-5.0520116],[-37.6770622,-5.052279],[-37.6772438,-5.0528668],[-37.6776204,-5.0540857],[-37.6787609,-5.0551974],[-37.6958236,-5.0581226],[-37.7104915,-5.06115],[-37.7146559,-5.0627149],[-37.7191046,-5.0656136],[-37.72399,-5.0697038],[-37.7250894,-5.0706243],[-37.7261119,-5.0728498],[-37.7275934,-5.0746292],[-37.7303789,-5.080634],[-37.7316273,-5.0845269],[-37.7334225,-5.1006412],[-37.7334233,-5.1006424],[-37.7400262,-5.1101809],[-37.7402912,-5.1104175],[-37.7482917,-5.1175592],[-37.7520501,-5.1226783],[-37.7556364,-5.1287936],[-37.7649556,-5.1396162],[-37.7649572,-5.1396229],[-37.7763098,-5.1871207],[-37.7856486,-5.20182],[-37.787416,-5.2039335],[-37.7900289,-5.2109403],[-37.7899659,-5.214499],[-37.788162,-5.2191974]]]},"properties":{"CD_MUN":"2401453","NM_MUN":"Baraúna","CD_RGI":"240009","NM_RGI":"Mossoró","CD_RGINT":"2403","NM_RGINT":"Mossoró","CD_UF":"24","NM_UF":"Rio Grande do Norte","SIGLA_UF":"RN","CD_REGIA":"2","NM_REGIA":"Nordeste","SIGLA_RG":"NE","CD_CONCU":"","NM_CONCU":"","AREA_KM2":825.681}},
{"type":"Feature","geometry":{"type":"Polygon","coordinates":[[[-35.6646572,-6.4499609],[-35.6640471,-6.4492852],[-35.6636037,-6.44683],[-35.6601643,-6.4452787],[-35.6593206,-6.4458293],[-35.6572636,-6.4457822],[-35.6569304,-6.4459102],[-35.6556639,-6.447204],[-35.6539281,-6.4472487],[-35.6528094,-6.4490167],[-35.6514904,-6.4499943],[-35.6460636,-6.4506048],[-35.6436445,-6.4519743],[-35.6393848,-6.4531385],[-35.6367999,-6.4543894],[-35.6366205,-6.4544279],[-35.634988,-6.4547784],[-35.6309659,-6.4548447],[-35.6300767,-6.4548594],[-35.6293108,-6.454872],[-35.6270699,-6.4558961],[-35.623192,-6.4586571],[-35.6203787,-6.4573243],[-35.6196533,-6.4572237],[-35.6170232,-6.4587628],[-35.6167363,-6.4594209],[-35.6168386,-6.4595872],[-35.6179082,-6.461324],[-35.6179148,-6.4613988],[-35.6179701,-6.4620165],[-35.6168742,-6.462633],[-35.612895,-6.4620451],[-35.6109835,-6.460956],[-35.6075264,-6.460609],[-35.6049684,-6.4592713],[-35.6040923,-6.4592084],[-35.6001881,-6.4606106],[-35.5995445,-6.4611066],[-35.5983788,-6.4645326],[-35.5953421,-6.4672142],[-35.5921643,-6.4716302],[-35.5921298,-6.4765849],[-35.591712,-6.4771583],[-35.5907025,-6.4780246],[-35.5880994,-6.4790253],[-35.5864993,-6.4821063],[-35.5854051,-6.4827923],[-35.5827555,-6.4827886],[-35.5813826,-6.484058],[-35.5812906,-6.4826127],[-35.5811824,-6.4808983],[-35.5805235,-6.4705572],[-35.5749463,-6.4604277],[-35.5741178,-6.458923],[-35.5739466,-6.458612],[-35.5712451,-6.4537067],[-35.5586798,-6.4308702],[-35.5584357,-6.4304395],[-35.5586737,-6.4304197],[-35.5587946,-6.4304097],[-35.559232,-6.4303727],[-35.5676204,-6.4296753],[-35.5808011,-6.4285786],[-35.5858257,-6.4281606],[-35.5929605,-6.4275669],[-35.5983758,-6.4271163],[-35.616476,-6.4256103],[-35.6290102,-6.4229796],[-35.6465372,-6.419301],[-35.646638,-6.419046],[-35.6474769,-6.4192277],[-35.6475035,-6.4192215],[-35.6476726,-6.4191275],[-35.6478996,-6.419079],[-35.6480155,-6.4191056],[-35.6481799,-6.4191714],[-35.6482848,-6.419259],[-35.6483443,-6.4193593],[-35.6484085,-6.4194203],[-35.6485729,-6.4188269],[-35.649225,-6.419006],[-35.6493275,-6.4187154],[-35.6713009,-6.4141036],[-35.6710342,-6.414224],[-35.6708171,-6.4143816],[-35.6703936,-6.4146651],[-35.6703073,-6.4147681],[-35.6702082,-6.4149216],[-35.6699643,-6.4151261],[-35.6698139,-6.4153876],[-35.6697623,-6.4155965],[-35.6697569,-6.4156188],[-35.6697641,-6.4156199],[-35.6697548,-6.4156279],[-35.6696539,-6.4158015],[-35.6695184,-6.415897],[-35.6690866,-6.4161332],[-35.66892,-6.41632],[-35.6688991,-6.4164849],[-35.6689843,-6.4166592],[-35.669109,-6.4172344],[-35.6691103,-6.4174753],[-35.6692314,-6.4180049],[-35.6693121,-6.4183777],[-35.669287,-6.4186635],[-35.6692139,-6.4189041],[-35.6692079,-6.4189186],[-35.6692064,-6.4189222],[-35.6691853,-6.4189732],[-35.6691565,-6.4190431],[-35.669143,-6.4190754],[-35.6691206,-6.4191033],[-35.6690975,-6.4191323],[-35.6690794,-6.4191546],[-35.6690471,-6.4191944],[-35.6690395,-6.4192043],[-35.6690383,-6.4192045],[-35.6689987,-6.419255],[-35.66886,-6.419428],[-35.6685981,-6.4198794],[-35.6682039,-6.4205086],[-35.6679027,-6.4207882],[-35.667775,-6.4210727],[-35.6677618,-6.4215487],[-35.6676102,-6.4221126],[-35.6675747,-6.422367],[-35.6675541,-6.4225146],[-35.6675114,-6.4226239],[-35.6671035,-6.4228953],[-35.6668682,-6.4230174],[-35.6659495,-6.4234893],[-35.6648787,-6.424006],[-35.6645916,-6.4243407],[-35.6649431,-6.4243192],[-35.6654269,-6.4243232],[-35.6659313,-6.4244308],[-35.6661878,-6.4245334],[-35.6663404,-6.4245945],[-35.6667842,-6.4248255],[-35.6670809,-6.4250912],[-35.6677856,-6.4256445],[-35.6685461,-6.4263929],[-35.6692203,-6.4275526],[-35.6692377,-6.4275823],[-35.6698079,-6.4295049],[-35.6699502,-6.4299123],[-35.6700946,-6.4303188],[-35.6702612,-6.4307969],[-35.6702615,-6.4308041],[-35.6704593,-6.4313809],[-35.670578,-6.4318031],[-35.6704731,-6.4320111],[-35.6703733,-6.4326411],[-35.6703361,-6.4327502],[-35.6701211,-6.4329305],[-35.6699319,-6.4333523],[-35.6698527,-6.4338413],[-35.6697447,-6.434173],[-35.6696953,-6.4343069],[-35.6693403,-6.435269],[-35.6691453,-6.4356718],[-35.6690466,-6.4359031],[-35.6690266,-6.4362419],[-35.6689915,-6.4364103],[-35.6688995,-6.436637],[-35.6687528,-6.4369161],[-35.6687133,-6.4371425],[-35.668736,-6.4372991],[-35.6686864,-6.4374787],[-35.6686983,-6.4374867],[-35.6686986,-6.4374896],[-35.6686357,-6.4376444],[-35.6685763,-6.4379439],[-35.6685889,-6.4380996],[-35.6682708,-6.4390003],[-35.6682165,-6.4391576],[-35.6681391,-6.4394311],[-35.6680852,-6.4395917],[-35.6680197,-6.439694],[-35.6678747,-6.4398065],[-35.6676404,-6.4401523],[-35.6675131,-6.4403156],[-35.6674355,-6.4405486],[-35.6674684,-6.4408047],[-35.6675233,-6.441082],[-35.6675011,-6.4412535],[-35.6673869,-6.4416983],[-35.6670541,-6.4425779],[-35.6669683,-6.4428303],[-35.6665729,-6.44357],[-35.666435,-6.4437512],[-35.6662603,-6.4440665],[-35.6661885,-6.4442691],[-35.6661842,-6.4442969],[-35.6661434,-6.4445578],[-35.6660754,-6.4449419],[-35.6660174,-6.4452055],[-35.6659101,-6.4453842],[-35.6657178,-6.4462194],[-35.6653275,-6.4499606],[-35.6646572,-6.4499609]]]},"properties":{"CD_MUN":"2409100","NM_MUN":"Passa e Fica","CD_RGI":"240002","NM_RGI":"Santo Antônio - Passa e Fica - Nova Cruz","CD_RGINT":"2401","NM_RGINT":"Natal","CD_UF":"24","NM_UF":"Rio Grande do Norte","SIGLA_UF":"RN","CD_REGIA":"2","NM_REGIA":"Nordeste","SIGLA_RG":"NE","CD_CONCU":"","NM_CONCU":"","AREA_KM2":44.105}},
{"type":"Feature","geometry":{"type":"Polygon","coordinates":[[[-36.7897429,-5.7551685],[-36.7944549,-5.7567209],[-36.7955688,-5.7566579],[-36.7964715,-5.7561203],[-36.7982448,-5.7560261],[-36.7997014,-5.756301],[-36.8009506,-5.7571172],[-36.803035,-5.7571262],[-36.8034156,-5.7569493],[-36.803803,-5.7567692],[-36.8050521,-5.7561879],[-36.8054826,-5.7558125],[-36.8073877,-5.7541513],[-36.811304,-5.7515576],[-36.8120029,-5.75066],[-36.8128648,-5.7475824],[-36.8140721,-5.7455192],[-36.8155423,-5.744474],[-36.817246,-5.7440278],[-36.8208759,-5.7442691],[-36.823621,-5.7439411],[-36.826021,-5.7428221],[-36.8274947,-5.7414011],[-36.8284275,-5.7398251],[-36.8299818,-5.7379534],[-36.8317616,-5.737207],[-36.8357413,-5.7372607],[-36.8377558,-5.7365167],[-36.8386072,-5.7356172],[-36.8407853,-5.7321708],[-36.8426841,-5.7304855],[-36.8442337,-5.7294388],[-36.8462416,-5.7272889],[-36.8477977,-5.7251165],[-36.8491923,-5.7241449],[-36.8513962,-5.7239647],[-36.8532483,-5.7242723],[-36.8560278,-5.7252604],[-36.8592693,-5.7261733],[-36.8616687,-5.7256574],[-36.8630253,-5.7244214],[-36.8652768,-5.7219517],[-36.867214,-5.7204542],[-36.8693034,-5.7194096],[-36.873367,-5.7179607],[-36.8763056,-5.7172928],[-36.8795573,-5.7161038],[-36.8838522,-5.7142039],[-36.8853999,-5.7138323],[-36.8877174,-5.7142163],[-36.8895724,-5.7140743],[-36.8935658,-5.7108361],[-36.9267639,-5.7311916],[-36.9442652,-5.7419227],[-36.9615286,-5.7525104],[-36.9641183,-5.7696104],[-36.9651076,-5.7735424],[-36.9671057,-5.775156],[-36.9792483,-5.7829735],[-36.9801147,-5.7838485],[-36.9801082,-5.7853232],[-36.9774003,-5.8136212],[-36.9667969,-5.8409842],[-36.9660317,-5.846299],[-36.9605113,-5.8498845],[-36.9597125,-5.8529053],[-36.9588863,-5.8538483],[-36.9567097,-5.8539149],[-36.955016,-5.8555605],[-36.9545669,-5.8559971],[-36.9534007,-5.8561364],[-36.9520946,-5.8555205],[-36.9504584,-5.8552952],[-36.9503752,-5.8553329],[-36.9477494,-5.8565234],[-36.9445293,-5.8579835],[-36.9420242,-5.8583558],[-36.9403207,-5.8614677],[-36.9376292,-5.8638421],[-36.9368039,-5.8658792],[-36.9369688,-5.8684321],[-36.9380125,-5.870704],[-36.9409188,-5.8729845],[-36.9437757,-5.8739595],[-36.9504657,-5.8788054],[-36.9551722,-5.8843256],[-36.9565557,-5.8888685],[-36.957869,-5.8964161],[-36.9594936,-5.8992582],[-36.9610073,-5.9002835],[-36.9695759,-5.9024152],[-36.9722501,-5.9048074],[-36.973578,-5.9091801],[-36.9730971,-5.9128065],[-36.9696354,-5.9185246],[-36.9647707,-5.9246883],[-36.9590656,-5.928268],[-36.9513877,-5.9296863],[-36.9505097,-5.9304203],[-36.9503293,-5.9316116],[-36.951021,-5.934053],[-36.9508125,-5.9351014],[-36.9473635,-5.9370185],[-36.9460975,-5.9398768],[-36.9446343,-5.9465296],[-36.9442628,-5.9472448],[-36.9429221,-5.9473524],[-36.9420729,-5.9478879],[-36.9397595,-5.9517089],[-36.9392511,-5.9532664],[-36.9395078,-5.9545988],[-36.9411352,-5.9571017],[-36.9413042,-5.9582937],[-36.9397306,-5.9626833],[-36.936598,-5.9683548],[-36.9350783,-5.9689733],[-36.9329848,-5.9678888],[-36.9319305,-5.9682231],[-36.9297332,-5.9706253],[-36.9276718,-5.9717389],[-36.92662,-5.9717925],[-36.9258859,-5.9714926],[-36.9237899,-5.9685331],[-36.9189422,-5.9656929],[-36.9179537,-5.9653785],[-36.9148285,-5.9656209],[-36.9140397,-5.9659873],[-36.9137153,-5.9668396],[-36.9147674,-5.9699447],[-36.9143834,-5.97105],[-36.9124403,-5.9724762],[-36.9111411,-5.9730639],[-36.9105769,-5.973173],[-36.9081288,-5.9736465],[-36.9067678,-5.9754599],[-36.9046772,-5.9757589],[-36.9034243,-5.9756306],[-36.9025841,-5.9744101],[-36.90136,-5.974034],[-36.8937283,-5.9749562],[-36.8784528,-5.9606366],[-36.8760471,-5.9638712],[-36.8356362,-5.9285091],[-36.818067,-5.9131389],[-36.8004153,-5.8924774],[-36.7735607,-5.861044],[-36.7728103,-5.8586879],[-36.7726141,-5.8574061],[-36.7726262,-5.8546189],[-36.7729159,-5.8511905],[-36.7726267,-5.8476698],[-36.7726394,-5.8441693],[-36.7728455,-5.8433321],[-36.7733826,-5.8423714],[-36.7734849,-5.8417329],[-36.7722881,-5.8368481],[-36.7724439,-5.8357134],[-36.7727508,-5.8349753],[-36.7739991,-5.8337722],[-36.7747138,-5.8322478],[-36.7749769,-5.8302263],[-36.7753876,-5.8287986],[-36.7758974,-5.8280127],[-36.777316,-5.8270829],[-36.7774763,-5.8262946],[-36.7774035,-5.8253332],[-36.7768056,-5.8227662],[-36.7763538,-5.8215315],[-36.774945,-5.8201934],[-36.7748409,-5.8196528],[-36.775403,-5.8185204],[-36.7755056,-5.8179287],[-36.7751526,-5.8172872],[-36.7743715,-5.8166169],[-36.774069,-5.8159761],[-36.7740754,-5.8152828],[-36.7748592,-5.8134782],[-36.7749573,-5.809768],[-36.7753432,-5.8076254],[-36.7755575,-5.8048172],[-36.7767285,-5.8031918],[-36.7766324,-5.8024531],[-36.7757729,-5.8018584],[-36.773641,-5.8022941],[-36.7724007,-5.8019178],[-36.7715918,-5.8013254],[-36.7707238,-5.7993878],[-36.7686561,-5.7930263],[-36.7764697,-5.7790023],[-36.7897429,-5.7551685]]]},"properties":{"CD_MUN":"2412807","NM_MUN":"São Rafael","CD_RGI":"240011","NM_RGI":"Açu","CD_RGINT":"2403","NM_RGINT":"Mossoró","CD_UF":"24","NM_UF":"Rio Grande do Norte","SIGLA_UF":"RN","CD_REGIA":"2","NM_REGIA":"Nordeste","SIGLA_RG":"NE","CD_CONCU":"","NM_CONCU":"","AREA_KM2":469.101}},
{"type":"Feature","geometry":{"type":"Polygon","coordinates":[[[-36.3681851,-5.2507817],[-36.3676821,-5.2509848],[-36.365691,-5.2517886],[-36.3634008,-5.2527131],[-36.3607227,-5.2537943],[-36.360146,-5.2540271],[-36.3591176,-5.2543654],[-36.3586591,-5.2545368],[-36.3582241,-5.2546994],[-36.3578608,-5.2548294],[-36.3578228,-5.254843],[-36.3577849,-5.2548597],[-36.3577818,-5.2548611],[-36.3574314,-5.2550159],[-36.35743,-5.2550165],[-36.3570286,-5.2551911],[-36.35695,-5.2552227],[-36.356696,-5.2553251],[-36.3563717,-5.2554641],[-36.3561122,-5.2555698],[-36.3560138,-5.2556101],[-36.3560017,-5.255615],[-36.3549828,-5.2560323],[-36.3545919,-5.2561797],[-36.3545111,-5.2562121],[-36.3532748,-5.2567074],[-36.3531972,-5.2567385],[-36.3528527,-5.2568766],[-36.3522641,-5.2571165],[-36.3473033,-5.2591382],[-36.3471621,-5.2591981],[-36.3273151,-5.2676241],[-36.3271712,-5.2676852],[-36.3224667,-5.2696824],[-36.3223928,-5.2697138],[-36.27584,-5.2894775],[-36.2755562,-5.2845724],[-36.2761379,-5.2718037],[-36.2763323,-5.2617873],[-36.2764999,-5.2582582],[-36.2765009,-5.2582377],[-36.2766753,-5.2545647],[-36.2766767,-5.2545341],[-36.2770643,-5.2463727],[-36.2772867,-5.2346631],[-36.2771526,-5.2312326],[-36.2783553,-5.2246141],[-36.2781938,-5.223616],[-36.276794,-5.2217556],[-36.2764663,-5.220949],[-36.2762376,-5.2194992],[-36.2763069,-5.20722],[-36.2782157,-5.1999591],[-36.2795961,-5.1910477],[-36.2857234,-5.1612712],[-36.2863863,-5.1569302],[-36.2867307,-5.156246],[-36.2872695,-5.1558338],[-36.2889894,-5.1556378],[-36.289106,-5.1301951],[-36.2884819,-5.1295207],[-36.2880896,-5.128659],[-36.2878355,-5.1267432],[-36.2879899,-5.1250239],[-36.2882151,-5.1244677],[-36.2900756,-5.1228763],[-36.2909801,-5.1194585],[-36.2921861,-5.1162913],[-36.2935743,-5.1146813],[-36.2954132,-5.1135917],[-36.2983781,-5.1123772],[-36.3003588,-5.1119822],[-36.3050236,-5.1121949],[-36.3070183,-5.111978],[-36.3083429,-5.1110794],[-36.3092007,-5.1096513],[-36.3095972,-5.1071186],[-36.309487,-5.1061347],[-36.3091582,-5.1043602],[-36.3088693,-5.1036972],[-36.3084825,-5.1033062],[-36.308423,-5.1028565],[-36.3083248,-5.1021133],[-36.3085053,-5.1022327],[-36.3087609,-5.1024017],[-36.3108896,-5.1006076],[-36.3127895,-5.0991082],[-36.3149944,-5.0975133],[-36.3166293,-5.0961193],[-36.3174172,-5.0956771],[-36.3191755,-5.094792],[-36.3236466,-5.0920691],[-36.3263642,-5.0902923],[-36.3290912,-5.0885005],[-36.3302637,-5.0876292],[-36.3311533,-5.0871124],[-36.3315945,-5.0870388],[-36.3326449,-5.0870731],[-36.3340369,-5.0870874],[-36.3354283,-5.0869701],[-36.3365875,-5.0867277],[-36.3378047,-5.0863569],[-36.3392834,-5.0858533],[-36.339994,-5.0855475],[-36.3404369,-5.085365],[-36.3408322,-5.085235],[-36.341287,-5.0851321],[-36.3415966,-5.0851623],[-36.3417584,-5.0852377],[-36.3419048,-5.0852852],[-36.3421279,-5.0852602],[-36.3422653,-5.0852542],[-36.3424904,-5.0853084],[-36.3428589,-5.085493],[-36.3431523,-5.0856233],[-36.3433187,-5.0856901],[-36.3434635,-5.0857506],[-36.3435697,-5.0859569],[-36.3435678,-5.086141],[-36.3436219,-5.086286],[-36.3436593,-5.0864209],[-36.3441904,-5.0867709],[-36.3442956,-5.0866683],[-36.3444266,-5.0866191],[-36.3445265,-5.0866154],[-36.3446274,-5.0866719],[-36.3448824,-5.0867033],[-36.3452351,-5.0867212],[-36.3454507,-5.0866841],[-36.3456624,-5.0866125],[-36.3457788,-5.0865812],[-36.3460682,-5.0865643],[-36.3465252,-5.0866141],[-36.346905,-5.0867418],[-36.3472527,-5.0868575],[-36.3477044,-5.0869457],[-36.3481511,-5.086989],[-36.3486309,-5.0870283],[-36.3490389,-5.0870672],[-36.3494809,-5.087014],[-36.3495208,-5.0870066],[-36.3503216,-5.0868583],[-36.3508692,-5.0867889],[-36.3511223,-5.086807],[-36.3516983,-5.0868254],[-36.3520612,-5.0868055],[-36.3524341,-5.0867362],[-36.3530621,-5.086697],[-36.3533532,-5.0867213],[-36.3542921,-5.0867168],[-36.3552533,-5.0866936],[-36.3566369,-5.0865963],[-36.3577753,-5.0864837],[-36.3588737,-5.0864128],[-36.3594322,-5.0864719],[-36.3595921,-5.0864852],[-36.3597846,-5.0865063],[-36.3599525,-5.0865152],[-36.3601964,-5.0864846],[-36.360595,-5.0864566],[-36.3609956,-5.0864645],[-36.3613062,-5.0864801],[-36.3616443,-5.0865133],[-36.3620285,-5.086581],[-36.3623357,-5.0866065],[-36.3628263,-5.0866626],[-36.3632191,-5.0867335],[-36.3636296,-5.086844],[-36.3641799,-5.0869662],[-36.3647858,-5.0870878],[-36.3653186,-5.0871984],[-36.3659784,-5.0873322],[-36.3664855,-5.0874278],[-36.3668752,-5.0875366],[-36.3672185,-5.0877103],[-36.3674423,-5.0879259],[-36.3675441,-5.0881457],[-36.367599,-5.0883743],[-36.3675873,-5.0886715],[-36.3720513,-5.0891997],[-36.372286,-5.0890283],[-36.3725602,-5.088863],[-36.3729205,-5.0886593],[-36.3733554,-5.0884781],[-36.3747315,-5.0880682],[-36.376049,-5.0876747],[-36.377137,-5.0874408],[-36.3781719,-5.0872485],[-36.3785229,-5.087185],[-36.3789814,-5.0871867],[-36.3793285,-5.0872487],[-36.3801346,-5.0873985],[-36.3805834,-5.087555],[-36.3808456,-5.0876397],[-36.3811313,-5.08768],[-36.3817974,-5.0877156],[-36.3821971,-5.087696],[-36.3827478,-5.0876065],[-36.3830769,-5.0874819],[-36.3832638,-5.0873916],[-36.3834873,-5.0872607],[-36.3835562,-5.0872331],[-36.3836203,-5.0872616],[-36.3836696,-5.0873453],[-36.3837031,-5.0874575],[-36.3837913,-5.0875509],[-36.3839283,-5.0876185],[-36.3841283,-5.0876119],[-36.3844091,-5.0875589],[-36.3846046,-5.0875208],[-36.3855843,-5.0873302],[-36.3863817,-5.0872299],[-36.3866937,-5.0872071],[-36.3872298,-5.0871075],[-36.3881562,-5.0869113],[-36.389185,-5.086603],[-36.3906911,-5.0860869],[-36.3932732,-5.0851618],[-36.3954385,-5.0843839],[-36.3976239,-5.0836103],[-36.3996032,-5.0828907],[-36.4016042,-5.0819892],[-36.4030559,-5.0813814],[-36.4034949,-5.0811277],[-36.4037657,-5.0811004],[-36.404109,-5.081104],[-36.4044755,-5.0811283],[-36.4048915,-5.0810943],[-36.4061473,-5.0808996],[-36.4068217,-5.0806932],[-36.4305582,-5.1329099],[-36.4306441,-5.1330971],[-36.4305181,-5.1333344],[-36.3802635,-5.2280241],[-36.3801959,-5.2281515],[-36.3683028,-5.2505603],[-36.368249,-5.2506617],[-36.3681851,-5.2507817]]]},"properties":{"CD_MUN":"2404507","NM_MUN":"Guamaré","CD_RGI":"240011","NM_RGI":"Açu","CD_RGINT":"2403","NM_RGINT":"Mossoró","CD_UF":"24","NM_UF":"Rio Grande do Norte","SIGLA_UF":"RN","CD_REGIA":"2","NM_REGIA":"Nordeste","SIGLA_RG":"NE","CD_CONCU":"","NM_CONCU":"","AREA_KM2":258.307}},
{"type":"Feature","geometry":{"type":"Polygon","coordinates":[[[-38.4659796,-6.1214439],[-38.4586618,-6.1288649],[-38.4468494,-6.1408437],[-38.4431211,-6.1453248],[-38.4411231,-6.1477263],[-38.4327679,-6.1577688],[-38.4242071,-6.1680584],[-38.4145605,-6.1683071],[-38.4146491,-6.1756424],[-38.4142247,-6.1765936],[-38.41226,-6.1775729],[-38.4097653,-6.177149],[-38.4087999,-6.177873],[-38.4077593,-6.1769711],[-38.4063356,-6.1757372],[-38.4034854,-6.1751114],[-38.4013399,-6.1733206],[-38.3996401,-6.1731216],[-38.397622,-6.1739545],[-38.3964655,-6.1737891],[-38.3948998,-6.1715018],[-38.3934431,-6.1703744],[-38.39281,-6.1681528],[-38.3910866,-6.1648237],[-38.3896917,-6.1633509],[-38.3888435,-6.1630321],[-38.3870235,-6.1636202],[-38.3838049,-6.1663288],[-38.3811346,-6.1666049],[-38.3802875,-6.1674559],[-38.3794871,-6.1696684],[-38.3786347,-6.1703945],[-38.3777888,-6.1701464],[-38.3765708,-6.1688967],[-38.3747739,-6.1681419],[-38.3742839,-6.1677206],[-38.3740051,-6.1671945],[-38.3742384,-6.1639053],[-38.3723454,-6.1592693],[-38.3707716,-6.1574636],[-38.3659893,-6.153929],[-38.3618413,-6.1480502],[-38.361205,-6.1450594],[-38.3596867,-6.1403664],[-38.3583706,-6.1377699],[-38.3561146,-6.1340803],[-38.3516807,-6.1285011],[-38.3490575,-6.1234536],[-38.34873,-6.1227684],[-38.3453416,-6.0969699],[-38.3458641,-6.0891152],[-38.3395874,-6.0776915],[-38.3400082,-6.0765312],[-38.3400096,-6.0765275],[-38.3408378,-6.0732196],[-38.3415861,-6.0720595],[-38.3445392,-6.0699596],[-38.3453604,-6.0680776],[-38.3467495,-6.0672961],[-38.346783,-6.0672773],[-38.3480876,-6.0683298],[-38.348324,-6.0699614],[-38.3472562,-6.0769994],[-38.3473644,-6.0807016],[-38.3504233,-6.0832433],[-38.3543797,-6.0830669],[-38.354575,-6.0855025],[-38.3559126,-6.0863546],[-38.3610244,-6.0856801],[-38.3631297,-6.0876169],[-38.3652457,-6.0884594],[-38.3662104,-6.0882988],[-38.3662148,-6.0882981],[-38.3678231,-6.0875806],[-38.3713197,-6.084407],[-38.3725149,-6.0833211],[-38.3742568,-6.0811426],[-38.3748748,-6.0796374],[-38.37488,-6.0796247],[-38.3769515,-6.0794477],[-38.376982,-6.0794451],[-38.3780855,-6.0774572],[-38.3797731,-6.0733169],[-38.3796587,-6.072785],[-38.3797735,-6.0722936],[-38.3783623,-6.0668308],[-38.3797405,-6.0660196],[-38.3797675,-6.0660037],[-38.3841362,-6.0661547],[-38.3841569,-6.0661554],[-38.3856916,-6.0646792],[-38.3854632,-6.0624012],[-38.3838308,-6.059101],[-38.3818385,-6.0534703],[-38.3819553,-6.0527887],[-38.3829405,-6.0523509],[-38.3829771,-6.0523346],[-38.3856475,-6.0542704],[-38.3878621,-6.0541591],[-38.3904413,-6.0532981],[-38.392288,-6.0550357],[-38.3949926,-6.0554108],[-38.4015365,-6.053495],[-38.4022797,-6.0539771],[-38.403701,-6.056688],[-38.4048258,-6.0572628],[-38.4048456,-6.0572729],[-38.4048529,-6.0572766],[-38.404878,-6.0572895],[-38.4048842,-6.0572905],[-38.4098632,-6.0581083],[-38.4106136,-6.0590478],[-38.4120977,-6.0592546],[-38.4121149,-6.0592569],[-38.4131576,-6.0583465],[-38.4131871,-6.0583208],[-38.4161344,-6.0619685],[-38.4175255,-6.0629084],[-38.4198392,-6.0635807],[-38.4214846,-6.0657405],[-38.4242208,-6.066668],[-38.4259689,-6.0685646],[-38.4274361,-6.0693766],[-38.4282482,-6.0710483],[-38.4282473,-6.0710664],[-38.4281242,-6.0735413],[-38.4307047,-6.0746967],[-38.4312497,-6.0754927],[-38.4330571,-6.0781317],[-38.4346642,-6.0788632],[-38.437347,-6.0784482],[-38.4376473,-6.0788337],[-38.4398706,-6.0816876],[-38.443507,-6.0847041],[-38.4456506,-6.0854758],[-38.4473166,-6.0852777],[-38.4473087,-6.0852994],[-38.4457775,-6.0895414],[-38.4457413,-6.0895527],[-38.4439595,-6.0901095],[-38.4439557,-6.0901145],[-38.4434504,-6.0907638],[-38.4435688,-6.0937655],[-38.4432719,-6.0952833],[-38.4407712,-6.0968743],[-38.4420562,-6.0992967],[-38.4453103,-6.1023386],[-38.4501968,-6.1026851],[-38.4511615,-6.1036518],[-38.4515,-6.1067252],[-38.4534313,-6.1067267],[-38.4576708,-6.1080195],[-38.4590581,-6.1089378],[-38.4612457,-6.1113827],[-38.4620852,-6.112321],[-38.4659796,-6.1214439]]]},"properties":{"CD_MUN":"2403202","NM_MUN":"Doutor Severiano","CD_RGI":"240010","NM_RGI":"Pau dos Ferros","CD_RGINT":"2403","NM_RGINT":"Mossoró","CD_UF":"24","NM_UF":"Rio Grande do Norte","SIGLA_UF":"RN","CD_REGIA":"2","NM_REGIA":"Nordeste","SIGLA_RG":"NE","CD_CONCU":"","NM_CONCU":"","AREA_KM2":113.737}},
{"type":"Feature","geometry":{"type":"Polygon","coordinates":[[[-37.8639581,-6.1039804],[-37.8510147,-6.1111164],[-37.8375524,-6.1201116],[-37.8202425,-6.1379298],[-37.8194917,-6.1387027],[-37.8145096,-6.1438307],[-37.8133205,-6.143408],[-37.8125762,-6.1427799],[-37.8118329,-6.1424407],[-37.8102219,-6.1426235],[-37.8081054,-6.143807],[-37.807461,-6.1439509],[-37.8058714,-6.1434156],[-37.8049792,-6.1434149],[-37.8038366,-6.1436522],[-37.8033396,-6.1442311],[-37.8030394,-6.1450489],[-37.8018617,-6.1522345],[-37.8009533,-6.153688],[-37.8006664,-6.1521857],[-37.8000117,-6.1515837],[-37.7979773,-6.1510832],[-37.79736,-6.1505867],[-37.797217,-6.1494575],[-37.7981307,-6.1473377],[-37.8002772,-6.1456854],[-37.8018465,-6.1397102],[-37.8078962,-6.1356864],[-37.808432,-6.1347013],[-37.8083203,-6.1338115],[-37.8067813,-6.1324015],[-37.8067821,-6.1317638],[-37.8088164,-6.1305195],[-37.8093554,-6.127676],[-37.8098958,-6.1266267],[-37.8112347,-6.1255379],[-37.811129,-6.1244838],[-37.8102232,-6.1231723],[-37.811249,-6.1199434],[-37.8107696,-6.1176206],[-37.8107098,-6.1175866],[-37.8106786,-6.1175554],[-37.8106586,-6.1174315],[-37.8106462,-6.1173634],[-37.8106338,-6.1172767],[-37.8105905,-6.1171591],[-37.8105348,-6.1170662],[-37.8104605,-6.1169857],[-37.81038,-6.1169052],[-37.8102933,-6.1168309],[-37.810219,-6.1167071],[-37.8101819,-6.1166142],[-37.8101522,-6.1165697],[-37.8101076,-6.1165028],[-37.8100828,-6.1164099],[-37.8100209,-6.1162551],[-37.8100023,-6.1160632],[-37.8099466,-6.1159022],[-37.8099157,-6.1157908],[-37.8098599,-6.1156608],[-37.8097795,-6.1155493],[-37.809798,-6.1154255],[-37.809798,-6.1153698],[-37.8098228,-6.1152769],[-37.8098723,-6.1152026],[-37.8098723,-6.1151036],[-37.8099342,-6.1150045],[-37.8099838,-6.114924],[-37.8100519,-6.1148373],[-37.8101509,-6.1147568],[-37.81025,-6.1147073],[-37.8103552,-6.1146578],[-37.8101501,-6.1139828],[-37.8046273,-6.1078149],[-37.8040065,-6.1060837],[-37.8044371,-6.1039036],[-37.8069555,-6.1017786],[-37.8065487,-6.0996395],[-37.805921,-6.0985686],[-37.8044911,-6.0983384],[-37.8008093,-6.1007316],[-37.7981962,-6.1013555],[-37.7961552,-6.1011251],[-37.7935881,-6.0995804],[-37.7934732,-6.0965938],[-37.7924186,-6.0941559],[-37.7917668,-6.0933976],[-37.789102,-6.0921799],[-37.7890412,-6.090894],[-37.8098562,-6.0822576],[-37.8131036,-6.0806911],[-37.8133592,-6.0805053],[-37.8452088,-6.0573525],[-37.8458225,-6.0569063],[-37.8323788,-6.0822113],[-37.8412684,-6.0883377],[-37.8639581,-6.1039804]]]},"properties":{"CD_MUN":"2406908","NM_MUN":"Lucrécia","CD_RGI":"240010","NM_RGI":"Pau dos Ferros","CD_RGINT":"2403","NM_RGINT":"Mossoró","CD_UF":"24","NM_UF":"Rio Grande do Norte","SIGLA_UF":"RN","CD_REGIA":"2","NM_REGIA":"Nordeste","SIGLA_RG":"NE","CD_CONCU":"","NM_CONCU":"","AREA_KM2":30.931}},
{"type":"Feature","geometry":{"type":"Polygon","coordinates":[[[-35.0442889,-6.2838453],[-35.0451308,-6.2836048],[-35.0474175,-6.2823825],[-35.0505968,-6.2811109],[-35.0530853,-6.2805828],[-35.059741,-6.279906],[-35.0616743,-6.2790867],[-35.0636455,-6.2772817],[-35.0644472,-6.2761557],[-35.0665225,-6.274489],[-35.0704383,-6.2726161],[-35.0704707,-6.2726006],[-35.0711629,-6.2717669],[-35.0725864,-6.2685689],[-35.0734503,-6.2676167],[-35.0747103,-6.2664711],[-35.0756059,-6.2659276],[-35.0766828,-6.2658323],[-35.0776699,-6.265963],[-35.07899,-6.2665009],[-35.0818948,-6.267026],[-35.0843851,-6.2671722],[-35.0874408,-6.2680149],[-35.0882502,-6.2685962],[-35.0901171,-6.2689708],[-35.0914623,-6.269101],[-35.0940199,-6.2690451],[-35.0951851,-6.2688601],[-35.096696,-6.2690577],[-35.0988919,-6.2690487],[-35.1038988,-6.270311],[-35.1060167,-6.2720556],[-35.1067394,-6.2733105],[-35.1073995,-6.2757581],[-35.108477,-6.2764722],[-35.1099621,-6.2768278],[-35.1109046,-6.2768223],[-35.1118478,-6.2771345],[-35.1127041,-6.2776702],[-35.1141679,-6.2788149],[-35.1154327,-6.2810996],[-35.1167638,-6.281753],[-35.117895,-6.2842736],[-35.1174705,-6.2890493],[-35.116398,-6.2926035],[-35.1163272,-6.2959929],[-35.1168495,-6.298636],[-35.1189073,-6.3020994],[-35.1188533,-6.3032646],[-35.1187847,-6.3047453],[-35.1174387,-6.333804],[-35.084469,-6.3399342],[-35.0826349,-6.3384004],[-35.0783791,-6.3378162],[-35.0734329,-6.3355422],[-35.0707969,-6.3352201],[-35.0652814,-6.3303252],[-35.0620043,-6.3283735],[-35.0606392,-6.3278311],[-35.0572841,-6.3276816],[-35.0554957,-6.3269752],[-35.0698134,-6.3162872],[-35.0594645,-6.3171589],[-35.0606076,-6.3030327],[-35.0634095,-6.2978734],[-35.0628032,-6.2974998],[-35.0612442,-6.2981001],[-35.059547,-6.2979748],[-35.058083,-6.2969126],[-35.0564567,-6.2979079],[-35.0551674,-6.2980437],[-35.0538739,-6.2972577],[-35.0524504,-6.2977905],[-35.0508883,-6.2975333],[-35.0495262,-6.2962858],[-35.046911,-6.2964275],[-35.0462226,-6.294122],[-35.0470087,-6.2866025],[-35.0442889,-6.2838453]]]},"properties":{"CD_MUN":"2415008","NM_MUN":"Vila Flor","CD_RGI":"240003","NM_RGI":"Canguaretama","CD_RGINT":"2401","NM_RGINT":"Natal","CD_UF":"24","NM_UF":"Rio Grande do Norte","SIGLA_UF":"RN","CD_REGIA":"2","NM_REGIA":"Nordeste","SIGLA_RG":"NE","CD_CONCU":"","NM_CONCU":"","AREA_KM2":47.656}},
{"type":"Feature","geometry":{"type":"Polygon","coordinates":[[[-37.156923,-6.1524882],[-37.1613391,-6.1575279],[-37.1624195,-6.1598637],[-37.1634534,-6.1661683],[-37.1656835,-6.1703745],[-37.174221,-6.1801036],[-37.1809074,-6.1809224],[-37.1885074,-6.1806663],[-37.1929439,-6.1830798],[-37.1935238,-6.1842531],[-37.1935209,-6.1958525],[-37.1942385,-6.1982471],[-37.1977686,-6.2024646],[-37.1996754,-6.2040846],[-37.2015813,-6.205704],[-37.2126799,-6.2089304],[-37.2336032,-6.2131438],[-37.2341453,-6.2132529],[-37.2342715,-6.2132783],[-37.240731,-6.218884],[-37.2450681,-6.2205663],[-37.2515274,-6.2264583],[-37.259452,-6.2377864],[-37.2648241,-6.2435757],[-37.2705525,-6.2517144],[-37.2730128,-6.2631523],[-37.2734977,-6.2698242],[-37.2728639,-6.274896],[-37.2731386,-6.2799722],[-37.2747265,-6.2814261],[-37.2786666,-6.2824557],[-37.2868492,-6.2822656],[-37.30101,-6.2796284],[-37.3042003,-6.2782625],[-37.3064581,-6.2780651],[-37.3097759,-6.2777751],[-37.3150945,-6.2781522],[-37.3169756,-6.2786655],[-37.3183254,-6.279528],[-37.3185236,-6.2796547],[-37.3199389,-6.2805592],[-37.3214502,-6.2828122],[-37.3281923,-6.303204],[-37.3304244,-6.3063276],[-37.333958,-6.30834],[-37.3348021,-6.3088208],[-37.3430405,-6.312096],[-37.3511056,-6.3143692],[-37.3549737,-6.3173497],[-37.3633533,-6.3221656],[-37.3665279,-6.3255827],[-37.3668119,-6.3273967],[-37.3705965,-6.3325555],[-37.3719617,-6.3365467],[-37.3773288,-6.3443926],[-37.3781181,-6.3470064],[-37.3778468,-6.3504386],[-37.3778123,-6.3508769],[-37.3763169,-6.3557719],[-37.377541,-6.3693321],[-37.3819608,-6.3730081],[-37.3820012,-6.3730417],[-37.3824459,-6.3734115],[-37.3824487,-6.3734148],[-37.3885489,-6.3797339],[-37.388214,-6.3872225],[-37.3884518,-6.3895138],[-37.388831,-6.3909793],[-37.3936025,-6.3970045],[-37.3961239,-6.4011441],[-37.3971612,-6.4050631],[-37.3954812,-6.4099],[-37.3976699,-6.4162858],[-37.397595,-6.4171924],[-37.39752,-6.4180988],[-37.3957741,-6.4201223],[-37.3890643,-6.4237268],[-37.3865951,-6.4260377],[-37.3855716,-6.4285746],[-37.3851544,-6.4316154],[-37.3843534,-6.4327697],[-37.3827862,-6.4336048],[-37.3816795,-6.4351352],[-37.3815152,-6.4358802],[-37.3814943,-6.4359753],[-37.3813126,-6.4367989],[-37.3812466,-6.4370965],[-37.3805415,-6.4373072],[-37.3184792,-6.4546691],[-37.2888114,-6.4287287],[-37.2608993,-6.4043234],[-37.2195321,-6.3680871],[-37.2193792,-6.3615894],[-37.2186586,-6.3309684],[-37.2183852,-6.3194211],[-37.2173209,-6.274832],[-37.2166198,-6.2454625],[-37.2214197,-6.2341079],[-37.2199109,-6.2306448],[-37.2162852,-6.2272544],[-37.2086447,-6.2257094],[-37.2070794,-6.2248347],[-37.2045869,-6.2227917],[-37.1997,-6.2187862],[-37.1930473,-6.2122717],[-37.1923181,-6.2117905],[-37.1879706,-6.2095169],[-37.1830944,-6.2097032],[-37.1812864,-6.2095362],[-37.1791587,-6.2087201],[-37.1750934,-6.2064439],[-37.1743701,-6.2029562],[-37.1738594,-6.202231],[-37.1721504,-6.2018294],[-37.1688327,-6.2010491],[-37.1648167,-6.20156],[-37.163003,-6.2013452],[-37.1589396,-6.19843],[-37.1578531,-6.1964582],[-37.1551896,-6.1938607],[-37.1544231,-6.1928867],[-37.1542384,-6.1923406],[-37.1546816,-6.1905595],[-37.1542272,-6.1892176],[-37.1506632,-6.1849865],[-37.148442,-6.1842129],[-37.1446985,-6.1836306],[-37.1407196,-6.1809518],[-37.1391714,-6.1790538],[-37.133196,-6.175448],[-37.1331629,-6.1745762],[-37.1366826,-6.1716171],[-37.1372288,-6.1707481],[-37.1370151,-6.1698414],[-37.1353053,-6.1672976],[-37.1296802,-6.1613099],[-37.1281924,-6.1580784],[-37.1266757,-6.1568772],[-37.1302672,-6.156012],[-37.1329634,-6.1541822],[-37.1403861,-6.1523566],[-37.1434117,-6.1508479],[-37.1456207,-6.1506007],[-37.1515487,-6.1523612],[-37.1553316,-6.1520827],[-37.156923,-6.1524882]]]},"properties":{"CD_MUN":"2405603","NM_MUN":"Jardim de Piranhas","CD_RGI":"240007","NM_RGI":"Caicó","CD_RGINT":"2402","NM_RGINT":"Caicó","CD_UF":"24","NM_UF":"Rio Grande do Norte","SIGLA_UF":"RN","CD_REGIA":"2","NM_REGIA":"Nordeste","SIGLA_RG":"NE","CD_CONCU":"","NM_CONCU":"","AREA_KM2":330.53}},
{"type":"Feature","geometry":{"type":"Polygon","coordinates":[[[-37.9809908,-6.0755549],[-37.9803631,-6.0744102],[-37.9795049,-6.0736238],[-37.9789643,-6.0728526],[-37.9787178,-6.0719217],[-37.9787186,-6.0711519],[-37.9789693,-6.0704215],[-37.9780991,-6.0696444],[-37.978222,-6.0691977],[-37.9780157,-6.06855],[-37.9767527,-6.0682676],[-37.9756376,-6.0683534],[-37.9749578,-6.0680911],[-37.9741316,-6.0671132],[-37.9724159,-6.0658444],[-37.9719147,-6.0651745],[-37.9715896,-6.0643328],[-37.9715043,-6.0624034],[-37.9708565,-6.0595638],[-37.969862,-6.0582912],[-37.9690041,-6.0578227],[-37.9679081,-6.0567101],[-37.9648505,-6.0549017],[-37.9641297,-6.053933],[-37.9632859,-6.053208],[-37.9622096,-6.0511452],[-37.9620861,-6.0497599],[-37.9622553,-6.0488269],[-37.9622581,-6.0472989],[-37.9617612,-6.0462496],[-37.9594849,-6.043794],[-37.9590736,-6.0431676],[-37.9587116,-6.0414525],[-37.9576821,-6.0402905],[-37.9569561,-6.0397623],[-37.9563423,-6.0386922],[-37.9562145,-6.0363395],[-37.9554727,-6.0333434],[-37.9552606,-6.0303962],[-37.9544159,-6.0295521],[-37.9656118,-6.0090229],[-37.9669572,-6.0090896],[-37.9677266,-6.0095258],[-37.9682349,-6.0116456],[-37.9687562,-6.0125214],[-37.9712453,-6.0129592],[-37.9715656,-6.0133661],[-37.9715016,-6.014114],[-37.972013,-6.0149252],[-37.972911,-6.0151761],[-37.9737431,-6.0160512],[-37.975195,-6.0171737],[-37.9763715,-6.0171146],[-37.9766908,-6.0168032],[-37.9766939,-6.0164297],[-37.9770133,-6.0160565],[-37.9778472,-6.0160905],[-37.9802765,-6.0167147],[-37.9816955,-6.0162828],[-37.9838779,-6.0152281],[-37.9851623,-6.0148559],[-37.9874701,-6.0148288],[-37.9915058,-6.0158213],[-37.9891455,-6.0102504],[-37.9878026,-6.0082044],[-37.9875467,-6.0074553],[-37.9879984,-6.0066469],[-37.9879356,-6.0061479],[-37.987038,-6.0055844],[-37.9866562,-6.0051479],[-37.9855081,-6.0027827],[-37.9850568,-6.0024042],[-37.9832607,-6.0022422],[-37.9826828,-6.001868],[-37.9771195,-5.9941636],[-37.9785334,-5.9924828],[-37.9793056,-5.9908039],[-37.9794364,-5.9890878],[-37.979182,-5.9876535],[-37.9787365,-5.9867188],[-37.9772633,-5.9850961],[-37.973163,-5.9820648],[-37.9731664,-5.9813161],[-37.9736811,-5.9806322],[-37.974643,-5.9801342],[-37.9758621,-5.9798262],[-37.976826,-5.9790748],[-37.9783743,-5.9741263],[-37.9785696,-5.9728178],[-37.9791476,-5.9720103],[-37.9793108,-5.9708707],[-37.9804679,-5.9689108],[-37.9811415,-5.9683193],[-37.9817525,-5.9680709],[-37.9824255,-5.9681672],[-37.9828098,-5.9684906],[-37.9831942,-5.9701758],[-37.9831257,-5.9711117],[-37.9827413,-5.9715485],[-37.9827373,-5.9719856],[-37.98335,-5.9729841],[-37.9855592,-5.9755887],[-37.9876767,-5.9771223],[-37.9897953,-5.9782511],[-37.9915306,-5.9787535],[-37.9931994,-5.9787559],[-37.9941669,-5.9779462],[-37.9951986,-5.9760427],[-37.9950754,-5.972172],[-37.9952713,-5.9712979],[-37.9961073,-5.9710497],[-37.9982295,-5.9712397],[-37.9983534,-5.972269],[-37.9987388,-5.9726465],[-38.000216,-5.9727113],[-38.0050368,-5.9721575],[-38.0061926,-5.9718476],[-38.0068397,-5.9705986],[-38.0072329,-5.9658861],[-38.007557,-5.9639487],[-38.0087159,-5.9632008],[-38.0101319,-5.9628921],[-38.0114147,-5.9632057],[-38.0133412,-5.9641148],[-38.0139819,-5.9650532],[-38.0138497,-5.9666137],[-38.0130135,-5.9682998],[-38.011208,-5.9709194],[-38.009147,-5.9731017],[-38.006445,-5.9747521],[-38.0052893,-5.9748129],[-38.0045816,-5.975124],[-38.0041953,-5.975748],[-38.0044486,-5.9774341],[-38.0043187,-5.9782456],[-38.0038669,-5.9793694],[-38.0020628,-5.9822074],[-38.00224,-5.9828373],[-38.0022564,-5.9828956],[-38.0032174,-5.9832726],[-38.0055327,-5.9818388],[-38.0067583,-5.9803431],[-38.0073369,-5.9799073],[-38.0079773,-5.9801264],[-38.0081059,-5.9807527],[-38.007526,-5.9816247],[-38.0078456,-5.9820613],[-38.008553,-5.9820629],[-38.008977,-5.9817132],[-38.0102899,-5.9806302],[-38.0111276,-5.9805683],[-38.0113831,-5.9808193],[-38.0109936,-5.9830039],[-38.0111866,-5.9834099],[-38.012215,-5.9831636],[-38.0139505,-5.9824162],[-38.0154946,-5.9813587],[-38.0160098,-5.9801094],[-38.0153111,-5.9760489],[-38.015635,-5.9755798],[-38.0163407,-5.9755186],[-38.0225062,-5.9877335],[-38.0234028,-5.9890276],[-38.0262874,-5.991049],[-38.0282838,-5.9922932],[-38.0283668,-5.992345],[-38.0272534,-5.994289],[-38.0273892,-5.9954007],[-38.0296068,-5.9965177],[-38.03155,-5.9970765],[-38.0357098,-5.9971524],[-38.036819,-5.9977122],[-38.0375098,-5.9992427],[-38.0373682,-6.0003536],[-38.0352816,-6.0036875],[-38.0402775,-6.0025153],[-38.0412515,-6.0025174],[-38.0433285,-6.0051975],[-38.0434596,-6.0082192],[-38.0497026,-6.0067719],[-38.0508274,-6.0059324],[-38.0535909,-6.0046233],[-38.0578885,-6.0060201],[-38.0601394,-6.0061407],[-38.0619136,-6.004917],[-38.0617781,-6.0032477],[-38.0608118,-6.0002571],[-38.0592883,-5.9988633],[-38.0592907,-5.997751],[-38.0602622,-5.9974751],[-38.0615091,-5.9974778],[-38.0626199,-5.9969236],[-38.0641461,-5.9971354],[-38.0645622,-5.9979693],[-38.0642816,-5.999776],[-38.0670475,-6.0038127],[-38.0674626,-6.0046484],[-38.0671809,-6.0079133],[-38.0689815,-6.0091686],[-38.0703674,-6.0094479],[-38.0717553,-6.0094503],[-38.0732797,-6.010149],[-38.0770198,-6.0127272],[-38.0784054,-6.0145345],[-38.0867294,-6.0149677],[-38.0796776,-6.0195342],[-38.0776303,-6.0211545],[-38.0766882,-6.0226238],[-38.0761946,-6.0240212],[-38.0756491,-6.0244954],[-38.0741235,-6.024652],[-38.0736855,-6.0251284],[-38.0733021,-6.026345],[-38.0727029,-6.0267681],[-38.0717205,-6.0271368],[-38.071403,-6.0279921],[-38.0730585,-6.029686],[-38.073624,-6.0307769],[-38.074055,-6.0326211],[-38.0745438,-6.0332577],[-38.0755789,-6.033577],[-38.078794,-6.0335821],[-38.0810267,-6.0341677],[-38.0830953,-6.0353115],[-38.0845629,-6.0372712],[-38.0851617,-6.0384903],[-38.0852674,-6.03955],[-38.0849902,-6.0422873],[-38.0840604,-6.0442439],[-38.0831826,-6.0472378],[-38.0820355,-6.0497763],[-38.0808352,-6.0507783],[-38.0795268,-6.0512536],[-38.0785459,-6.0509349],[-38.0780567,-6.0497415],[-38.0786632,-6.0491044],[-38.0802385,-6.048316],[-38.0805114,-6.0476233],[-38.0799169,-6.0461447],[-38.0800302,-6.0440815],[-38.0794323,-6.0425958],[-38.0795978,-6.0415647],[-38.0800344,-6.0407171],[-38.0787271,-6.0401323],[-38.077908,-6.0393295],[-38.0768808,-6.0368456],[-38.0762841,-6.0358914],[-38.075902,-6.0357326],[-38.0756299,-6.03613],[-38.0759542,-6.0374006],[-38.0757335,-6.038884],[-38.0759483,-6.0403118],[-38.0763816,-6.041744],[-38.0759993,-6.0428013],[-38.0739278,-6.0433805],[-38.068478,-6.0442442],[-38.0632485,-6.0440268],[-38.0621015,-6.0443926],[-38.0598143,-6.0443628],[-38.0590514,-6.0440965],[-38.0555646,-6.0437184],[-38.0543652,-6.0445651],[-38.0542018,-6.0452522],[-38.0545791,-6.0467105],[-38.0578986,-6.0494429],[-38.0602843,-6.0559068],[-38.0610417,-6.0586086],[-38.061586,-6.0593522],[-38.0618006,-6.061469],[-38.0629977,-6.0625308],[-38.0651748,-6.0639113],[-38.0675722,-6.064339],[-38.0690953,-6.0653482],[-38.0700723,-6.0667262],[-38.0700706,-6.0681016],[-38.0680996,-6.0728989],[-38.0679851,-6.0760953],[-38.0673336,-6.0760942],[-38.0658087,-6.0755622],[-38.0609043,-6.0757654],[-38.0603601,-6.0748118],[-38.0598204,-6.0722685],[-38.0593861,-6.0716856],[-38.055028,-6.070406],[-38.0535056,-6.0693446],[-38.0521984,-6.0678598],[-38.0505653,-6.0669032],[-38.0476245,-6.0666351],[-38.046643,-6.067055],[-38.0466418,-6.0679042],[-38.0464226,-6.0682185],[-38.0455524,-6.0677958],[-38.0440295,-6.0656743],[-38.041419,-6.0630229],[-38.0390278,-6.0609526],[-38.0376096,-6.0604211],[-38.0355381,-6.0600985],[-38.0333598,-6.0599888],[-38.0329241,-6.0602011],[-38.0331398,-6.0619484],[-38.0319826,-6.0642679],[-38.0317437,-6.0647468],[-38.0316085,-6.0650178],[-38.030408,-6.0662859],[-38.030297,-6.0670265],[-38.0311642,-6.0694638],[-38.031162,-6.0707345],[-38.0298481,-6.07354],[-38.029738,-6.0744915],[-38.0272236,-6.0788306],[-38.0260202,-6.0814737],[-38.0252531,-6.0838548],[-38.0237248,-6.0850184],[-38.0189206,-6.0871285],[-38.0165316,-6.0877049],[-38.0152181,-6.0883398],[-38.0138432,-6.0885039],[-38.0134748,-6.0885479],[-38.0105328,-6.0884361],[-38.0099847,-6.0892826],[-38.0096552,-6.0905517],[-38.0088905,-6.0921924],[-38.0088648,-6.0933064],[-38.0100967,-6.0943144],[-38.0104395,-6.095081],[-38.0104392,-6.0958953],[-38.0096989,-6.0963732],[-38.0088087,-6.0963722],[-38.0009429,-6.0904859],[-37.9964602,-6.0871313],[-37.9809908,-6.0755549]]]},"properties":{"CD_MUN":"2410207","NM_MUN":"Portalegre","CD_RGI":"240010","NM_RGI":"Pau dos Ferros","CD_RGINT":"2403","NM_RGINT":"Mossoró","CD_UF":"24","NM_UF":"Rio Grande do Norte","SIGLA_UF":"RN","CD_REGIA":"2","NM_REGIA":"Nordeste","SIGLA_RG":"NE","CD_CONCU":"","NM_CONCU":"","AREA_KM2":110.054}},
{"type":"Feature","geometry":{"type":"Polygon","coordinates":[[[-35.2960851,-5.9582385],[-35.2959157,-5.9582308],[-35.2951362,-5.958195],[-35.2919978,-5.958051],[-35.2895611,-5.957706],[-35.2875006,-5.9575342],[-35.2867336,-5.9574702],[-35.2839061,-5.9572344],[-35.2812197,-5.9574088],[-35.2788355,-5.9577219],[-35.2784106,-5.9579469],[-35.2740227,-5.9602702],[-35.2706791,-5.9612741],[-35.2674357,-5.96147],[-35.2673907,-5.9614727],[-35.2658285,-5.9615672],[-35.2657908,-5.9615695],[-35.2657783,-5.9615703],[-35.2657531,-5.9615718],[-35.2657031,-5.9615748],[-35.2656538,-5.9615778],[-35.2656073,-5.9615806],[-35.2655526,-5.9615839],[-35.2653497,-5.9615962],[-35.2651461,-5.9616085],[-35.2651226,-5.9616099],[-35.2649538,-5.9616201],[-35.2647943,-5.9616298],[-35.2604554,-5.9618922],[-35.2575217,-5.9618225],[-35.2516281,-5.962058],[-35.2509857,-5.9620837],[-35.2506406,-5.9620975],[-35.2502809,-5.9617551],[-35.2498822,-5.9613755],[-35.2495911,-5.9601772],[-35.2490925,-5.9592455],[-35.2474978,-5.957768],[-35.24624,-5.9541644],[-35.2444027,-5.9518805],[-35.2429664,-5.951121],[-35.2414561,-5.9510982],[-35.2402352,-5.949041],[-35.2395705,-5.9486924],[-35.2373333,-5.9480963],[-35.2372814,-5.9480615],[-35.2367152,-5.9476813],[-35.2364787,-5.9473786],[-35.2363976,-5.9472746],[-35.2358755,-5.9466063],[-35.2342941,-5.9463999],[-35.2327963,-5.945976],[-35.2320429,-5.9456074],[-35.2295451,-5.943396],[-35.2257065,-5.9414898],[-35.2247082,-5.9411968],[-35.2207948,-5.9386134],[-35.2182973,-5.9377023],[-35.2167959,-5.9374368],[-35.2148422,-5.9366848],[-35.2130942,-5.9352554],[-35.2120436,-5.9347518],[-35.2108003,-5.9344625],[-35.2092364,-5.9340987],[-35.2059508,-5.9338159],[-35.2040499,-5.9334943],[-35.1889009,-5.9365372],[-35.1827162,-5.9377796],[-35.1814664,-5.9390557],[-35.1813476,-5.9391771],[-35.1756283,-5.9470549],[-35.1748875,-5.9475632],[-35.165889,-5.9518834],[-35.1630548,-5.953244],[-35.1621239,-5.9536909],[-35.1614316,-5.9540233],[-35.1604864,-5.9544771],[-35.1604538,-5.9544927],[-35.1593203,-5.9560441],[-35.1591577,-5.9562666],[-35.1548146,-5.9610896],[-35.1546635,-5.9612575],[-35.1514921,-5.9644339],[-35.1459436,-5.9687675],[-35.1421703,-5.9717145],[-35.1394204,-5.9742057],[-35.1330874,-5.9792677],[-35.1304223,-5.9815687],[-35.1297866,-5.9821204],[-35.1283344,-5.9821952],[-35.1272478,-5.9836486],[-35.1269983,-5.9839824],[-35.1260781,-5.984249],[-35.1250597,-5.9845441],[-35.1237569,-5.9846975],[-35.1235299,-5.984721],[-35.1226983,-5.9846582],[-35.1221732,-5.9837348],[-35.1218764,-5.9832129],[-35.1218527,-5.9831711],[-35.1218354,-5.9831425],[-35.1217168,-5.9829457],[-35.1209786,-5.9817212],[-35.1212282,-5.9809466],[-35.1213058,-5.9807058],[-35.1212579,-5.9806554],[-35.1210618,-5.9804489],[-35.1209621,-5.9801378],[-35.1208714,-5.9797719],[-35.1209379,-5.9793983],[-35.1213468,-5.9786064],[-35.1219909,-5.97757],[-35.1225944,-5.9766019],[-35.1236077,-5.9748306],[-35.1240667,-5.9737806],[-35.1249856,-5.9722596],[-35.1258091,-5.9710884],[-35.1262633,-5.9704426],[-35.1277994,-5.9686775],[-35.1283301,-5.9680749],[-35.1285985,-5.9676911],[-35.1286137,-5.9674976],[-35.1288656,-5.967219],[-35.1291453,-5.967069],[-35.1295221,-5.9670153],[-35.1300001,-5.9669988],[-35.1306899,-5.9668555],[-35.1315619,-5.9662944],[-35.1318907,-5.9659646],[-35.1321458,-5.9657089],[-35.1327337,-5.9651194],[-35.1331178,-5.9646757],[-35.1334128,-5.9645701],[-35.1337828,-5.9646023],[-35.1341382,-5.9646864],[-35.1343177,-5.9649113],[-35.1344426,-5.9651868],[-35.1345878,-5.9654051],[-35.1347061,-5.9656142],[-35.1348678,-5.9657045],[-35.1352862,-5.9657341],[-35.1357808,-5.9656527],[-35.1360614,-5.9656039],[-35.1363139,-5.9655796],[-35.1365371,-5.9657072],[-35.1366907,-5.9658982],[-35.1368168,-5.966034],[-35.1369256,-5.9661788],[-35.137012,-5.9663684],[-35.1371168,-5.9664701],[-35.137299,-5.9664943],[-35.1378032,-5.9663901],[-35.138502,-5.9661777],[-35.1392486,-5.965768],[-35.1396188,-5.9654889],[-35.140352,-5.9650463],[-35.1408894,-5.9648006],[-35.1412297,-5.9646439],[-35.1414206,-5.9645847],[-35.141752,-5.9646202],[-35.1419595,-5.964672],[-35.1421528,-5.9647755],[-35.142434,-5.9648331],[-35.1430161,-5.9647323],[-35.1434492,-5.9643885],[-35.1436084,-5.964262],[-35.1452021,-5.9628755],[-35.1462226,-5.9617775],[-35.1475397,-5.9601908],[-35.1488969,-5.9581552],[-35.1495201,-5.9569341],[-35.150128,-5.9557431],[-35.1509603,-5.95375],[-35.1516465,-5.9516026],[-35.1522957,-5.9495098],[-35.1529458,-5.9471051],[-35.1529697,-5.9470168],[-35.153353,-5.9445597],[-35.1537632,-5.9418921],[-35.1541696,-5.9387678],[-35.1542325,-5.9373503],[-35.1542583,-5.9367707],[-35.1544175,-5.933867],[-35.1542474,-5.9327119],[-35.1543216,-5.9319654],[-35.1542289,-5.930345],[-35.1542497,-5.9290121],[-35.1542631,-5.928925],[-35.1542842,-5.9288292],[-35.1542753,-5.9287316],[-35.1542972,-5.9286386],[-35.1543449,-5.9285632],[-35.1544162,-5.9284871],[-35.154493,-5.9284245],[-35.1545585,-5.9283693],[-35.1546342,-5.9282914],[-35.1547479,-5.928096],[-35.1548094,-5.9279673],[-35.1548629,-5.9278412],[-35.1548864,-5.9277292],[-35.1548791,-5.9276658],[-35.1548639,-5.9275911],[-35.1548978,-5.9275026],[-35.1549831,-5.9274332],[-35.155061,-5.9273686],[-35.155116,-5.9272958],[-35.1551207,-5.9272231],[-35.1551224,-5.9271962],[-35.1551892,-5.9271197],[-35.1552673,-5.9270502],[-35.1553974,-5.927053],[-35.1555641,-5.9269228],[-35.1556511,-5.9267691],[-35.1557187,-5.9266953],[-35.1558569,-5.9266319],[-35.1559332,-5.9265537],[-35.1560338,-5.9264879],[-35.1561087,-5.9263655],[-35.1561508,-5.9262372],[-35.1561857,-5.9261589],[-35.1562628,-5.9260782],[-35.1563405,-5.9260402],[-35.1564699,-5.9259119],[-35.1566067,-5.9250215],[-35.156797,-5.9239034],[-35.1569676,-5.9218369],[-35.1569662,-5.9195363],[-35.1569659,-5.9189746],[-35.1568002,-5.9170678],[-35.1567185,-5.9161284],[-35.1565424,-5.9156328],[-35.1564256,-5.9151824],[-35.1563062,-5.914338],[-35.1563027,-5.9137048],[-35.1562631,-5.9116807],[-35.1561084,-5.9096311],[-35.1558602,-5.9074773],[-35.1556757,-5.9060813],[-35.1554602,-5.904451],[-35.1551396,-5.9028505],[-35.1551114,-5.9027093],[-35.1548845,-5.9017447],[-35.1547891,-5.9011573],[-35.1547244,-5.900578],[-35.1545102,-5.8998238],[-35.1541078,-5.8979345],[-35.1541066,-5.8978341],[-35.1551191,-5.8979242],[-35.1568463,-5.8980779],[-35.1758995,-5.8997911],[-35.1761953,-5.8998177],[-35.1791352,-5.8976887],[-35.1889165,-5.8906054],[-35.1924101,-5.8880755],[-35.1936271,-5.8871942],[-35.1960885,-5.8852479],[-35.1962799,-5.8850965],[-35.1966436,-5.8848089],[-35.197172,-5.8843911],[-35.1982159,-5.8835656],[-35.1984053,-5.8834158],[-35.2006544,-5.8816374],[-35.2006872,-5.8816114],[-35.2007547,-5.8815581],[-35.2009227,-5.8814306],[-35.2010124,-5.8813625],[-35.2010274,-5.8813511],[-35.2024484,-5.8803001],[-35.2027219,-5.8800977],[-35.2027917,-5.8800461],[-35.2033002,-5.879676],[-35.2045208,-5.8787875],[-35.2045586,-5.8787567],[-35.2045965,-5.8787258],[-35.2046339,-5.8786953],[-35.2050636,-5.8782944],[-35.2050729,-5.8782857],[-35.2053009,-5.8781202],[-35.2063485,-5.87736],[-35.2063746,-5.8773411],[-35.2064093,-5.8773159],[-35.2068018,-5.8770152],[-35.2069488,-5.8769027],[-35.2081688,-5.8759681],[-35.2083096,-5.8758602],[-35.209174,-5.8751849],[-35.2093397,-5.8755163],[-35.209415,-5.8756533],[-35.2094868,-5.8757607],[-35.2103324,-5.875324],[-35.2118446,-5.8745432],[-35.2123576,-5.8742783],[-35.2117661,-5.8731272],[-35.2114866,-5.8725834],[-35.211378,-5.8723722],[-35.2113406,-5.8722886],[-35.2114646,-5.8722276],[-35.2115041,-5.8722081],[-35.2116684,-5.8721717],[-35.2116818,-5.8721687],[-35.2118206,-5.8721718],[-35.2118387,-5.8721722],[-35.2119462,-5.8721934],[-35.2121533,-5.8721846],[-35.2130803,-5.8716311],[-35.2131112,-5.8716126],[-35.2135726,-5.8713896],[-35.2140737,-5.8711475],[-35.2145926,-5.8708968],[-35.2151115,-5.8706462],[-35.2149618,-5.8703353],[-35.2162278,-5.8695373],[-35.2163267,-5.8695044],[-35.2165425,-5.8694325],[-35.2179354,-5.8685737],[-35.2181948,-5.8691096],[-35.2185912,-5.8699624],[-35.2189759,-5.87087],[-35.2195278,-5.8720685],[-35.2197783,-5.8723939],[-35.2197838,-5.8724011],[-35.2206768,-5.8735654],[-35.221524,-5.8747776],[-35.2232698,-5.8771098],[-35.2236343,-5.8776061],[-35.2239988,-5.8781024],[-35.2240522,-5.8782525],[-35.2248825,-5.880586],[-35.2250628,-5.8810928],[-35.225092,-5.8810694],[-35.2254094,-5.880815],[-35.2254651,-5.8807704],[-35.2260284,-5.8803189],[-35.2269585,-5.8790262],[-35.2276419,-5.878077],[-35.227927,-5.8776811],[-35.2283293,-5.8773443],[-35.2290912,-5.8767064],[-35.2299145,-5.8766092],[-35.2310845,-5.8764711],[-35.2314543,-5.876269],[-35.231824,-5.8760669],[-35.2324399,-5.8755656],[-35.2346507,-5.8737663],[-35.2359143,-5.8727377],[-35.236791,-5.8715049],[-35.2376665,-5.8694146],[-35.2395404,-5.8679807],[-35.2413616,-5.8662981],[-35.2428632,-5.864911],[-35.2434035,-5.8646232],[-35.2445994,-5.8645052],[-35.245993,-5.8641268],[-35.2464205,-5.8638671],[-35.2474163,-5.8637777],[-35.2482452,-5.8639752],[-35.2493016,-5.8646554],[-35.250785,-5.8653082],[-35.2520122,-5.8656443],[-35.2535518,-5.8657697],[-35.254035,-5.8658093],[-35.2543003,-5.8655788],[-35.2543865,-5.8653756],[-35.2556576,-5.8646509],[-35.2556709,-5.8646433],[-35.2556799,-5.8646382],[-35.2556836,-5.8646273],[-35.256046,-5.8640613],[-35.2565354,-5.863721],[-35.2573715,-5.8631409],[-35.2575566,-5.8630123],[-35.2577045,-5.8629097],[-35.2577108,-5.8629053],[-35.257919,-5.8627607],[-35.2579558,-5.8627352],[-35.2581108,-5.8625835],[-35.2583407,-5.8623585],[-35.2585899,-5.8621145],[-35.2585938,-5.8621107],[-35.2586909,-5.8620157],[-35.2589791,-5.8617335],[-35.2596823,-5.8610452],[-35.2600537,-5.8606815],[-35.2600751,-5.8606606],[-35.2606809,-5.8600676],[-35.2612455,-5.8594903],[-35.2612827,-5.8594567],[-35.2618787,-5.8589177],[-35.262201,-5.8586263],[-35.2625657,-5.8583379],[-35.2625706,-5.858334],[-35.2644572,-5.8568422],[-35.2648815,-5.8566849],[-35.2653042,-5.8563745],[-35.265306,-5.8563742],[-35.2658925,-5.8562609],[-35.2667548,-5.8560941],[-35.2672521,-5.8560183],[-35.2680592,-5.8558601],[-35.2685215,-5.8558206],[-35.2689119,-5.8558181],[-35.2700994,-5.8558106],[-35.2703658,-5.8557859],[-35.2710605,-5.8557535],[-35.2723063,-5.8555217],[-35.2729214,-5.8552598],[-35.273401,-5.8551717],[-35.2736797,-5.8551168],[-35.2741778,-5.8550187],[-35.2741812,-5.8550181],[-35.2742253,-5.8550093],[-35.2747027,-5.8549144],[-35.2764961,-5.8545578],[-35.276498,-5.8545575],[-35.27664,-5.854531],[-35.2773553,-5.8543979],[-35.2773602,-5.854397],[-35.2783511,-5.854204],[-35.2788121,-5.8539028],[-35.2790623,-5.8535373],[-35.2790642,-5.8535346],[-35.2794226,-5.8530956],[-35.2795918,-5.8526842],[-35.279916,-5.8523451],[-35.2802385,-5.8520586],[-35.2802407,-5.8520567],[-35.2808719,-5.8517037],[-35.2808771,-5.8516988],[-35.2811072,-5.8514821],[-35.2811137,-5.8514772],[-35.2813918,-5.8512645],[-35.2813948,-5.851261],[-35.2816375,-5.8509726],[-35.2816424,-5.8509682],[-35.2819938,-5.8506542],[-35.2819994,-5.8506492],[-35.2822068,-5.8502332],[-35.2823105,-5.8500252],[-35.2824141,-5.8498172],[-35.2845244,-5.8663655],[-35.2860513,-5.8783391],[-35.2862262,-5.8797106],[-35.2866491,-5.883243],[-35.2869629,-5.8857368],[-35.2870756,-5.886633],[-35.2891968,-5.9034919],[-35.2897351,-5.9078174],[-35.2898901,-5.9090625],[-35.290593,-5.9091028],[-35.2894077,-5.9110867],[-35.289728,-5.9111675],[-35.2901447,-5.9113328],[-35.2903077,-5.9113975],[-35.2908965,-5.911631],[-35.2896077,-5.9135492],[-35.2905135,-5.9139567],[-35.2910307,-5.9141591],[-35.2902256,-5.9162592],[-35.2908275,-5.9165082],[-35.2914169,-5.916752],[-35.2905916,-5.9188818],[-35.2911604,-5.9191132],[-35.2914713,-5.921491],[-35.2913504,-5.921687],[-35.2912439,-5.9218518],[-35.2909178,-5.9223657],[-35.2917108,-5.9228356],[-35.2917183,-5.9228401],[-35.2914367,-5.9233144],[-35.2914322,-5.9233211],[-35.2911352,-5.9237641],[-35.2919728,-5.9242531],[-35.29186,-5.9244245],[-35.2918354,-5.9244625],[-35.2918836,-5.9248461],[-35.2922534,-5.9277852],[-35.2926961,-5.9313032],[-35.2930268,-5.933932],[-35.2933569,-5.9365555],[-35.2935855,-5.9383721],[-35.294256,-5.9437012],[-35.2947363,-5.9475186],[-35.2948265,-5.9482353],[-35.294877,-5.9486371],[-35.2949035,-5.9488477],[-35.295049,-5.9500036],[-35.295059,-5.9500834],[-35.2960851,-5.9582385]]]},"properties":{"CD_MUN":"2403251","NM_MUN":"Parnamirim","CD_RGI":"240001","NM_RGI":"Natal","CD_RGINT":"2401","NM_RGINT":"Natal","CD_UF":"24","NM_UF":"Rio Grande do Norte","SIGLA_UF":"RN","CD_REGIA":"2","NM_REGIA":"Nordeste","SIGLA_RG":"NE","CD_CONCU":"2408102","NM_CONCU":"Natal/RN","AREA_KM2":124.006}},
{"type":"Feature","geometry":{"type":"Polygon","coordinates":[[[-36.9513563,-6.5222708],[-36.9505158,-6.5221153],[-36.9488748,-6.5208159],[-36.9443531,-6.516612],[-36.9428476,-6.5148223],[-36.939249,-6.5133383],[-36.9376456,-6.5136877],[-36.9362192,-6.5143053],[-36.9342603,-6.5146543],[-36.9297538,-6.5170855],[-36.9266297,-6.5197442],[-36.9255099,-6.5212988],[-36.9246129,-6.5228979],[-36.9229198,-6.5238715],[-36.921226,-6.5243989],[-36.9180729,-6.5242524],[-36.9161103,-6.5237987],[-36.9117586,-6.5217313],[-36.907544,-6.5186408],[-36.9053248,-6.517296],[-36.9023003,-6.5170176],[-36.8991374,-6.5174937],[-36.8980137,-6.5179624],[-36.8974446,-6.5181995],[-36.89593,-6.518282],[-36.8866535,-6.5236771],[-36.8845094,-6.5253609],[-36.8807595,-6.5279263],[-36.8786206,-6.5286312],[-36.8727872,-6.52972],[-36.8688357,-6.5299257],[-36.8664212,-6.5303608],[-36.8651746,-6.530801],[-36.8636601,-6.5310609],[-36.8617856,-6.5323],[-36.8604939,-6.5327846],[-36.8589781,-6.5331345],[-36.8571076,-6.5333048],[-36.8570149,-6.5343734],[-36.8554109,-6.5348122],[-36.851541,-6.5353729],[-36.8491324,-6.535898],[-36.8447245,-6.5363683],[-36.8388451,-6.53768],[-36.8360825,-6.5386491],[-36.8351487,-6.5384202],[-36.8334585,-6.5383243],[-36.8317501,-6.5378709],[-36.8303582,-6.5377821],[-36.8265635,-6.5375386],[-36.8254996,-6.5369989],[-36.8233664,-6.5364563],[-36.8214089,-6.5364486],[-36.8183411,-6.5354978],[-36.8158508,-6.5351298],[-36.8121131,-6.5351158],[-36.8100232,-6.5347063],[-36.8084268,-6.5337196],[-36.807008,-6.5322859],[-36.8056816,-6.5304126],[-36.8045724,-6.529383],[-36.802442,-6.528482],[-36.8000142,-6.5279039],[-36.7981714,-6.5279294],[-36.7969734,-6.5273455],[-36.7952836,-6.526982],[-36.7941308,-6.5259069],[-36.7929814,-6.5242993],[-36.7927222,-6.5230517],[-36.7921466,-6.5216681],[-36.7910835,-6.5209519],[-36.7881429,-6.5219166],[-36.7864469,-6.5230683],[-36.7853305,-6.5241766],[-36.7830983,-6.5258588],[-36.7813131,-6.5265625],[-36.7803273,-6.5261934],[-36.7765699,-6.5227576],[-36.7738237,-6.5200727],[-36.7710352,-6.5162765],[-36.7695292,-6.5151103],[-36.7674831,-6.5147447],[-36.7647672,-6.5151348],[-36.7636078,-6.5158442],[-36.7610019,-6.5158326],[-36.7611108,-6.5156708],[-36.7657248,-6.5087874],[-36.7683134,-6.5005259],[-36.7743156,-6.4729624],[-36.7729481,-6.4667617],[-36.7734991,-6.466474],[-36.7773387,-6.4661438],[-36.779034,-6.4656697],[-36.7813734,-6.4652754],[-36.7829855,-6.4656064],[-36.7851872,-6.4667221],[-36.7880146,-6.4677653],[-36.7897093,-6.4679345],[-36.7929396,-6.466658],[-36.7956888,-6.4652983],[-36.7974204,-6.4652643],[-36.7979073,-6.4650237],[-36.8015447,-6.4642114],[-36.8031208,-6.4635774],[-36.8045712,-6.4608358],[-36.8053858,-6.4600932],[-36.8069235,-6.4591314],[-36.8075855,-6.4550981],[-36.8092835,-6.4538167],[-36.8114187,-6.4544287],[-36.8122535,-6.4544046],[-36.8130161,-6.4535926],[-36.8133373,-6.4530972],[-36.8134742,-6.4519152],[-36.8138517,-6.4508881],[-36.8155573,-6.4483944],[-36.8154388,-6.4478995],[-36.8155808,-6.4468051],[-36.8149244,-6.4457273],[-36.8173957,-6.4430348],[-36.8190975,-6.4406205],[-36.8202361,-6.4387701],[-36.8207243,-6.4372373],[-36.8218572,-6.4365168],[-36.822588,-6.4364148],[-36.823665,-6.4379356],[-36.8257173,-6.4389544],[-36.8282137,-6.4396098],[-36.8308802,-6.4382493],[-36.8328198,-6.4375313],[-36.8346765,-6.4374594],[-36.8385962,-6.4386466],[-36.8395477,-6.4386486],[-36.8417183,-6.438417],[-36.8427782,-6.4374541],[-36.8436654,-6.4375364],[-36.8456293,-6.4402491],[-36.8463439,-6.4429166],[-36.8480315,-6.4438111],[-36.8495624,-6.4439799],[-36.8489325,-6.4407478],[-36.8480123,-6.4387675],[-36.8478652,-6.4356177],[-36.8459329,-6.4352871],[-36.8456147,-6.4341552],[-36.8471583,-6.4313369],[-36.8471286,-6.4302861],[-36.8471228,-6.4300859],[-36.8494777,-6.4290904],[-36.8741265,-6.4186713],[-36.9048379,-6.4479241],[-36.9364881,-6.4754345],[-36.9577275,-6.4916717],[-36.9608911,-6.5055017],[-36.9627181,-6.5099686],[-36.951371,-6.5216395],[-36.9513563,-6.5222708]]]},"properties":{"CD_MUN":"2412401","NM_MUN":"São José do Seridó","CD_RGI":"240007","NM_RGI":"Caicó","CD_RGINT":"2402","NM_RGINT":"Caicó","CD_UF":"24","NM_UF":"Rio Grande do Norte","SIGLA_UF":"RN","CD_REGIA":"2","NM_REGIA":"Nordeste","SIGLA_RG":"NE","CD_CONCU":"","NM_CONCU":"","AREA_KM2":174.505}},
{"type":"Feature","geometry":{"type":"Polygon","coordinates":[[[-35.544243,-6.4173793],[-35.533516,-6.4129153],[-35.5176141,-6.4062973],[-35.5148357,-6.4061524],[-35.4879351,-6.4047495],[-35.4813587,-6.4063174],[-35.4808744,-6.4064328],[-35.4497535,-6.4138524],[-35.4479911,-6.4142716],[-35.4475933,-6.4143669],[-35.4473787,-6.4144183],[-35.4471483,-6.4057552],[-35.4351566,-6.3980939],[-35.4283528,-6.393747],[-35.4092084,-6.381516],[-35.4045916,-6.3599028],[-35.4006612,-6.3415178],[-35.393052,-6.3298529],[-35.3884804,-6.3228452],[-35.3900896,-6.3224443],[-35.3936352,-6.3220155],[-35.4030446,-6.3204602],[-35.4128967,-6.3196996],[-35.4253549,-6.3193624],[-35.4255507,-6.2805772],[-35.4226274,-6.2755675],[-35.422624,-6.2755617],[-35.4220562,-6.2751427],[-35.4210205,-6.2743783],[-35.4203796,-6.2737265],[-35.4209384,-6.2732311],[-35.4221218,-6.2721821],[-35.4227476,-6.2716274],[-35.4227593,-6.2716171],[-35.4239299,-6.2700588],[-35.4364252,-6.2534265],[-35.4685,-6.2307486],[-35.4686957,-6.245818],[-35.4690564,-6.273601],[-35.4898758,-6.2892856],[-35.489902,-6.2893054],[-35.4904031,-6.2896829],[-35.4907186,-6.2898819],[-35.5031235,-6.2976941],[-35.503817,-6.2958207],[-35.5041192,-6.2953964],[-35.5046302,-6.2949732],[-35.5066296,-6.2940091],[-35.5078715,-6.2930376],[-35.5095646,-6.2903606],[-35.5100997,-6.289798],[-35.5118267,-6.2890861],[-35.5151941,-6.2895375],[-35.5163855,-6.2892756],[-35.5172222,-6.2884288],[-35.5176845,-6.2871617],[-35.5192001,-6.286194],[-35.5256168,-6.28387],[-35.5269944,-6.2835351],[-35.5284076,-6.2834905],[-35.5329587,-6.2841148],[-35.5361883,-6.2848952],[-35.5389282,-6.2858639],[-35.5401441,-6.2860235],[-35.5431146,-6.2861964],[-35.5442586,-6.2861212],[-35.5469445,-6.2855944],[-35.5478563,-6.2856362],[-35.5483723,-6.2858196],[-35.5486769,-6.2861215],[-35.5497377,-6.2877791],[-35.5501128,-6.2880567],[-35.5504864,-6.2880787],[-35.5509546,-6.2879602],[-35.5512091,-6.2876787],[-35.5520198,-6.286152],[-35.5533931,-6.2846716],[-35.554724,-6.2844779],[-35.5565469,-6.2846561],[-35.5577203,-6.2852108],[-35.5584714,-6.2858401],[-35.5599993,-6.2876123],[-35.560449,-6.2885215],[-35.5608553,-6.2902767],[-35.5622639,-6.2916974],[-35.5627821,-6.2924901],[-35.5625854,-6.2952775],[-35.5633366,-6.2959292],[-35.5640382,-6.2961825],[-35.5698364,-6.2960374],[-35.5749606,-6.2970657],[-35.575992,-6.2975977],[-35.5767659,-6.2982725],[-35.5800795,-6.3018606],[-35.5811579,-6.3024175],[-35.5816724,-6.3023685],[-35.5834679,-6.3015639],[-35.5854392,-6.3030286],[-35.5860934,-6.3031659],[-35.5870497,-6.3028563],[-35.5894987,-6.3014394],[-35.5935833,-6.3002029],[-35.5964607,-6.3003305],[-35.6010003,-6.3015724],[-35.6015719,-6.303628],[-35.6015584,-6.3057353],[-35.6018899,-6.3064135],[-35.6042163,-6.3088809],[-35.6044293,-6.3095362],[-35.6048991,-6.3101183],[-35.6056294,-6.3106988],[-35.6071516,-6.3115349],[-35.6072477,-6.3120494],[-35.6069497,-6.3131273],[-35.6071167,-6.3138301],[-35.6075394,-6.3143892],[-35.609487,-6.3157362],[-35.6105598,-6.3153092],[-35.6114209,-6.3144861],[-35.6132631,-6.3135168],[-35.6153588,-6.3117728],[-35.6163869,-6.3116756],[-35.6167356,-6.3114868],[-35.6169202,-6.3111366],[-35.6168187,-6.3093325],[-35.616933,-6.3090979],[-35.6195949,-6.3082422],[-35.6217592,-6.3064968],[-35.622343,-6.3063331],[-35.6268833,-6.3074331],[-35.6288739,-6.3077263],[-35.6320117,-6.3090221],[-35.6329503,-6.309719],[-35.6338708,-6.3112365],[-35.6340627,-6.3125213],[-35.6348641,-6.3137585],[-35.6365966,-6.3143581],[-35.6382119,-6.3147016],[-35.6391259,-6.3153297],[-35.6399708,-6.3161672],[-35.6416434,-6.3184341],[-35.6422581,-6.3198554],[-35.6428306,-6.3218882],[-35.6426325,-6.3243944],[-35.6428232,-6.3251653],[-35.6432257,-6.3257564],[-35.638816,-6.3296723],[-35.6374831,-6.3310797],[-35.6362796,-6.3345876],[-35.63384,-6.3364087],[-35.6314653,-6.3392211],[-35.6295479,-6.3406328],[-35.6277384,-6.3409006],[-35.6271019,-6.3409945],[-35.6179895,-6.3483919],[-35.6169454,-6.3493887],[-35.6155498,-6.3499337],[-35.6149772,-6.3510454],[-35.5983709,-6.3832313],[-35.5971866,-6.3855259],[-35.5970246,-6.3858399],[-35.5969636,-6.3858474],[-35.5930966,-6.3863251],[-35.5929758,-6.3863399],[-35.5807089,-6.3878527],[-35.5550372,-6.3910185],[-35.544243,-6.4173793]]]},"properties":{"CD_MUN":"2411502","NM_MUN":"Santo Antônio","CD_RGI":"240002","NM_RGI":"Santo Antônio - Passa e Fica - Nova Cruz","CD_RGINT":"2401","NM_RGINT":"Natal","CD_UF":"24","NM_UF":"Rio Grande do Norte","SIGLA_UF":"RN","CD_REGIA":"2","NM_REGIA":"Nordeste","SIGLA_RG":"NE","CD_CONCU":"","NM_CONCU":"","AREA_KM2":301.082}},
{"type":"Feature","geometry":{"type":"Polygon","coordinates":[[[-37.1949588,-5.8237407],[-37.1487305,-5.8663424],[-37.130628,-5.8731338],[-37.101433,-5.8723962],[-37.1011999,-5.8723903],[-37.0357884,-5.8910086],[-36.9940975,-5.771708],[-37.0213631,-5.7550937],[-37.0502451,-5.7469977],[-37.0545605,-5.745788],[-37.0605893,-5.735003],[-37.0622043,-5.7321139],[-37.0622177,-5.7320899],[-37.1045024,-5.6563846],[-37.104594,-5.6562215],[-37.10468,-5.6563956],[-37.1064964,-5.6627309],[-37.1124362,-5.6648981],[-37.1181228,-5.6663222],[-37.119879,-5.6670892],[-37.1234851,-5.6693821],[-37.1257811,-5.671635],[-37.13029,-5.6793117],[-37.1334547,-5.6817504],[-37.1360673,-5.6831104],[-37.1397876,-5.6855101],[-37.1426343,-5.687588],[-37.1450847,-5.6900216],[-37.1500573,-5.6975562],[-37.163567,-5.7133076],[-37.1644372,-5.7138307],[-37.1669273,-5.7133482],[-37.1686456,-5.7127295],[-37.1697549,-5.7128127],[-37.1703079,-5.7137684],[-37.1709345,-5.7157584],[-37.1728303,-5.7184312],[-37.1746437,-5.7213801],[-37.1767779,-5.7236936],[-37.1785233,-5.7236178],[-37.1793207,-5.7222688],[-37.1809992,-5.7180197],[-37.1854441,-5.7166812],[-37.1882991,-5.7167692],[-37.1955123,-5.7181038],[-37.197491,-5.7192246],[-37.2035004,-5.7251301],[-37.2205789,-5.717497],[-37.2190485,-5.7259441],[-37.2254043,-5.7898362],[-37.1794884,-5.8190609],[-37.1949588,-5.8237407]]]},"properties":{"CD_MUN":"2408706","NM_MUN":"Paraú","CD_RGI":"240011","NM_RGI":"Açu","CD_RGINT":"2403","NM_RGINT":"Mossoró","CD_UF":"24","NM_UF":"Rio Grande do Norte","SIGLA_UF":"RN","CD_REGIA":"2","NM_REGIA":"Nordeste","SIGLA_RG":"NE","CD_CONCU":"","NM_CONCU":"","AREA_KM2":383.214}},
{"type":"Feature","geometry":{"type":"Polygon","coordinates":[[[-37.9470786,-6.1604761],[-37.9454481,-6.1611733],[-37.9447903,-6.1611682],[-37.9426996,-6.1606079],[-37.9424257,-6.1608716],[-37.9423234,-6.1614345],[-37.9424491,-6.1630454],[-37.9421836,-6.163594],[-37.9412337,-6.1633262],[-37.9401486,-6.1621385],[-37.9383773,-6.161072],[-37.9345227,-6.161433],[-37.9341066,-6.1620269],[-37.9345102,-6.1634777],[-37.9345774,-6.1646672],[-37.934099,-6.1655544],[-37.9331496,-6.1656209],[-37.9321299,-6.1646275],[-37.932136,-6.1618557],[-37.9330925,-6.1588894],[-37.9326876,-6.15757],[-37.9318757,-6.1568744],[-37.9302456,-6.1564763],[-37.928479,-6.1566045],[-37.9279363,-6.1562057],[-37.9275304,-6.1554148],[-37.9268537,-6.1550835],[-37.9261731,-6.1556087],[-37.9260346,-6.1564657],[-37.9255589,-6.1570605],[-37.9245378,-6.1572233],[-37.9227731,-6.1570877],[-37.9223708,-6.1574408],[-37.9224357,-6.1579458],[-37.9233133,-6.1592667],[-37.9235145,-6.1601248],[-37.9233123,-6.161114],[-37.9237085,-6.1634734],[-37.9237092,-6.1647105],[-37.9230974,-6.1651724],[-37.9222828,-6.1649729],[-37.9219453,-6.1638445],[-37.9216095,-6.1616052],[-37.9210697,-6.1606145],[-37.9196458,-6.1588965],[-37.9196503,-6.1573445],[-37.9200602,-6.1558956],[-37.9212177,-6.1547086],[-37.923535,-6.150907],[-37.9231272,-6.1501804],[-37.9231991,-6.1492249],[-37.9238781,-6.1486308],[-37.9242864,-6.1479061],[-37.9238129,-6.1473753],[-37.922591,-6.1470465],[-37.9208257,-6.1468431],[-37.92008,-6.1463131],[-37.9200811,-6.1457203],[-37.9214404,-6.1446706],[-37.9249741,-6.1439806],[-37.9252473,-6.143386],[-37.9245692,-6.1431871],[-37.9230715,-6.1434493],[-37.9213748,-6.1435108],[-37.9196785,-6.1431788],[-37.9178466,-6.1420864],[-37.9162859,-6.1417539],[-37.9144469,-6.1443236],[-37.9139037,-6.1448476],[-37.9128842,-6.1451115],[-37.911937,-6.1445809],[-37.9113948,-6.1432263],[-37.911397,-6.1420399],[-37.9111975,-6.1411819],[-37.9107204,-6.1405883],[-37.9099739,-6.1405859],[-37.9093615,-6.1409825],[-37.9086808,-6.1418377],[-37.9077962,-6.1422978],[-37.9060317,-6.1423581],[-37.9053509,-6.1426884],[-37.9052837,-6.1433149],[-37.9060288,-6.1437126],[-37.907383,-6.1449687],[-37.9073803,-6.1454953],[-37.9050728,-6.1462833],[-37.9026252,-6.1481266],[-37.9022822,-6.149048],[-37.9028932,-6.1495454],[-37.9045212,-6.1497466],[-37.9064248,-6.149485],[-37.9079874,-6.1489627],[-37.9086672,-6.1489624],[-37.9093598,-6.1494247],[-37.910092,-6.1493632],[-37.9108388,-6.1487702],[-37.9122659,-6.1488055],[-37.9147767,-6.1501318],[-37.9154534,-6.1509897],[-37.9157867,-6.1539592],[-37.915579,-6.1562349],[-37.915102,-6.1564326],[-37.9145592,-6.156301],[-37.914153,-6.1556398],[-37.9140912,-6.1533956],[-37.9138911,-6.152205],[-37.9129382,-6.1509517],[-37.9123975,-6.1507523],[-37.9116506,-6.1508177],[-37.9108325,-6.1519039],[-37.910762,-6.1534879],[-37.9110984,-6.1550054],[-37.9110944,-6.1569196],[-37.9108903,-6.1576449],[-37.9102103,-6.1579742],[-37.9087154,-6.1577063],[-37.9081728,-6.1580675],[-37.9081711,-6.1587934],[-37.9086447,-6.1595863],[-37.9098657,-6.1606454],[-37.9116279,-6.1615053],[-37.9127816,-6.1624311],[-37.9137297,-6.1629626],[-37.9146122,-6.1638875],[-37.914814,-6.1648466],[-37.9140668,-6.1650417],[-37.911625,-6.1643771],[-37.9097241,-6.1633817],[-37.9071354,-6.1607176],[-37.9021415,-6.152579],[-37.9012594,-6.1520485],[-37.9003084,-6.1521123],[-37.8984716,-6.1534292],[-37.897318,-6.1535254],[-37.8965018,-6.1532606],[-37.8952134,-6.1533903],[-37.8944627,-6.1540483],[-37.8937797,-6.1560253],[-37.8938449,-6.1570161],[-37.8946601,-6.1578101],[-37.8952685,-6.1590647],[-37.8951301,-6.1603515],[-37.894449,-6.1610098],[-37.8939735,-6.1617994],[-37.8939052,-6.1624599],[-37.8964103,-6.1653695],[-37.8984451,-6.166824],[-37.89912,-6.1676828],[-37.8996599,-6.1696301],[-37.9006105,-6.1699624],[-37.901359,-6.1694357],[-37.9023109,-6.1683823],[-37.9027886,-6.1685154],[-37.9052926,-6.1717525],[-37.9070516,-6.1737371],[-37.9073912,-6.1745626],[-37.906915,-6.1755507],[-37.903994,-6.1756772],[-37.8998502,-6.1767918],[-37.8986968,-6.1766424],[-37.897084,-6.1752784],[-37.8940837,-6.1737095],[-37.8940837,-6.1731829],[-37.8957165,-6.1725907],[-37.896193,-6.1718011],[-37.8940719,-6.1697721],[-37.8909707,-6.1679306],[-37.8894967,-6.1668701],[-37.8890428,-6.1662024],[-37.8862049,-6.1641753],[-37.8855963,-6.1634848],[-37.8846878,-6.1615591],[-37.8838829,-6.1581559],[-37.8831249,-6.1569466],[-37.8809465,-6.1550172],[-37.8807992,-6.1506914],[-37.8780152,-6.1501066],[-37.8770019,-6.1494627],[-37.8760396,-6.1485757],[-37.8752299,-6.1470482],[-37.871426,-6.1467655],[-37.8704622,-6.1462205],[-37.8701575,-6.1455798],[-37.8700617,-6.1446431],[-37.8704173,-6.1439284],[-37.8722476,-6.1428492],[-37.8726033,-6.1423068],[-37.8724507,-6.1418611],[-37.8713374,-6.1411204],[-37.8704228,-6.140824],[-37.8696641,-6.1401058],[-37.87002,-6.1397618],[-37.8726986,-6.1396602],[-37.8731661,-6.1391272],[-37.8731166,-6.1383886],[-37.8714956,-6.137842],[-37.8710898,-6.1373724],[-37.8710407,-6.1363858],[-37.8701831,-6.1348587],[-37.8702871,-6.133772],[-37.8710995,-6.1331332],[-37.8727757,-6.1322975],[-37.8752616,-6.1322311],[-37.8767827,-6.1323813],[-37.8771399,-6.1317894],[-37.8769427,-6.1288313],[-37.8772992,-6.1279695],[-37.8799433,-6.125609],[-37.8804551,-6.1234904],[-37.8802074,-6.1204073],[-37.879398,-6.1197172],[-37.8783321,-6.1196647],[-37.8766549,-6.1204483],[-37.8752839,-6.1215323],[-37.8724374,-6.1242125],[-37.8689823,-6.1262266],[-37.8674088,-6.1268391],[-37.8647662,-6.126391],[-37.8628938,-6.1265839],[-37.8626419,-6.1261632],[-37.8626454,-6.1242895],[-37.8623931,-6.1236495],[-37.861481,-6.1234491],[-37.8607166,-6.1236454],[-37.8586893,-6.1236424],[-37.8576765,-6.1232189],[-37.8573769,-6.122675],[-37.8569704,-6.1219348],[-37.8581375,-6.1206083],[-37.8583421,-6.1200676],[-37.8576852,-6.1188311],[-37.8582453,-6.1177246],[-37.8578497,-6.1151623],[-37.8586602,-6.1137315],[-37.8650084,-6.1087426],[-37.8657765,-6.1076577],[-37.8658771,-6.1069435],[-37.8639581,-6.1039804],[-37.8412684,-6.0883377],[-37.8323788,-6.0822113],[-37.8458225,-6.0569063],[-37.8482674,-6.0523023],[-37.8605054,-6.032125],[-37.8615486,-6.0308928],[-37.8650696,-6.0292752],[-37.8694001,-6.0278137],[-37.8706782,-6.0272374],[-37.8967428,-6.0082151],[-37.8971521,-6.0079168],[-37.9013857,-6.0076564],[-37.9018308,-6.007629],[-37.9023699,-6.0079411],[-37.9087477,-6.0079137],[-37.9094834,-6.0074889],[-37.9158641,-6.0072439],[-37.9266904,-6.0074588],[-37.9308685,-6.0059682],[-37.9331532,-6.0049655],[-37.9339269,-6.00427],[-37.9348752,-6.0171962],[-37.935396,-6.0155664],[-37.9364158,-6.0144992],[-37.9366699,-6.0135949],[-37.9373242,-6.012991],[-37.9388388,-6.0120274],[-37.9396195,-6.0109778],[-37.9402694,-6.0104329],[-37.9413951,-6.0100791],[-37.943208,-6.0098317],[-37.9430813,-6.0114309],[-37.9432481,-6.0134868],[-37.9438088,-6.0154207],[-37.94467,-6.0168929],[-37.9461747,-6.0202795],[-37.9475926,-6.0215377],[-37.9489834,-6.022345],[-37.9498356,-6.0235114],[-37.950137,-6.0243044],[-37.9506361,-6.0270533],[-37.9525146,-6.02847],[-37.9544159,-6.0295521],[-37.9552606,-6.0303962],[-37.9554727,-6.0333434],[-37.9562145,-6.0363395],[-37.9563423,-6.0386922],[-37.9569561,-6.0397623],[-37.9576821,-6.0402905],[-37.9587116,-6.0414525],[-37.9590736,-6.0431676],[-37.9594849,-6.043794],[-37.9617612,-6.0462496],[-37.9622581,-6.0472989],[-37.9622553,-6.0488269],[-37.9620861,-6.0497599],[-37.9622096,-6.0511452],[-37.9632859,-6.053208],[-37.9641297,-6.053933],[-37.9648505,-6.0549017],[-37.9679081,-6.0567101],[-37.9690041,-6.0578227],[-37.969862,-6.0582912],[-37.9708565,-6.0595638],[-37.9715043,-6.0624034],[-37.9715896,-6.0643328],[-37.9719147,-6.0651745],[-37.9724159,-6.0658444],[-37.9741316,-6.0671132],[-37.9749578,-6.0680911],[-37.9756376,-6.0683534],[-37.9767527,-6.0682676],[-37.9780157,-6.06855],[-37.978222,-6.0691977],[-37.9780991,-6.0696444],[-37.9789693,-6.0704215],[-37.9787186,-6.0711519],[-37.9787178,-6.0719217],[-37.9789643,-6.0728526],[-37.9795049,-6.0736238],[-37.9803631,-6.0744102],[-37.9809908,-6.0755549],[-37.941054,-6.0992458],[-37.9374817,-6.1085155],[-37.9396133,-6.1137317],[-37.9396116,-6.1138933],[-37.9396097,-6.1140766],[-37.939625,-6.1142529],[-37.9396266,-6.1142715],[-37.939629,-6.1142993],[-37.93963,-6.11431],[-37.9396307,-6.1143246],[-37.9396399,-6.114492],[-37.939648,-6.1146421],[-37.9396573,-6.1148112],[-37.9396751,-6.1151382],[-37.939689,-6.1154433],[-37.9396865,-6.1156666],[-37.9396721,-6.1170478],[-37.9396719,-6.1170669],[-37.9396656,-6.1176618],[-37.9396632,-6.1178889],[-37.9396606,-6.1181379],[-37.9396603,-6.1181401],[-37.9396123,-6.1185073],[-37.939647,-6.1185135],[-37.9395543,-6.1192315],[-37.9395572,-6.1227036],[-37.9399803,-6.1245868],[-37.940417,-6.1252027],[-37.9416814,-6.1262952],[-37.9420196,-6.1270267],[-37.9424063,-6.1295357],[-37.943859,-6.1327093],[-37.9438572,-6.1337976],[-37.942733,-6.1369717],[-37.9430106,-6.1387628],[-37.9437015,-6.1409855],[-37.9438142,-6.1435833],[-37.9440833,-6.1444121],[-37.9453589,-6.1471384],[-37.9493452,-6.1509522],[-37.9496158,-6.1517045],[-37.9493846,-6.1520809],[-37.9480649,-6.1520227],[-37.946901,-6.1517182],[-37.9443046,-6.1504695],[-37.9430257,-6.1502026],[-37.9424029,-6.150465],[-37.9412365,-6.1518573],[-37.9403817,-6.1536087],[-37.9404166,-6.154853],[-37.9415769,-6.1559479],[-37.9438643,-6.1575734],[-37.9470786,-6.1604761]]]},"properties":{"CD_MUN":"2407401","NM_MUN":"Martins","CD_RGI":"240010","NM_RGI":"Pau dos Ferros","CD_RGINT":"2403","NM_RGINT":"Mossoró","CD_UF":"24","NM_UF":"Rio Grande do Norte","SIGLA_UF":"RN","CD_REGIA":"2","NM_REGIA":"Nordeste","SIGLA_RG":"NE","CD_CONCU":"","NM_CONCU":"","AREA_KM2":169.464}},
{"type":"Feature","geometry":{"type":"Polygon","coordinates":[[[-36.2963384,-6.3704104],[-36.2658325,-6.3798701],[-36.2439159,-6.3911303],[-36.2211971,-6.4028026],[-36.2202107,-6.4029037],[-36.1962483,-6.4053594],[-36.1773434,-6.4072956],[-36.0985717,-6.4199246],[-36.0964811,-6.4202596],[-36.0961043,-6.4201986],[-36.1126349,-6.3857202],[-36.1394372,-6.3297631],[-36.1537636,-6.2998366],[-36.1621693,-6.2992563],[-36.1816204,-6.2979119],[-36.1856653,-6.299525],[-36.1877219,-6.3020619],[-36.1889807,-6.3026252],[-36.1998902,-6.3008646],[-36.2055402,-6.3013507],[-36.2071501,-6.3023434],[-36.2137293,-6.3082664],[-36.2191287,-6.3083196],[-36.2201487,-6.3062098],[-36.2207786,-6.3058098],[-36.2231319,-6.3053105],[-36.2241394,-6.3057448],[-36.2253479,-6.3067666],[-36.2293145,-6.3101201],[-36.2307269,-6.3103025],[-36.2341638,-6.3094611],[-36.2365197,-6.3119746],[-36.2397593,-6.3107796],[-36.2405209,-6.3099253],[-36.2406766,-6.3089667],[-36.2399794,-6.3073197],[-36.2401368,-6.3060054],[-36.2418616,-6.3042964],[-36.2437246,-6.3036713],[-36.2462142,-6.3021219],[-36.2558979,-6.3033104],[-36.2588126,-6.3057265],[-36.2633002,-6.306406],[-36.2646564,-6.3077023],[-36.2665753,-6.3082163],[-36.2689432,-6.308383],[-36.2726344,-6.307172],[-36.2791354,-6.3176271],[-36.2787533,-6.327043],[-36.2767475,-6.3404305],[-36.2771345,-6.344626],[-36.2784774,-6.3493571],[-36.2815524,-6.3546044],[-36.2928392,-6.3648134],[-36.2956159,-6.3686211],[-36.2963384,-6.3704104]]]},"properties":{"CD_MUN":"2402808","NM_MUN":"Coronel Ezequiel","CD_RGI":"240004","NM_RGI":"Santa Cruz","CD_RGINT":"2401","NM_RGINT":"Natal","CD_UF":"24","NM_UF":"Rio Grande do Norte","SIGLA_UF":"RN","CD_REGIA":"2","NM_REGIA":"Nordeste","SIGLA_RG":"NE","CD_CONCU":"","NM_CONCU":"","AREA_KM2":185.748}},
{"type":"Feature","geometry":{"type":"Polygon","coordinates":[[[-35.966676,-5.9012992],[-35.9443517,-5.9047223],[-35.9440032,-5.9047758],[-35.9192436,-5.9085723],[-35.9200783,-5.9049925],[-35.9204585,-5.9024898],[-35.9216708,-5.8997189],[-35.9222947,-5.8988659],[-35.9169866,-5.896782],[-35.9166159,-5.8964654],[-35.9169619,-5.8953857],[-35.9170399,-5.8938934],[-35.9167517,-5.8934587],[-35.9162308,-5.8932581],[-35.9154102,-5.8933982],[-35.9141579,-5.8940448],[-35.912834,-5.8944313],[-35.9118639,-5.8944755],[-35.9111279,-5.8948164],[-35.910947,-5.8956047],[-35.9111543,-5.8968325],[-35.9122311,-5.8999982],[-35.9133259,-5.9020318],[-35.9132948,-5.9025007],[-35.9130963,-5.902735],[-35.912579,-5.9028026],[-35.907099,-5.9011296],[-35.9065137,-5.900665],[-35.9061755,-5.900133],[-35.9060399,-5.8995143],[-35.9062222,-5.8989277],[-35.9069324,-5.8978206],[-35.9067313,-5.8974868],[-35.9061293,-5.8970898],[-35.9046234,-5.8965122],[-35.9025352,-5.8961382],[-35.9017701,-5.8963765],[-35.9016589,-5.8968635],[-35.902132,-5.8987338],[-35.9018828,-5.8991355],[-35.8991744,-5.900603],[-35.8980545,-5.9003735],[-35.8972949,-5.8989081],[-35.8969912,-5.8986418],[-35.8963078,-5.8985457],[-35.8957755,-5.8988989],[-35.8955636,-5.8995853],[-35.8957155,-5.9002028],[-35.8967052,-5.9012178],[-35.8968427,-5.9018865],[-35.8956271,-5.9023289],[-35.8947461,-5.9030833],[-35.8935283,-5.9028879],[-35.8922375,-5.9018265],[-35.8916692,-5.901746],[-35.8911029,-5.9018991],[-35.8905506,-5.9024447],[-35.8904911,-5.9032237],[-35.8909615,-5.9039614],[-35.8926129,-5.9052072],[-35.8930327,-5.9058925],[-35.8930031,-5.906856],[-35.8917404,-5.9070021],[-35.8898001,-5.9081976],[-35.8869927,-5.9092731],[-35.8853609,-5.9090027],[-35.8832719,-5.9067962],[-35.8823487,-5.906546],[-35.8792915,-5.906508],[-35.8782355,-5.9060141],[-35.877673,-5.9054106],[-35.8768658,-5.9049615],[-35.8759199,-5.9048262],[-35.8753136,-5.9050392],[-35.8745656,-5.9049022],[-35.8740122,-5.9045093],[-35.873714,-5.9039459],[-35.8735768,-5.9018707],[-35.8729634,-5.9011942],[-35.8726229,-5.9010533],[-35.8726128,-5.901058],[-35.8723286,-5.9011839],[-35.8711306,-5.9024722],[-35.8685945,-5.9063653],[-35.861521,-5.911615],[-35.8605897,-5.911742],[-35.8599083,-5.9115028],[-35.8590096,-5.9114386],[-35.8570609,-5.9115908],[-35.8557704,-5.9119033],[-35.8535699,-5.9124361],[-35.8510974,-5.9133337],[-35.9255222,-5.800254],[-35.9253831,-5.804346],[-35.9256658,-5.8075017],[-35.9301434,-5.8077899],[-35.9332929,-5.8085513],[-35.9359603,-5.8099868],[-35.9385312,-5.8124599],[-35.939604,-5.8140063],[-35.9414695,-5.8142554],[-35.9437063,-5.8136227],[-35.9455077,-5.8120595],[-35.9462448,-5.810194],[-35.9457506,-5.8074496],[-35.9464871,-5.8056866],[-35.9477627,-5.8051625],[-35.9554858,-5.8049663],[-35.9583611,-5.8046407],[-35.9605963,-5.8041104],[-35.9641574,-5.8024874],[-35.9671176,-5.8004465],[-35.9677926,-5.7999811],[-35.9716421,-5.7976321],[-35.975624,-5.7946593],[-35.9773436,-5.7977576],[-35.9810506,-5.8036936],[-35.9830274,-5.805423],[-35.9854879,-5.8067247],[-35.9890103,-5.8077405],[-35.9916768,-5.8082457],[-35.9938137,-5.8095808],[-35.995264,-5.8113882],[-35.9956939,-5.8125206],[-35.9971987,-5.8132139],[-36.0000653,-5.8158412],[-36.0012031,-5.8168841],[-36.0038542,-5.8206357],[-36.0059265,-5.8226726],[-36.0075168,-5.8248622],[-36.0089967,-5.8278816],[-36.0093076,-5.8298547],[-36.0111621,-5.8323051],[-36.0116896,-5.8336553],[-36.0139253,-5.8352257],[-35.9835118,-5.8778737],[-35.966676,-5.9012992]]]},"properties":{"CD_MUN":"2411106","NM_MUN":"Ruy Barbosa","CD_RGI":"240006","NM_RGI":"São Paulo do Potengi","CD_RGINT":"2401","NM_RGINT":"Natal","CD_UF":"24","NM_UF":"Rio Grande do Norte","SIGLA_UF":"RN","CD_REGIA":"2","NM_REGIA":"Nordeste","SIGLA_RG":"NE","CD_CONCU":"","NM_CONCU":"","AREA_KM2":125.809}},
{"type":"Feature","geometry":{"type":"Polygon","coordinates":[[[-35.033395,-6.2863985],[-35.0335028,-6.285725],[-35.0335768,-6.284992],[-35.0337048,-6.2842022],[-35.0337061,-6.2835469],[-35.0338471,-6.2831372],[-35.034052,-6.2829936],[-35.034346,-6.2828573],[-35.0344578,-6.282558],[-35.034473,-6.2820823],[-35.0343074,-6.2813555],[-35.0341499,-6.2809229],[-35.0338632,-6.2806194],[-35.0336266,-6.2803095],[-35.033488,-6.280091],[-35.0334383,-6.2799402],[-35.0335664,-6.2794345],[-35.0336245,-6.2786404],[-35.0337389,-6.2779687],[-35.0337441,-6.2776481],[-35.0337482,-6.277397],[-35.0335583,-6.2767241],[-35.03328,-6.2762174],[-35.0330497,-6.2756492],[-35.0330928,-6.2750573],[-35.0332086,-6.2745138],[-35.0335796,-6.2739021],[-35.034447,-6.2730741],[-35.0352027,-6.272556],[-35.0356461,-6.2721473],[-35.0359342,-6.2719213],[-35.0362405,-6.2715737],[-35.0363284,-6.2714605],[-35.0366756,-6.2710129],[-35.0371738,-6.2698518],[-35.0374535,-6.2684496],[-35.037647,-6.2673388],[-35.0376668,-6.266402],[-35.0376692,-6.2662872],[-35.0376663,-6.265043],[-35.0377448,-6.2638939],[-35.0376134,-6.2628376],[-35.0374721,-6.2613844],[-35.037484,-6.2607543],[-35.0374992,-6.2599475],[-35.0374715,-6.2590181],[-35.0374373,-6.2578768],[-35.0373419,-6.2567729],[-35.0373224,-6.2554286],[-35.0370078,-6.2536579],[-35.0369537,-6.2521493],[-35.0369304,-6.2518513],[-35.0367768,-6.2498849],[-35.0368822,-6.2480901],[-35.036964,-6.2463469],[-35.0368205,-6.2454252],[-35.0366621,-6.2444076],[-35.0366263,-6.2427092],[-35.0364835,-6.2422098],[-35.0364069,-6.2415656],[-35.0363936,-6.241367],[-35.03632,-6.2402703],[-35.0361504,-6.2385025],[-35.0359904,-6.2372497],[-35.0358226,-6.2362356],[-35.0358716,-6.2357473],[-35.0359791,-6.2353981],[-35.0365858,-6.2346087],[-35.0372178,-6.2339717],[-35.0377151,-6.2337716],[-35.0380614,-6.2337327],[-35.0388801,-6.2333903],[-35.0393926,-6.2329933],[-35.0401077,-6.2327579],[-35.0406896,-6.2323434],[-35.0409551,-6.2317024],[-35.0409572,-6.2316974],[-35.0410284,-6.2314623],[-35.0412413,-6.2307594],[-35.0414524,-6.2293927],[-35.0415562,-6.2286005],[-35.041572,-6.2284802],[-35.0418839,-6.2270103],[-35.0421663,-6.2265551],[-35.0426393,-6.2263145],[-35.0435538,-6.2260797],[-35.0448966,-6.2257609],[-35.0457802,-6.2258144],[-35.0471043,-6.2258173],[-35.0478075,-6.2256455],[-35.0483766,-6.2255239],[-35.0491093,-6.2255869],[-35.0496605,-6.2257899],[-35.0502738,-6.2260611],[-35.0508042,-6.2263207],[-35.0513494,-6.2262828],[-35.0522874,-6.2261515],[-35.0528569,-6.225942],[-35.0533182,-6.2258976],[-35.0537735,-6.2259539],[-35.0539921,-6.2260999],[-35.0543633,-6.2263904],[-35.0546076,-6.226314],[-35.0550111,-6.2260602],[-35.0552217,-6.225797],[-35.0555454,-6.2254335],[-35.0559333,-6.2252675],[-35.0563879,-6.2252714],[-35.0569985,-6.2254764],[-35.0570317,-6.2255201],[-35.057251,-6.2258083],[-35.0573341,-6.22611],[-35.0574432,-6.2262457],[-35.057569,-6.2265534],[-35.0579168,-6.2270008],[-35.0582173,-6.2272533],[-35.0584057,-6.2273287],[-35.0586678,-6.2274336],[-35.059194,-6.2274228],[-35.0595613,-6.2273287],[-35.0601476,-6.2271784],[-35.0611715,-6.2265765],[-35.0622358,-6.2257895],[-35.0633293,-6.2247088],[-35.0640512,-6.2239326],[-35.0647653,-6.2230906],[-35.065238,-6.2223815],[-35.0655807,-6.221828],[-35.0657923,-6.2213329],[-35.0658808,-6.221164],[-35.0661381,-6.2210363],[-35.0663627,-6.2209574],[-35.0668153,-6.2209772],[-35.0670217,-6.2210966],[-35.067337,-6.2212788],[-35.0679189,-6.2215338],[-35.068377,-6.2219765],[-35.0687516,-6.2223592],[-35.0691686,-6.2225462],[-35.0696834,-6.2224875],[-35.0697051,-6.222485],[-35.0704377,-6.2222213],[-35.0712893,-6.221709],[-35.0723615,-6.2206812],[-35.0729988,-6.2197678],[-35.0738061,-6.2187789],[-35.0744916,-6.2176194],[-35.0752919,-6.2162571],[-35.0762102,-6.2146701],[-35.0769589,-6.213379],[-35.0780922,-6.2112986],[-35.0781173,-6.2112242],[-35.0786667,-6.209591],[-35.0792681,-6.207759],[-35.0800212,-6.2050225],[-35.0810916,-6.2004915],[-35.08193,-6.1963131],[-35.0820978,-6.1943514],[-35.0826235,-6.1898506],[-35.0826695,-6.1888101],[-35.0829467,-6.1883937],[-35.0833567,-6.188118],[-35.0838728,-6.1876358],[-35.0841064,-6.1873686],[-35.0841206,-6.1873142],[-35.0841141,-6.1872602],[-35.0840965,-6.1872157],[-35.0840814,-6.1871652],[-35.0840718,-6.1871253],[-35.0840824,-6.1870664],[-35.0841223,-6.1870057],[-35.084206,-6.1869536],[-35.0843183,-6.1869806],[-35.0843976,-6.1870364],[-35.0844401,-6.187083],[-35.0845251,-6.1871389],[-35.0845578,-6.1871485],[-35.0846099,-6.1871637],[-35.0846241,-6.1871668],[-35.0847182,-6.1871758],[-35.0847343,-6.1871811],[-35.0848741,-6.1871544],[-35.08503,-6.1870989],[-35.0852569,-6.1869802],[-35.0854476,-6.1868551],[-35.0856527,-6.1866775],[-35.0862923,-6.1860296],[-35.086913,-6.1854545],[-35.0872849,-6.1852535],[-35.0876278,-6.1850012],[-35.0880278,-6.1843249],[-35.0882764,-6.183789],[-35.0888533,-6.1824673],[-35.0890505,-6.1820272],[-35.0892578,-6.1817519],[-35.0896149,-6.1814652],[-35.0898091,-6.1812511],[-35.0899447,-6.180965],[-35.0900565,-6.180482],[-35.0903848,-6.1801917],[-35.0905249,-6.180029],[-35.0905917,-6.1803374],[-35.0909487,-6.1819835],[-35.0909271,-6.1826965],[-35.0912142,-6.1834384],[-35.0928965,-6.1843703],[-35.0938867,-6.1834492],[-35.0940395,-6.1836685],[-35.0977678,-6.1874606],[-35.097914,-6.1876093],[-35.0997121,-6.1885018],[-35.1023615,-6.1888049],[-35.1048704,-6.1886151],[-35.1071121,-6.1881568],[-35.1107888,-6.1869451],[-35.1280687,-6.200674],[-35.1499421,-6.2181082],[-35.1497707,-6.2207185],[-35.1505619,-6.2218442],[-35.1517414,-6.2235225],[-35.1530528,-6.2269894],[-35.1530194,-6.2299968],[-35.1527122,-6.2326086],[-35.1528012,-6.233598],[-35.1528266,-6.2338803],[-35.1528305,-6.2339243],[-35.1528366,-6.2339917],[-35.1531327,-6.2372829],[-35.1531385,-6.2373478],[-35.153162,-6.2376081],[-35.1531305,-6.2404843],[-35.1533251,-6.2409062],[-35.1534381,-6.2411512],[-35.154602,-6.2436751],[-35.1552478,-6.2460626],[-35.1559974,-6.2566665],[-35.1549941,-6.2615523],[-35.1549543,-6.2634983],[-35.1549749,-6.2636807],[-35.1553587,-6.2670738],[-35.1554266,-6.2676745],[-35.1549492,-6.2675767],[-35.15456,-6.2677308],[-35.1518488,-6.2688078],[-35.1517893,-6.2692634],[-35.151275,-6.270132],[-35.1487123,-6.2733647],[-35.148295,-6.2745663],[-35.1473193,-6.2791763],[-35.1471224,-6.2857662],[-35.1473753,-6.28861],[-35.1482847,-6.2923005],[-35.1482907,-6.2935431],[-35.1475262,-6.2957296],[-35.1471293,-6.297495],[-35.1463586,-6.2986844],[-35.1452516,-6.2990276],[-35.1438123,-6.2972748],[-35.1396552,-6.2950228],[-35.1357349,-6.2909892],[-35.1355949,-6.2908451],[-35.13129,-6.2864159],[-35.1285158,-6.2853216],[-35.1235157,-6.2845271],[-35.1167638,-6.281753],[-35.1154327,-6.2810996],[-35.1141679,-6.2788149],[-35.1127041,-6.2776702],[-35.1118478,-6.2771345],[-35.1109046,-6.2768223],[-35.1099621,-6.2768278],[-35.108477,-6.2764722],[-35.1073995,-6.2757581],[-35.1067394,-6.2733105],[-35.1060167,-6.2720556],[-35.1038988,-6.270311],[-35.0988919,-6.2690487],[-35.096696,-6.2690577],[-35.0951851,-6.2688601],[-35.0940199,-6.2690451],[-35.0914623,-6.269101],[-35.0901171,-6.2689708],[-35.0882502,-6.2685962],[-35.0874408,-6.2680149],[-35.0843851,-6.2671722],[-35.0818948,-6.267026],[-35.07899,-6.2665009],[-35.0776699,-6.265963],[-35.0766828,-6.2658323],[-35.0756059,-6.2659276],[-35.0747103,-6.2664711],[-35.0734503,-6.2676167],[-35.0725864,-6.2685689],[-35.0711629,-6.2717669],[-35.0704707,-6.2726006],[-35.0704383,-6.2726161],[-35.0665225,-6.274489],[-35.0644472,-6.2761557],[-35.0636455,-6.2772817],[-35.0616743,-6.2790867],[-35.059741,-6.279906],[-35.0530853,-6.2805828],[-35.0505968,-6.2811109],[-35.0474175,-6.2823825],[-35.0451308,-6.2836048],[-35.0442889,-6.2838453],[-35.0414245,-6.2848933],[-35.0385406,-6.2851512],[-35.0380492,-6.2851951],[-35.0357149,-6.2862132],[-35.0353331,-6.2861958],[-35.0349512,-6.2861783],[-35.0349189,-6.2861936],[-35.0343088,-6.2863708],[-35.033395,-6.2863985]]]},"properties":{"CD_MUN":"2414209","NM_MUN":"Tibau do Sul","CD_RGI":"240003","NM_RGI":"Canguaretama","CD_RGINT":"2401","NM_RGINT":"Natal","CD_UF":"24","NM_UF":"Rio Grande do Norte","SIGLA_UF":"RN","CD_REGIA":"2","NM_REGIA":"Nordeste","SIGLA_RG":"NE","CD_CONCU":"","NM_CONCU":"","AREA_KM2":102.68}},
{"type":"Feature","geometry":{"type":"Polygon","coordinates":[[[-36.8937283,-5.9749562],[-36.90136,-5.974034],[-36.9025841,-5.9744101],[-36.9034243,-5.9756306],[-36.9046772,-5.9757589],[-36.9067678,-5.9754599],[-36.9081288,-5.9736465],[-36.9105769,-5.973173],[-36.9111411,-5.9730639],[-36.9124403,-5.9724762],[-36.9143834,-5.97105],[-36.9147674,-5.9699447],[-36.9137153,-5.9668396],[-36.9140397,-5.9659873],[-36.9148285,-5.9656209],[-36.9179537,-5.9653785],[-36.9189422,-5.9656929],[-36.9237899,-5.9685331],[-36.9258859,-5.9714926],[-36.92662,-5.9717925],[-36.9276718,-5.9717389],[-36.9297332,-5.9706253],[-36.9319305,-5.9682231],[-36.9329848,-5.9678888],[-36.9350783,-5.9689733],[-36.936598,-5.9683548],[-36.9397306,-5.9626833],[-36.9413042,-5.9582937],[-36.9411352,-5.9571017],[-36.9395078,-5.9545988],[-36.9392511,-5.9532664],[-36.9397595,-5.9517089],[-36.9420729,-5.9478879],[-36.9429221,-5.9473524],[-36.9442628,-5.9472448],[-36.9446343,-5.9465296],[-36.9460975,-5.9398768],[-36.9473635,-5.9370185],[-36.9508125,-5.9351014],[-36.951021,-5.934053],[-36.9503293,-5.9316116],[-36.9505097,-5.9304203],[-36.9513877,-5.9296863],[-36.9590656,-5.928268],[-36.9647707,-5.9246883],[-36.9696354,-5.9185246],[-36.9730971,-5.9128065],[-36.973578,-5.9091801],[-36.9722501,-5.9048074],[-36.9695759,-5.9024152],[-36.9610073,-5.9002835],[-36.9594936,-5.8992582],[-36.957869,-5.8964161],[-36.9565557,-5.8888685],[-36.9551722,-5.8843256],[-36.9504657,-5.8788054],[-36.9437757,-5.8739595],[-36.9409188,-5.8729845],[-36.9380125,-5.870704],[-36.9369688,-5.8684321],[-36.9368039,-5.8658792],[-36.9376292,-5.8638421],[-36.9403207,-5.8614677],[-36.9420242,-5.8583558],[-36.9445293,-5.8579835],[-36.9477494,-5.8565234],[-36.9503752,-5.8553329],[-36.9504584,-5.8552952],[-36.9520946,-5.8555205],[-36.9534007,-5.8561364],[-36.9545669,-5.8559971],[-36.955016,-5.8555605],[-36.9567097,-5.8539149],[-36.9588863,-5.8538483],[-36.9597125,-5.8529053],[-36.9605113,-5.8498845],[-36.9660317,-5.846299],[-36.9667969,-5.8409842],[-36.9774003,-5.8136212],[-36.9851364,-5.8153785],[-36.9900385,-5.8172004],[-37.0021088,-5.8271048],[-37.0062153,-5.8314877],[-37.0096578,-5.8371247],[-37.0117326,-5.8583987],[-37.0144888,-5.8651943],[-37.0153571,-5.8708465],[-37.0197553,-5.8768052],[-37.0265142,-5.8847927],[-37.0307186,-5.8884761],[-37.0354678,-5.8907436],[-37.0355751,-5.8910692],[-37.0528348,-5.9425616],[-37.062248,-5.9706446],[-37.0668849,-5.9844899],[-37.0669226,-5.9846024],[-37.1221629,-5.9548714],[-37.1286947,-5.9564029],[-37.1318907,-5.9633628],[-37.1311699,-5.9680933],[-37.1432855,-5.9792057],[-37.147944,-5.9908635],[-37.154491,-5.9925518],[-37.1545717,-5.9928456],[-37.1545831,-5.992887],[-37.1546652,-5.9931857],[-37.159009,-6.0090269],[-37.1594307,-6.0105646],[-37.1623382,-6.0211712],[-37.1626162,-6.0221813],[-37.1739313,-6.0480159],[-37.1755462,-6.0529347],[-37.1755727,-6.0549393],[-37.1740423,-6.0642268],[-37.1713187,-6.0768686],[-37.1705605,-6.0830552],[-37.1705499,-6.086182],[-37.1724627,-6.0952452],[-37.1726376,-6.0985592],[-37.1726518,-6.0988296],[-37.1715712,-6.1013003],[-37.167667,-6.1058484],[-37.1667862,-6.1086455],[-37.1669753,-6.1103557],[-37.166989,-6.1103889],[-37.1683879,-6.1137889],[-37.1702423,-6.1176493],[-37.1709717,-6.1200637],[-37.1717399,-6.1306187],[-37.1749836,-6.1382643],[-37.1750961,-6.1421831],[-37.1736686,-6.1441267],[-37.1735499,-6.1453067],[-37.1718024,-6.1463773],[-37.171295,-6.1493192],[-37.170588,-6.1502746],[-37.1689292,-6.150837],[-37.166381,-6.1539088],[-37.1650419,-6.153975],[-37.1609063,-6.152247],[-37.1577873,-6.1527078],[-37.156923,-6.1524882],[-37.1553316,-6.1520827],[-37.1515487,-6.1523612],[-37.1456207,-6.1506007],[-37.1434117,-6.1508479],[-37.1403861,-6.1523566],[-37.1329634,-6.1541822],[-37.1302672,-6.156012],[-37.1266757,-6.1568772],[-37.1281924,-6.1580784],[-37.1296802,-6.1613099],[-37.1353053,-6.1672976],[-37.1370151,-6.1698414],[-37.1372288,-6.1707481],[-37.1366826,-6.1716171],[-37.1331629,-6.1745762],[-37.133196,-6.175448],[-37.1391714,-6.1790538],[-37.1407196,-6.1809518],[-37.1406016,-6.183075],[-37.1398205,-6.1833817],[-37.1381849,-6.1827265],[-37.1369424,-6.1831258],[-37.1365224,-6.1843343],[-37.1328861,-6.1876747],[-37.1326712,-6.1880448],[-37.1308593,-6.1911655],[-37.129195,-6.1925501],[-37.1295144,-6.1932606],[-37.1321019,-6.1950525],[-37.1331762,-6.197839],[-37.132673,-6.1993224],[-37.1328269,-6.2003375],[-37.1341955,-6.2019985],[-37.1338855,-6.2031296],[-37.1317072,-6.2054404],[-37.1320904,-6.2076525],[-37.1319475,-6.2084262],[-37.1316561,-6.2087676],[-37.1304659,-6.2092803],[-37.1273258,-6.2086544],[-37.1263491,-6.2092186],[-37.1249945,-6.208153],[-37.1244029,-6.2064506],[-37.1232897,-6.2059916],[-37.1213019,-6.2074772],[-37.1184124,-6.2074279],[-37.1165698,-6.2061904],[-37.1161263,-6.2075298],[-37.116567,-6.2114901],[-37.1161243,-6.21344],[-37.115629,-6.2139036],[-37.1144728,-6.2141214],[-37.1131098,-6.2154361],[-37.1121514,-6.2156305],[-37.1107533,-6.2158366],[-37.105944,-6.2148359],[-37.1041781,-6.2157549],[-37.103771,-6.2173597],[-37.1044826,-6.2194195],[-37.1043937,-6.2200082],[-37.1040032,-6.2209146],[-37.1022773,-6.223197],[-37.0992328,-6.2243671],[-37.0974993,-6.2262477],[-37.0971579,-6.2270056],[-37.0970917,-6.2311868],[-37.0965278,-6.232113],[-37.0956223,-6.2324572],[-37.0935233,-6.2318186],[-37.0900317,-6.2353004],[-37.0866633,-6.2346072],[-37.085421,-6.2349401],[-37.0847847,-6.2368533],[-37.0826311,-6.2383886],[-37.0816263,-6.2406443],[-37.0809101,-6.24065],[-37.0792326,-6.2386621],[-37.0757026,-6.2381259],[-37.0739673,-6.238493],[-37.0717662,-6.236535],[-37.0700798,-6.2374759],[-37.0629434,-6.2182177],[-37.0457156,-6.2239157],[-37.0451274,-6.2240384],[-37.0333576,-6.226494],[-37.0166317,-6.2228164],[-37.0031195,-6.2216917],[-36.9908236,-6.2130153],[-36.9875336,-6.2094072],[-36.9846638,-6.2052037],[-36.9816458,-6.2034052],[-36.9799925,-6.2017839],[-36.9772229,-6.197198],[-36.9736656,-6.1925127],[-36.9710557,-6.191305],[-36.9680999,-6.1907184],[-36.9590876,-6.19119],[-36.9573171,-6.1907638],[-36.9486073,-6.185411],[-36.946044,-6.1843279],[-36.9397311,-6.1843053],[-36.9345784,-6.1883545],[-36.9291376,-6.1842628],[-36.9255087,-6.1821055],[-36.9216781,-6.1814591],[-36.9181291,-6.1816488],[-36.9144864,-6.1829203],[-36.911477,-6.1863365],[-36.9043162,-6.1848093],[-36.9018672,-6.1815847],[-36.900585,-6.1807213],[-36.8969526,-6.1798505],[-36.8921508,-6.1766168],[-36.8931382,-6.1614938],[-36.894196,-6.1452928],[-36.8984724,-6.1414179],[-36.9005073,-6.1356611],[-36.9018606,-6.1342808],[-36.9122698,-6.1337941],[-36.9244638,-6.1319944],[-36.9330772,-6.0933239],[-36.9340489,-6.088957],[-36.9339283,-6.0888833],[-36.9337818,-6.0887938],[-36.9313498,-6.0873081],[-36.9255712,-6.0837779],[-36.9211643,-6.0820477],[-36.9118116,-6.0818788],[-36.8993483,-6.0859218],[-36.8987268,-6.0857739],[-36.8921656,-6.0788681],[-36.8853104,-6.071136],[-36.8750903,-6.0633173],[-36.8697442,-6.060958],[-36.8714153,-6.0536356],[-36.8701065,-6.0511318],[-36.8677875,-6.0484806],[-36.8587193,-6.0458005],[-36.8553922,-6.0442805],[-36.8488953,-6.0378328],[-36.8480649,-6.0362099],[-36.8478795,-6.0346531],[-36.853151,-6.0301846],[-36.8545116,-6.0275129],[-36.8546483,-6.0252704],[-36.8509079,-6.0169022],[-36.8502765,-6.0142304],[-36.8490555,-6.0116284],[-36.8489573,-6.0103315],[-36.8504676,-6.006147],[-36.852607,-6.0028811],[-36.8530783,-6.0007889],[-36.8541852,-5.9992207],[-36.8545083,-5.9962276],[-36.8550759,-5.9953794],[-36.8572616,-5.9947156],[-36.8574177,-5.9942162],[-36.8563912,-5.9937637],[-36.8562803,-5.9929116],[-36.8579902,-5.9906286],[-36.8571534,-5.9894482],[-36.8587541,-5.9871585],[-36.8587118,-5.9845615],[-36.8591519,-5.9841407],[-36.860847,-5.9839472],[-36.8616268,-5.981554],[-36.8638094,-5.9814867],[-36.8651904,-5.9824391],[-36.8660838,-5.9823342],[-36.8662862,-5.9802511],[-36.8679027,-5.9796602],[-36.8682732,-5.9784482],[-36.8684763,-5.9735467],[-36.8694923,-5.9726892],[-36.8704531,-5.9731605],[-36.8722288,-5.9758119],[-36.8731093,-5.976422],[-36.8770058,-5.9759978],[-36.8799176,-5.9777105],[-36.8814533,-5.9765384],[-36.8817839,-5.9742268],[-36.8827298,-5.9741494],[-36.8851223,-5.97495],[-36.8878392,-5.9736581],[-36.8885655,-5.9741743],[-36.88863,-5.9766225],[-36.8922538,-5.9771524],[-36.8926644,-5.9769438],[-36.8937283,-5.9749562]]]},"properties":{"CD_MUN":"2406106","NM_MUN":"Jucurutu","CD_RGI":"240007","NM_RGI":"Caicó","CD_RGINT":"2402","NM_RGINT":"Caicó","CD_UF":"24","NM_UF":"Rio Grande do Norte","SIGLA_UF":"RN","CD_REGIA":"2","NM_REGIA":"Nordeste","SIGLA_RG":"NE","CD_CONCU":"","NM_CONCU":"","AREA_KM2":933.73}},
{"type":"Feature","geometry":{"type":"Polygon","coordinates":[[[-37.578560304616396,-5.5716044226409895],[-37.5704615,-5.5318792],[-37.5623935,-5.4923014],[-37.6430997,-5.4163935],[-37.643645,-5.4158806],[-37.6556591,-5.43239],[-37.6916799,-5.4818882],[-37.71162,-5.5092891],[-37.7614362,-5.5777445],[-37.7610586,-5.5780089],[-37.7338807,-5.5970396],[-37.7184152,-5.607869],[-37.7026668,-5.6179008],[-37.7016516,-5.6185475],[-37.6995165,-5.6199075],[-37.6761983,-5.6347615],[-37.6761648,-5.6347827],[-37.6753687,-5.6342727],[-37.6750428,-5.634064],[-37.6749617,-5.634107],[-37.6746165,-5.6341327],[-37.6745839,-5.6340487],[-37.6745571,-5.6339275],[-37.6744976,-5.6337782],[-37.6744416,-5.6336789],[-37.6743498,-5.6334765],[-37.6742144,-5.6335334],[-37.6739187,-5.633344],[-37.6737957,-5.6333247],[-37.673334,-5.6332057],[-37.6733698,-5.6329924],[-37.6729792,-5.6327422],[-37.6582355,-5.6232987],[-37.5838868,-5.5756774],[-37.5787146,-5.5723645],[-37.5786429,-5.5720121],[-37.578643,-5.57201],[-37.578560304616396,-5.5716044226409895]]]},"properties":{"CD_MUN":"2403707","NM_MUN":"Felipe Guerra","CD_RGI":"240009","NM_RGI":"Mossoró","CD_RGINT":"2403","NM_RGINT":"Mossoró","CD_UF":"24","NM_UF":"Rio Grande do Norte","SIGLA_UF":"RN","CD_REGIA":"2","NM_REGIA":"Nordeste","SIGLA_RG":"NE","CD_CONCU":"","NM_CONCU":"","AREA_KM2":292.177}},
{"type":"Feature","geometry":{"type":"Polygon","coordinates":[[[-36.273546,-5.7092908],[-36.2745942,-5.7102154],[-36.275225,-5.7110293],[-36.2761304,-5.7128382],[-36.2768774,-5.7134906],[-36.2788803,-5.7141601],[-36.2795677,-5.7140715],[-36.282986,-5.7125737],[-36.2860016,-5.7108965],[-36.2871587,-5.7093856],[-36.2895524,-5.7067832],[-36.2908459,-5.7059516],[-36.292139,-5.7058739],[-36.2935724,-5.7063288],[-36.2977354,-5.706123],[-36.3005749,-5.7067825],[-36.3062251,-5.7074459],[-36.3069695,-5.7080378],[-36.307511,-5.7088215],[-36.3077085,-5.7096598],[-36.3076123,-5.7115856],[-36.3079232,-5.7126052],[-36.3090903,-5.7143409],[-36.3103101,-5.7180319],[-36.3109672,-5.7187879],[-36.3131715,-5.7200265],[-36.3146907,-5.720453],[-36.315723,-5.7205136],[-36.3181372,-5.7199455],[-36.3190955,-5.7199175],[-36.3197431,-5.7200022],[-36.3226952,-5.7212439],[-36.3256783,-5.7214525],[-36.3280946,-5.7209898],[-36.3297197,-5.7203535],[-36.3324097,-5.7188053],[-36.3345023,-5.7189808],[-36.3368353,-5.7187816],[-36.3400578,-5.7173292],[-36.3409853,-5.7171621],[-36.3449422,-5.7171349],[-36.3464244,-5.7173339],[-36.3491477,-5.7181291],[-36.3514156,-5.7182458],[-36.3547819,-5.7178436],[-36.3565584,-5.717304],[-36.357394,-5.7165553],[-36.3587036,-5.714441],[-36.3603532,-5.7100524],[-36.3610984,-5.7087603],[-36.3618804,-5.7079348],[-36.3635146,-5.7072942],[-36.3644385,-5.707297],[-36.3668618,-5.7082708],[-36.3708095,-5.7090196],[-36.3743275,-5.7081006],[-36.3751821,-5.7076358],[-36.378447,-5.7066056],[-36.382598,-5.7061196],[-36.3848239,-5.7055895],[-36.3862322,-5.7055252],[-36.3905634,-5.706229],[-36.3924162,-5.7062728],[-36.393823,-5.7061697],[-36.3948994,-5.7058901],[-36.3963885,-5.7052104],[-36.3991272,-5.7048282],[-36.4025052,-5.7055153],[-36.4051634,-5.7058254],[-36.4120914,-5.7056061],[-36.423169,-5.7055476],[-36.4250229,-5.7051247],[-36.4357098,-5.7012813],[-36.4442084,-5.6985801],[-36.4460253,-5.6986745],[-36.4580145,-5.7009103],[-36.4613145,-5.7012908],[-36.4639863,-5.70134],[-36.4707238,-5.7018369],[-36.4765637,-5.703484],[-36.477825,-5.7036996],[-36.479204,-5.7036758],[-36.4812678,-5.7029501],[-36.4824702,-5.7023929],[-36.482974,-5.7019382],[-36.4834801,-5.7011775],[-36.4851287,-5.6975845],[-36.4855048,-5.697311],[-36.4873065,-5.6971991],[-36.4890204,-5.6972653],[-36.4940688,-5.6982012],[-36.5009952,-5.6987205],[-36.5111696,-5.6993201],[-36.5202333,-5.6993938],[-36.523836,-5.699628],[-36.5233277,-5.691071],[-36.5324853,-5.6909661],[-36.534104,-5.6940072],[-36.5347371,-5.6951963],[-36.5355183,-5.6964491],[-36.5373881,-5.6978861],[-36.5382,-5.69851],[-36.539,-5.70178],[-36.5384618,-5.702199],[-36.5679276,-5.7575931],[-36.5648522,-5.75721],[-36.5503874,-5.7693749],[-36.5251859,-5.7653043],[-36.522031,-5.7638906],[-36.516126,-5.7604916],[-36.5091707,-5.7559424],[-36.4330492,-5.7809769],[-36.3892196,-5.7953772],[-36.3563581,-5.8490415],[-36.284752,-5.8592915],[-36.273546,-5.7092908]]]},"properties":{"CD_MUN":"2403756","NM_MUN":"Fernando Pedroza","CD_RGI":"240011","NM_RGI":"Açu","CD_RGINT":"2403","NM_RGINT":"Mossoró","CD_UF":"24","NM_UF":"Rio Grande do Norte","SIGLA_UF":"RN","CD_REGIA":"2","NM_REGIA":"Nordeste","SIGLA_RG":"NE","CD_CONCU":"","NM_CONCU":"","AREA_KM2":322.628}},
{"type":"Feature","geometry":{"type":"Polygon","coordinates":[[[-35.3499311,-6.2248793],[-35.3531153,-6.2457035],[-35.3574765,-6.274221],[-35.3575929,-6.2745797],[-35.3577542,-6.2750762],[-35.3588976,-6.276124],[-35.3595245,-6.2764349],[-35.3600952,-6.2769725],[-35.3604406,-6.2775395],[-35.3607005,-6.278364],[-35.3610144,-6.2785345],[-35.3609895,-6.2793314],[-35.3611613,-6.2796999],[-35.3619625,-6.2804379],[-35.3622109,-6.2809079],[-35.3622474,-6.2809771],[-35.3621981,-6.2823155],[-35.3626546,-6.2825415],[-35.3628546,-6.2828543],[-35.3628857,-6.2833376],[-35.3627201,-6.2845913],[-35.3631267,-6.2864394],[-35.3631283,-6.2870094],[-35.3628188,-6.2875809],[-35.3625926,-6.2877804],[-35.3625084,-6.2881514],[-35.3626242,-6.2884923],[-35.3630804,-6.2887751],[-35.3635958,-6.2893419],[-35.3639657,-6.2893406],[-35.3643096,-6.2894812],[-35.3657942,-6.2909843],[-35.3658245,-6.2914108],[-35.3654592,-6.2924652],[-35.3662367,-6.2942847],[-35.3662661,-6.2947387],[-35.3661824,-6.2951674],[-35.365872,-6.295738],[-35.3660437,-6.2961074],[-35.3660756,-6.2965916],[-35.3649442,-6.2981624],[-35.3649745,-6.2985898],[-35.3653457,-6.2988723],[-35.3663703,-6.2988967],[-35.3669663,-6.2985525],[-35.3673941,-6.2987209],[-35.3674561,-6.2998843],[-35.3667661,-6.30133],[-35.3642463,-6.3042763],[-35.3606669,-6.3079446],[-35.3596858,-6.3078709],[-35.3586251,-6.3081125],[-35.35667,-6.3095511],[-35.3555275,-6.3099524],[-35.352108,-6.3126675],[-35.3489289,-6.3145079],[-35.3472589,-6.3146453],[-35.3455068,-6.3152165],[-35.342209,-6.3152563],[-35.3400641,-6.314983],[-35.3372101,-6.3148824],[-35.334296,-6.3138162],[-35.3337849,-6.3137472],[-35.333133,-6.3137929],[-35.3325171,-6.3111381],[-35.323353,-6.2716384],[-35.3233441,-6.2716],[-35.3232354,-6.2711312],[-35.3231629,-6.2691212],[-35.3235994,-6.2666248],[-35.3236078,-6.2634238],[-35.3232994,-6.2628118],[-35.3231081,-6.2619906],[-35.3230819,-6.2614723],[-35.3238754,-6.2600339],[-35.3238737,-6.2595388],[-35.3234702,-6.25834],[-35.3234656,-6.2577048],[-35.3235775,-6.2565037],[-35.3240194,-6.2339902],[-35.3244366,-6.2327663],[-35.3259724,-6.2282609],[-35.3246119,-6.2105881],[-35.3247664,-6.2096488],[-35.3247166,-6.2091555],[-35.3243609,-6.2080736],[-35.324578,-6.2063871],[-35.3242078,-6.205529],[-35.3231531,-6.2040533],[-35.3225884,-6.2024807],[-35.3206631,-6.1984467],[-35.3205491,-6.1980029],[-35.3210379,-6.1968694],[-35.3210508,-6.1961695],[-35.320854,-6.1949933],[-35.320437,-6.1940555],[-35.3201294,-6.1927201],[-35.3194237,-6.1916893],[-35.3192159,-6.1912131],[-35.3189557,-6.1909586],[-35.3393719,-6.1854459],[-35.341744,-6.190308],[-35.344336,-6.193469],[-35.345283,-6.1950756],[-35.3454269,-6.1953198],[-35.3457929,-6.1971146],[-35.345727,-6.1984068],[-35.3451057,-6.2028089],[-35.345126,-6.2035799],[-35.3451278,-6.2036515],[-35.3449157,-6.2037299],[-35.3449163,-6.2037356],[-35.3449519,-6.2041151],[-35.344992,-6.2045418],[-35.3450757,-6.2054107],[-35.3451861,-6.2058777],[-35.3451866,-6.2058791],[-35.3452716,-6.206149],[-35.3456239,-6.207268],[-35.3451275,-6.2087882],[-35.345414,-6.2118439],[-35.3467739,-6.2159084],[-35.3469748,-6.2167695],[-35.3476987,-6.2181673],[-35.3479019,-6.2195613],[-35.348369,-6.2210588],[-35.3494614,-6.2231333],[-35.3499311,-6.2248793]]]},"properties":{"CD_MUN":"2406155","NM_MUN":"Jundiá","CD_RGI":"240001","NM_RGI":"Natal","CD_RGINT":"2401","NM_RGINT":"Natal","CD_UF":"24","NM_UF":"Rio Grande do Norte","SIGLA_UF":"RN","CD_REGIA":"2","NM_REGIA":"Nordeste","SIGLA_RG":"NE","CD_CONCU":"","NM_CONCU":"","AREA_KM2":44.641}},
{"type":"Feature","geometry":{"type":"Polygon","coordinates":[[[-35.3581296,-6.2498125],[-35.3948726,-6.2460541],[-35.4011343,-6.2454131],[-35.4013602,-6.24539],[-35.4013823,-6.2454525],[-35.4016553,-6.2462218],[-35.4016668,-6.2484791],[-35.4011332,-6.2509063],[-35.4010916,-6.2524404],[-35.4014947,-6.2541494],[-35.4019441,-6.2551378],[-35.4039868,-6.258447],[-35.4044398,-6.2600786],[-35.4043462,-6.2612516],[-35.4051482,-6.2635261],[-35.4058934,-6.2640662],[-35.4082709,-6.2650955],[-35.4089654,-6.2656133],[-35.4098607,-6.2663502],[-35.4108038,-6.2677327],[-35.4119469,-6.2686198],[-35.4150678,-6.2697697],[-35.4173494,-6.2715413],[-35.4209384,-6.2732311],[-35.4203796,-6.2737265],[-35.4210205,-6.2743783],[-35.4220562,-6.2751427],[-35.422624,-6.2755617],[-35.4226274,-6.2755675],[-35.4255507,-6.2805772],[-35.4253549,-6.3193624],[-35.4128967,-6.3196996],[-35.4030446,-6.3204602],[-35.3936352,-6.3220155],[-35.3900896,-6.3224443],[-35.3884804,-6.3228452],[-35.369598,-6.2773979],[-35.3581296,-6.2498125]]]},"properties":{"CD_MUN":"2409209","NM_MUN":"Passagem","CD_RGI":"240002","NM_RGI":"Santo Antônio - Passa e Fica - Nova Cruz","CD_RGINT":"2401","NM_RGINT":"Natal","CD_UF":"24","NM_UF":"Rio Grande do Norte","SIGLA_UF":"RN","CD_REGIA":"2","NM_REGIA":"Nordeste","SIGLA_RG":"NE","CD_CONCU":"","NM_CONCU":"","AREA_KM2":41.215}},
{"type":"Feature","geometry":{"type":"Polygon","coordinates":[[[-35.8434425,-6.3777729],[-35.8449929,-6.3843039],[-35.8467642,-6.3881191],[-35.8477257,-6.3938523],[-35.8474298,-6.3994855],[-35.8457395,-6.4007937],[-35.8447896,-6.4027068],[-35.8478099,-6.4125254],[-35.8480639,-6.413351],[-35.8545738,-6.4345178],[-35.8480279,-6.438059],[-35.847266,-6.4391252],[-35.8472695,-6.4398699],[-35.849956,-6.4407064],[-35.8495021,-6.4477192],[-35.8481035,-6.4516578],[-35.8460829,-6.452414],[-35.8386953,-6.4525829],[-35.7900477,-6.4779201],[-35.7893382,-6.4782956],[-35.7799261,-6.4832759],[-35.7733237,-6.4828441],[-35.7747857,-6.4751379],[-35.7758081,-6.4726667],[-35.7758012,-6.4714371],[-35.7746314,-6.4679486],[-35.7743651,-6.461411],[-35.7746917,-6.4581812],[-35.7762153,-6.455752],[-35.7757372,-6.452412],[-35.7762276,-6.4509874],[-35.772985,-6.4508313],[-35.76648,-6.4437095],[-35.7664764,-6.4430574],[-35.7664399,-6.4364115],[-35.7663241,-6.4352411],[-35.7649707,-6.4215601],[-35.7648566,-6.4204072],[-35.7646792,-6.4186136],[-35.7734498,-6.4076443],[-35.7913969,-6.3999888],[-35.8434425,-6.3777729]]]},"properties":{"CD_MUN":"2407906","NM_MUN":"Monte das Gameleiras","CD_RGI":"240002","NM_RGI":"Santo Antônio - Passa e Fica - Nova Cruz","CD_RGINT":"2401","NM_RGINT":"Natal","CD_UF":"24","NM_UF":"Rio Grande do Norte","SIGLA_UF":"RN","CD_REGIA":"2","NM_REGIA":"Nordeste","SIGLA_RG":"NE","CD_CONCU":"","NM_CONCU":"","AREA_KM2":71.946}},
{"type":"Feature","geometry":{"type":"Polygon","coordinates":[[[-37.9131466,-5.903535],[-37.913595,-5.9023967],[-37.9131199,-5.9012327],[-37.9125408,-5.90065],[-37.9128501,-5.8995417],[-37.9141857,-5.8983994],[-37.9162498,-5.8972773],[-37.9171219,-5.8964746],[-37.9170373,-5.8957601],[-37.9160161,-5.8947325],[-37.9160868,-5.8936219],[-37.9167021,-5.8930097],[-37.9167534,-5.8923443],[-37.9156298,-5.8913843],[-37.9158226,-5.8890777],[-37.914936,-5.8885995],[-37.9145283,-5.887353],[-37.9140706,-5.8865473],[-37.9134387,-5.8859492],[-37.9133223,-5.8853],[-37.9134935,-5.8847024],[-37.9144655,-5.8842768],[-37.9149457,-5.8833726],[-37.9154442,-5.8815097],[-37.916795,-5.8549066],[-37.9169086,-5.8526686],[-37.9171083,-5.8526985],[-37.9199089,-5.8531239],[-37.925164,-5.8532706],[-37.9270928,-5.8539732],[-37.9279351,-5.8544535],[-37.929126,-5.8555222],[-37.930187,-5.8562157],[-37.9317543,-5.856864],[-37.933116,-5.8571017],[-37.935209,-5.8567338],[-37.9369441,-5.8566815],[-37.9384031,-5.8569568],[-37.9423354,-5.8588725],[-37.9453898,-5.8606239],[-37.9485834,-5.860988],[-37.9502588,-5.862482],[-37.9510039,-5.8635046],[-37.9569009,-5.8704435],[-37.9593142,-5.8722174],[-37.9602965,-5.8726668],[-37.9648882,-5.8754483],[-37.9725577,-5.8782913],[-37.9764753,-5.8815698],[-37.9782045,-5.8823978],[-37.9807458,-5.8839987],[-37.9821264,-5.8844235],[-37.9835601,-5.8843612],[-37.9861812,-5.8846287],[-37.9868083,-5.8849621],[-37.987349,-5.88553],[-37.9876951,-5.8865113],[-37.987995,-5.8893139],[-37.9883038,-5.890579],[-37.9888205,-5.8915319],[-37.9902028,-5.8931289],[-37.9915523,-5.8943679],[-37.993794,-5.8960156],[-37.9998233,-5.9014935],[-37.9995647,-5.901961],[-38.0008578,-5.9027796],[-38.0022566,-5.9047054],[-38.002721,-5.9065758],[-38.0037733,-5.90858],[-38.0067112,-5.9118975],[-38.0078347,-5.9139325],[-38.0093357,-5.9155791],[-38.0135234,-5.9179046],[-38.0177944,-5.9209885],[-38.0195278,-5.9219841],[-38.0222674,-5.9225861],[-38.0299837,-5.9230902],[-38.0306235,-5.9234215],[-38.032197,-5.9250572],[-38.0327157,-5.9258215],[-38.0328526,-5.9264481],[-38.0325432,-5.9283321],[-38.0313567,-5.930176],[-38.0310253,-5.9317616],[-38.0314734,-5.9326815],[-38.0329822,-5.9345498],[-38.0347602,-5.9362976],[-38.0357992,-5.9368203],[-38.0371844,-5.9368754],[-38.0380005,-5.9366855],[-38.04069,-5.9346115],[-38.0411751,-5.9344917],[-38.044901,-5.9356613],[-38.0262874,-5.991049],[-38.0234028,-5.9890276],[-38.0225062,-5.9877335],[-38.0163407,-5.9755186],[-38.015635,-5.9755798],[-38.0153111,-5.9760489],[-38.0160098,-5.9801094],[-38.0154946,-5.9813587],[-38.0139505,-5.9824162],[-38.012215,-5.9831636],[-38.0111866,-5.9834099],[-38.0109936,-5.9830039],[-38.0113831,-5.9808193],[-38.0111276,-5.9805683],[-38.0102899,-5.9806302],[-38.008977,-5.9817132],[-38.008553,-5.9820629],[-38.0078456,-5.9820613],[-38.007526,-5.9816247],[-38.0081059,-5.9807527],[-38.0079773,-5.9801264],[-38.0073369,-5.9799073],[-38.0067583,-5.9803431],[-38.0055327,-5.9818388],[-38.0032174,-5.9832726],[-38.0022564,-5.9828956],[-38.00224,-5.9828373],[-38.0020628,-5.9822074],[-38.0038669,-5.9793694],[-38.0043187,-5.9782456],[-38.0044486,-5.9774341],[-38.0041953,-5.975748],[-38.0045816,-5.975124],[-38.0052893,-5.9748129],[-38.006445,-5.9747521],[-38.009147,-5.9731017],[-38.011208,-5.9709194],[-38.0130135,-5.9682998],[-38.0138497,-5.9666137],[-38.0139819,-5.9650532],[-38.0133412,-5.9641148],[-38.0114147,-5.9632057],[-38.0101319,-5.9628921],[-38.0087159,-5.9632008],[-38.007557,-5.9639487],[-38.0072329,-5.9658861],[-38.0068397,-5.9705986],[-38.0061926,-5.9718476],[-38.0050368,-5.9721575],[-38.000216,-5.9727113],[-37.9987388,-5.9726465],[-37.9983534,-5.972269],[-37.9982295,-5.9712397],[-37.9961073,-5.9710497],[-37.9952713,-5.9712979],[-37.9950754,-5.972172],[-37.9951986,-5.9760427],[-37.9941669,-5.9779462],[-37.9931994,-5.9787559],[-37.9915306,-5.9787535],[-37.9897953,-5.9782511],[-37.9876767,-5.9771223],[-37.9855592,-5.9755887],[-37.98335,-5.9729841],[-37.9827373,-5.9719856],[-37.9827413,-5.9715485],[-37.9831257,-5.9711117],[-37.9831942,-5.9701758],[-37.9828098,-5.9684906],[-37.9835509,-5.9678173],[-37.9837437,-5.9674431],[-37.9829412,-5.9661127],[-37.9827855,-5.9639689],[-37.9823074,-5.9629402],[-37.981857,-5.9623755],[-37.9803245,-5.9611345],[-37.9799318,-5.9610634],[-37.9777698,-5.9614496],[-37.9759242,-5.9614989],[-37.9742538,-5.9613372],[-37.9725034,-5.9599499],[-37.9713519,-5.9585071],[-37.9704782,-5.9565601],[-37.9535874,-5.9558634],[-37.9211942,-5.9598024],[-37.9009807,-5.9446853],[-37.8960799,-5.9410209],[-37.8968448,-5.9398032],[-37.8980282,-5.9379194],[-37.8981933,-5.9363207],[-37.8996257,-5.934217],[-37.900173,-5.9317968],[-37.9000484,-5.931278],[-37.8973746,-5.9291943],[-37.8974166,-5.9279038],[-37.8991775,-5.9272367],[-37.9011837,-5.9271935],[-37.9034867,-5.9243063],[-37.9063897,-5.9220224],[-37.9078802,-5.9178318],[-37.9103193,-5.9168667],[-37.9120172,-5.9140554],[-37.9127017,-5.9137333],[-37.9124379,-5.9104416],[-37.9131466,-5.903535]]]},"properties":{"CD_MUN":"2410702","NM_MUN":"Riacho da Cruz","CD_RGI":"240010","NM_RGI":"Pau dos Ferros","CD_RGINT":"2403","NM_RGINT":"Mossoró","CD_UF":"24","NM_UF":"Rio Grande do Norte","SIGLA_UF":"RN","CD_REGIA":"2","NM_REGIA":"Nordeste","SIGLA_RG":"NE","CD_CONCU":"","NM_CONCU":"","AREA_KM2":127.223}},
{"type":"Feature","geometry":{"type":"Polygon","coordinates":[[[-36.679748,-6.5793492],[-36.6515639,-6.5858082],[-36.6474441,-6.5850639],[-36.6472264,-6.5850246],[-36.6403936,-6.5899176],[-36.6396555,-6.5908751],[-36.6393042,-6.5913308],[-36.6379742,-6.5921389],[-36.6368261,-6.5923313],[-36.6364058,-6.5924017],[-36.6311401,-6.5908289],[-36.6287242,-6.5922939],[-36.6267065,-6.5927978],[-36.6240272,-6.592173],[-36.6166726,-6.5870377],[-36.6121354,-6.5850879],[-36.5875073,-6.5847987],[-36.5754923,-6.5979275],[-36.5698362,-6.5974037],[-36.5696491,-6.598727],[-36.5682651,-6.5989169],[-36.5673195,-6.5994903],[-36.5673023,-6.5995007],[-36.5665427,-6.5999613],[-36.5648911,-6.599291],[-36.5636932,-6.5981109],[-36.5623084,-6.5978466],[-36.56122,-6.5988958],[-36.5572108,-6.6002485],[-36.5553547,-6.6043945],[-36.5521004,-6.6050856],[-36.5511253,-6.6075795],[-36.5500253,-6.6080235],[-36.5459495,-6.6070583],[-36.5414036,-6.6075339],[-36.5372813,-6.6071517],[-36.5349912,-6.6077271],[-36.5324546,-6.6070599],[-36.5283463,-6.6079202],[-36.5270413,-6.6087992],[-36.5207427,-6.6106016],[-36.5212374,-6.606982],[-36.5230136,-6.6028186],[-36.5244798,-6.6010949],[-36.5245427,-6.5996533],[-36.521911,-6.5970876],[-36.5187685,-6.5956868],[-36.5138108,-6.594393],[-36.5116575,-6.5944134],[-36.50796,-6.5954508],[-36.5056685,-6.5970378],[-36.5020231,-6.6014839],[-36.4984431,-6.6029591],[-36.4937731,-6.6035495],[-36.4892911,-6.6078634],[-36.4849956,-6.6108014],[-36.4831344,-6.6113968],[-36.4771338,-6.6125808],[-36.4734806,-6.6144067],[-36.4717091,-6.6165544],[-36.4687639,-6.6242962],[-36.4664048,-6.6284496],[-36.4629434,-6.632449],[-36.460518,-6.6343936],[-36.4591471,-6.6344657],[-36.4582856,-6.6339706],[-36.4539939,-6.6265971],[-36.4531645,-6.6260408],[-36.4493488,-6.6241976],[-36.4442814,-6.6262845],[-36.4430179,-6.6274322],[-36.4382223,-6.6292835],[-36.4362792,-6.6282245],[-36.4358581,-6.625878],[-36.439232,-6.6127059],[-36.4411475,-6.6000186],[-36.4414451,-6.595102],[-36.441073,-6.5910429],[-36.4407009,-6.5869838],[-36.4412275,-6.5737578],[-36.4422325,-6.5647059],[-36.4433936,-6.5606774],[-36.4443903,-6.5583196],[-36.4459749,-6.5562019],[-36.4491734,-6.5539142],[-36.4545003,-6.55171],[-36.4622556,-6.55033],[-36.4627004,-6.5502509],[-36.4691905,-6.5490962],[-36.4715443,-6.5483516],[-36.4756218,-6.544934],[-36.4781141,-6.5419935],[-36.4792679,-6.5398695],[-36.4807454,-6.5353318],[-36.4812306,-6.5327757],[-36.4809566,-6.5230828],[-36.4815275,-6.5206297],[-36.4826305,-6.519538],[-36.4885903,-6.5164328],[-36.4965459,-6.5150407],[-36.5004337,-6.5135075],[-36.511231,-6.5060729],[-36.5164741,-6.5029073],[-36.5192731,-6.5025502],[-36.5226891,-6.5021147],[-36.5258468,-6.5011613],[-36.527309,-6.4932429],[-36.5271782,-6.4914964],[-36.5266512,-6.4844655],[-36.528211,-6.4792842],[-36.5367132,-6.4811708],[-36.5412285,-6.4829695],[-36.5432497,-6.482755],[-36.5456655,-6.4841456],[-36.5462305,-6.4836444],[-36.5490384,-6.482903],[-36.549914,-6.4829828],[-36.5505038,-6.4840289],[-36.5514456,-6.4840772],[-36.5535681,-6.4819475],[-36.5560748,-6.4813077],[-36.5586225,-6.4781807],[-36.5593458,-6.4782442],[-36.5605175,-6.4795906],[-36.5678522,-6.4780738],[-36.5731662,-6.4765001],[-36.5784274,-6.4730413],[-36.5797772,-6.4729083],[-36.5813194,-6.4743187],[-36.585355,-6.4820411],[-36.5870656,-6.4841613],[-36.5901655,-6.4854707],[-36.5945912,-6.4854603],[-36.5970877,-6.4883288],[-36.6116904,-6.4986444],[-36.6258,-6.5112611],[-36.6243418,-6.5142709],[-36.6230684,-6.5155623],[-36.6231833,-6.5167091],[-36.6269674,-6.5195921],[-36.6294843,-6.5226212],[-36.6309165,-6.5263398],[-36.6331381,-6.5274955],[-36.6365741,-6.5280552],[-36.6426057,-6.5350291],[-36.6480995,-6.5328723],[-36.6510802,-6.5391252],[-36.6584314,-6.5546023],[-36.6656113,-6.5635692],[-36.6753199,-6.5769747],[-36.679748,-6.5793492]]]},"properties":{"CD_MUN":"2402402","NM_MUN":"Carnaúba dos Dantas","CD_RGI":"240008","NM_RGI":"Currais Novos","CD_RGINT":"2402","NM_RGINT":"Caicó","CD_UF":"24","NM_UF":"Rio Grande do Norte","SIGLA_UF":"RN","CD_REGIA":"2","NM_REGIA":"Nordeste","SIGLA_RG":"NE","CD_CONCU":"","NM_CONCU":"","AREA_KM2":246.308}},
{"type":"Feature","geometry":{"type":"MultiPolygon","coordinates":[[[[-37.136649,-5.0050526],[-37.1334193,-5.0092414],[-37.1322403,-5.0117415],[-37.1326706,-5.0182967],[-37.1324493,-5.0194713],[-37.1313657,-5.0213199],[-37.1313237,-5.0219544],[-37.1319999,-5.0243547],[-37.1317025,-5.0246517],[-37.1310295,-5.0249272],[-37.1309086,-5.0252658],[-37.1309086,-5.0257791],[-37.1313216,-5.0271827],[-37.1313936,-5.0283707],[-37.1314786,-5.0297705],[-37.1317555,-5.0304874],[-37.1333469,-5.0316725],[-37.1344535,-5.0324966],[-37.1348863,-5.0332878],[-37.1365916,-5.0353504],[-37.1381859,-5.0370045],[-37.1392146,-5.0375474],[-37.1392962,-5.0375905],[-37.1406493,-5.0380316],[-37.1409135,-5.0380527],[-37.1412795,-5.038082],[-37.1417803,-5.0406949],[-37.1422617,-5.0415236],[-37.1433252,-5.0425455],[-37.1468558,-5.0429931],[-37.1484989,-5.0437268],[-37.148645,-5.0438239],[-37.1501894,-5.0448502],[-37.1521934,-5.047041],[-37.153108,-5.0484044],[-37.1532481,-5.0503971],[-37.1529464,-5.0539441],[-37.1528066,-5.0542146],[-37.1527035,-5.0544147],[-37.1520466,-5.0556898],[-37.1517017,-5.0571935],[-37.1503912,-5.0591847],[-37.1486937,-5.0603928],[-37.1480628,-5.0611194],[-37.1485088,-5.0655434],[-37.1491812,-5.0677315],[-37.1497106,-5.0687514],[-37.1499427,-5.068996],[-37.1519306,-5.0710901],[-37.1524812,-5.0729388],[-37.1527675,-5.0747878],[-37.1528096,-5.0764876],[-37.1517353,-5.0782806],[-37.1502809,-5.080708],[-37.1483139,-5.0830825],[-37.1474357,-5.0855587],[-37.1453931,-5.0893411],[-37.1447137,-5.0901157],[-37.143613,-5.0937569],[-37.1433159,-5.0960898],[-37.142924,-5.0975471],[-37.1413688,-5.0997296],[-37.1409544,-5.1011828],[-37.1376046,-5.1045757],[-37.1374079,-5.105352],[-37.1339151,-5.1079173],[-37.1305411,-5.1111627],[-37.1255444,-5.1153278],[-37.1212481,-5.1194444],[-37.1180458,-5.1218657],[-37.1114052,-5.1246507],[-37.1115329,-5.1137387],[-37.1117313,-5.0967826],[-37.0508011,-5.0965867],[-37.0509381,-5.0597725],[-37.0477882,-5.0597602],[-37.0474212,-5.0597588],[-37.0284344,-5.0596855],[-37.0286141,-5.0424589],[-37.0113197,-5.0424056],[-37.0114239,-5.0219464],[-36.9657943,-5.0218677],[-36.965952,-4.9858903],[-36.9131047,-4.9894627],[-36.9122185,-4.9895226],[-36.9082604,-4.9897901],[-36.9080507,-4.9891863],[-36.907841,-4.9885825],[-36.9066477,-4.9838932],[-36.9013606,-4.9789782],[-36.8991856,-4.9772944],[-36.8962791,-4.9768209],[-36.8895164,-4.9765198],[-36.8866714,-4.9759602],[-36.8858131,-4.9759893],[-36.8849983,-4.976497],[-36.8840985,-4.9764734],[-36.8831965,-4.9759626],[-36.88184,-4.9756822],[-36.8808725,-4.9750226],[-36.8799921,-4.9749816],[-36.8769986,-4.9732011],[-36.8735615,-4.9717653],[-36.8695537,-4.972136],[-36.8662783,-4.9735966],[-36.8630141,-4.9745166],[-36.8609035,-4.9730031],[-36.8577809,-4.9735161],[-36.8556673,-4.9723196],[-36.8569286,-4.9708142],[-36.8573069,-4.9702445],[-36.8576941,-4.9696884],[-36.8578905,-4.9692791],[-36.8581979,-4.9689221],[-36.8585019,-4.9686218],[-36.8589666,-4.9683085],[-36.8594103,-4.9677777],[-36.8598944,-4.9671793],[-36.8604719,-4.9667021],[-36.8608936,-4.9661585],[-36.8613256,-4.9654448],[-36.8620229,-4.9646903],[-36.8623659,-4.9643127],[-36.8631542,-4.9635637],[-36.864452,-4.9622461],[-36.8649744,-4.9615492],[-36.8653483,-4.9606944],[-36.8654165,-4.9604533],[-36.8655063,-4.9601359],[-36.8660297,-4.9592342],[-36.8665928,-4.9586195],[-36.8671443,-4.9581096],[-36.8674834,-4.9579822],[-36.8678718,-4.9579829],[-36.8683123,-4.9579647],[-36.8683185,-4.9579644],[-36.8689032,-4.9579316],[-36.8693078,-4.9578536],[-36.8697935,-4.9577578],[-36.8700323,-4.9575902],[-36.8702845,-4.9573892],[-36.8708285,-4.9568986],[-36.8713418,-4.9567248],[-36.8724909,-4.9564301],[-36.8737204,-4.955604],[-36.8747081,-4.9548825],[-36.87483,-4.9547934],[-36.8755694,-4.95407],[-36.8761286,-4.9534798],[-36.8767429,-4.9527763],[-36.877299,-4.9520743],[-36.877437,-4.9518426],[-36.8775098,-4.9515521],[-36.8776371,-4.9512718],[-36.8777263,-4.9510509],[-36.8779235,-4.9508639],[-36.878147,-4.9506991],[-36.8785116,-4.9505909],[-36.8789235,-4.9505479],[-36.8790104,-4.9505388],[-36.8793678,-4.9505249],[-36.8794244,-4.9505227],[-36.8798453,-4.9505071],[-36.880443,-4.950413],[-36.8811599,-4.9502849],[-36.8816238,-4.9501278],[-36.882161,-4.9499066],[-36.8825241,-4.9497091],[-36.8827511,-4.9495994],[-36.8831838,-4.9495022],[-36.8834178,-4.9495027],[-36.8840363,-4.9497459],[-36.8842767,-4.9499181],[-36.8846849,-4.950224],[-36.8852956,-4.9507068],[-36.8857235,-4.9510276],[-36.8864662,-4.9514909],[-36.8877488,-4.9521445],[-36.8881515,-4.9523129],[-36.8885256,-4.9523836],[-36.8891501,-4.9524145],[-36.8899118,-4.9524538],[-36.8912312,-4.9524925],[-36.8936001,-4.952389],[-36.8946566,-4.9523364],[-36.8955937,-4.952208],[-36.8962142,-4.9520809],[-36.8972265,-4.9518473],[-36.8978395,-4.9516169],[-36.8984079,-4.9514387],[-36.8989123,-4.9514076],[-36.8993247,-4.9514188],[-36.8998297,-4.9514905],[-36.9002907,-4.9516076],[-36.900898,-4.9517091],[-36.9025103,-4.9515124],[-36.9063776,-4.9507541],[-36.9072534,-4.9505318],[-36.9101087,-4.9498072],[-36.9145577,-4.9481689],[-36.9188313,-4.9465193],[-36.9213887,-4.9453472],[-36.9253235,-4.9432029],[-36.9338879,-4.9378289],[-36.9423461,-4.9318474],[-36.9482766,-4.927148],[-36.9537923,-4.9230463],[-36.955574,-4.9217977],[-36.9568946,-4.9208211],[-36.9581374,-4.9199773],[-36.9582886,-4.9198785],[-36.9584942,-4.9197074],[-36.9588137,-4.9194501],[-36.9590572,-4.9192488],[-36.9592933,-4.9190729],[-36.9594748,-4.9189427],[-36.959688,-4.9188116],[-36.9599695,-4.9186349],[-36.9603391,-4.9184779],[-36.9605329,-4.9184281],[-36.9607448,-4.9184328],[-36.9608867,-4.9184414],[-36.96109,-4.9185372],[-36.9611841,-4.9186154],[-36.9613261,-4.9186964],[-36.9614964,-4.9187818],[-36.9617598,-4.9188596],[-36.9619931,-4.918959],[-36.9621966,-4.9189846],[-36.9623395,-4.9189719],[-36.9624483,-4.9189598],[-36.9625961,-4.9189128],[-36.9626889,-4.9188731],[-36.9628266,-4.9188414],[-36.9630624,-4.9188548],[-36.963178,-4.9188633],[-36.9632247,-4.9188667],[-36.9633811,-4.9189429],[-36.9634826,-4.9189971],[-36.9636333,-4.9191695],[-36.9637579,-4.9193387],[-36.9639015,-4.91955],[-36.964049,-4.9198318],[-36.9641154,-4.9199333],[-36.9645777,-4.9206405],[-36.9647996,-4.9209799],[-36.9658089,-4.922505],[-36.9669998,-4.924179],[-36.9675322,-4.9249354],[-36.9680228,-4.9254791],[-36.9683964,-4.925891],[-36.9691787,-4.9265224],[-36.9702173,-4.9272427],[-36.971311,-4.9280253],[-36.9725068,-4.9287984],[-36.9742157,-4.9298692],[-36.9751701,-4.9303707],[-36.9768264,-4.9310485],[-36.9779391,-4.9313882],[-36.9789412,-4.9316201],[-36.9803924,-4.9317934],[-36.9816928,-4.9318954],[-36.9829637,-4.9319488],[-36.9841326,-4.9318792],[-36.9856124,-4.9317116],[-36.9872384,-4.9314515],[-36.9892316,-4.9310068],[-36.992684,-4.9301484],[-36.9955468,-4.9295184],[-36.9990441,-4.9286937],[-37.0005406,-4.9284642],[-37.0011559,-4.9285014],[-37.0018731,-4.9286615],[-37.0024971,-4.9289406],[-37.0028761,-4.9291348],[-37.0033146,-4.9293794],[-37.0037651,-4.9298115],[-37.0044734,-4.93089],[-37.0052514,-4.9324987],[-37.0063042,-4.9338239],[-37.0077352,-4.9351593],[-37.0081103,-4.935548],[-37.0087536,-4.9360229],[-37.0093349,-4.9363617],[-37.0101031,-4.9367118],[-37.0111259,-4.9371569],[-37.0118247,-4.9373626],[-37.0124074,-4.9374212],[-37.0131761,-4.9375065],[-37.0143514,-4.9377176],[-37.0150896,-4.9379179],[-37.0159213,-4.9383809],[-37.0166777,-4.9389808],[-37.0172097,-4.939488],[-37.0175042,-4.9397861],[-37.0181303,-4.9401588],[-37.018579,-4.9403649],[-37.0191253,-4.9405613],[-37.0209537,-4.9412168],[-37.0219808,-4.9415513],[-37.0231011,-4.9420239],[-37.0238758,-4.9424112],[-37.0250056,-4.9432426],[-37.0258001,-4.943853],[-37.0266321,-4.9444923],[-37.0280194,-4.9455885],[-37.0298501,-4.946831],[-37.0319222,-4.9479838],[-37.0333311,-4.9487364],[-37.0351518,-4.9493705],[-37.0372554,-4.9498712],[-37.0390151,-4.9501164],[-37.0405623,-4.9501867],[-37.0427179,-4.9500215],[-37.0448908,-4.9495885],[-37.0473369,-4.9489308],[-37.0503848,-4.9479055],[-37.0521869,-4.9472622],[-37.053974,-4.9465904],[-37.056157,-4.9456115],[-37.0586656,-4.9442804],[-37.0614748,-4.9426502],[-37.0620469,-4.9423182],[-37.0647423,-4.9406435],[-37.0675051,-4.9387884],[-37.0695212,-4.937481],[-37.0715907,-4.9361445],[-37.0731525,-4.9350732],[-37.0743765,-4.9341166],[-37.0755241,-4.933327],[-37.0771838,-4.9321955],[-37.0778737,-4.931702],[-37.0789972,-4.9309762],[-37.0800562,-4.9303116],[-37.0808658,-4.9297385],[-37.082136,-4.9290553],[-37.0824885,-4.928954],[-37.0826848,-4.9289192],[-37.0828616,-4.9289185],[-37.0829411,-4.9289706],[-37.0829978,-4.9291096],[-37.0829975,-4.9292156],[-37.0830884,-4.9293744],[-37.0832133,-4.929459],[-37.0834422,-4.9294855],[-37.0839673,-4.9294235],[-37.0849022,-4.9292827],[-37.085756,-4.929086],[-37.0862389,-4.9289438],[-37.0869944,-4.9287058],[-37.0878727,-4.9283984],[-37.0887332,-4.9279895],[-37.0891731,-4.9277739],[-37.0899363,-4.9275068],[-37.09055,-4.9272985],[-37.0911241,-4.9271204],[-37.0916035,-4.9269532],[-37.0920327,-4.9268134],[-37.0924814,-4.9265406],[-37.0927305,-4.926343],[-37.0929732,-4.9260564],[-37.0932857,-4.9257917],[-37.0936801,-4.9255379],[-37.093951,-4.925377],[-37.0945713,-4.9250245],[-37.0949799,-4.924825],[-37.0955426,-4.924646],[-37.0958001,-4.9246082],[-37.096122,-4.9246416],[-37.0964062,-4.9246916],[-37.0966137,-4.9246797],[-37.0968414,-4.9246582],[-37.0970074,-4.9246368],[-37.0972973,-4.9245014],[-37.0974284,-4.9244039],[-37.0976501,-4.9242623],[-37.0978225,-4.9241323],[-37.0979726,-4.9240576],[-37.0981979,-4.9239615],[-37.0983604,-4.9239248],[-37.0984803,-4.923897],[-37.0986662,-4.9238607],[-37.0988956,-4.9237659],[-37.0991913,-4.9236585],[-37.0997578,-4.9234865],[-37.1000683,-4.923402],[-37.1006701,-4.9232245],[-37.1013832,-4.9230686],[-37.1018024,-4.9229485],[-37.1022316,-4.9228506],[-37.1028546,-4.9226402],[-37.1031208,-4.9225317],[-37.1035352,-4.9224479],[-37.1038938,-4.9223772],[-37.1042345,-4.9223433],[-37.104492,-4.9223152],[-37.1048655,-4.9222941],[-37.1052559,-4.9222523],[-37.1056643,-4.9222769],[-37.1062483,-4.9223011],[-37.1065587,-4.9223198],[-37.1068581,-4.9223379],[-37.107126,-4.9224248],[-37.107517,-4.9225464],[-37.1077697,-4.9226107],[-37.1081653,-4.9227598],[-37.1085185,-4.9229772],[-37.1087937,-4.9232171],[-37.1090417,-4.9235482],[-37.1091931,-4.9238511],[-37.1094417,-4.9241859],[-37.109664,-4.9243992],[-37.1098795,-4.9245312],[-37.1102228,-4.9247092],[-37.1106072,-4.9248419],[-37.1108666,-4.9248931],[-37.1110166,-4.9249226],[-37.1113896,-4.9249779],[-37.1118549,-4.9251456],[-37.1121773,-4.925325],[-37.1122771,-4.925389],[-37.1123776,-4.9254406],[-37.1126135,-4.925427],[-37.1128801,-4.9254422],[-37.1133752,-4.9255713],[-37.1136913,-4.9256479],[-37.1142002,-4.9258038],[-37.1147928,-4.9259422],[-37.1152084,-4.9261075],[-37.1157842,-4.9264609],[-37.1163593,-4.9270038],[-37.1166189,-4.9274856],[-37.1166634,-4.9277276],[-37.1169919,-4.9284935],[-37.1170829,-4.9288399],[-37.1170411,-4.9290193],[-37.1170089,-4.9291752],[-37.1170088,-4.9291935],[-37.1170086,-4.9293175],[-37.1170771,-4.9294963],[-37.1171905,-4.9296174],[-37.1176137,-4.93],[-37.1177155,-4.9300826],[-37.1179838,-4.9303002],[-37.1184425,-4.930653],[-37.118748,-4.9309664],[-37.1191083,-4.9315168],[-37.1191936,-4.93165],[-37.1195102,-4.9321438],[-37.1201194,-4.9326282],[-37.1208634,-4.9330755],[-37.1220841,-4.9339219],[-37.1234068,-4.9346056],[-37.1245077,-4.9351358],[-37.1258889,-4.9356519],[-37.1258936,-4.9356538],[-37.1272837,-4.9361998],[-37.1286564,-4.9363443],[-37.1298481,-4.9364006],[-37.130469,-4.9363652],[-37.1312195,-4.936353],[-37.134215,-4.9361074],[-37.1375256,-4.9358876],[-37.1406822,-4.9357437],[-37.141671,-4.9356528],[-37.1426407,-4.9357323],[-37.143809,-4.9362696],[-37.1438818,-4.9363031],[-37.1444388,-4.9367357],[-37.1447646,-4.9371629],[-37.1447064,-4.9375863],[-37.1446999,-4.9378635],[-37.1447336,-4.9382803],[-37.1448215,-4.9386257],[-37.1449129,-4.9390019],[-37.1450313,-4.9394467],[-37.1450397,-4.9403066],[-37.1450443,-4.9408163],[-37.1450073,-4.9413246],[-37.1449334,-4.9414892],[-37.1447764,-4.9416418],[-37.1439882,-4.9417563],[-37.1434242,-4.9418546],[-37.1429311,-4.9419807],[-37.1425433,-4.9421912],[-37.1419516,-4.9425885],[-37.1409265,-4.9432625],[-37.1400987,-4.9438416],[-37.1394335,-4.9445299],[-37.138445,-4.9455393],[-37.137404,-4.9472594],[-37.138556,-4.9479494],[-37.1379748,-4.9487618],[-37.137686,-4.9497042],[-37.1373644,-4.9507518],[-37.1373203,-4.9508953],[-37.1373155,-4.9528218],[-37.1373138,-4.953498],[-37.1382749,-4.9569387],[-37.1385793,-4.9574269],[-37.1411249,-4.9615085],[-37.1433531,-4.9650827],[-37.1445409,-4.9669881],[-37.1465188,-4.9718255],[-37.1473422,-4.9751728],[-37.1474262,-4.977961],[-37.1469099,-4.9802808],[-37.1453326,-4.9825061],[-37.1414403,-4.9849225],[-37.1366898,-4.9871086],[-37.1337086,-4.9890668],[-37.1320934,-4.9906346],[-37.131192,-4.9924306],[-37.1310515,-4.9945835],[-37.1316453,-4.998584],[-37.1323124,-5.0003831],[-37.1349877,-5.0036407],[-37.136649,-5.0050526]]],[[[-37.0457528,-4.8166796],[-37.0450126,-4.8188138],[-37.0441246,-4.8185414],[-37.0448289,-4.8163592],[-37.0457528,-4.8166796]]]]},"properties":{"CD_MUN":"2401107","NM_MUN":"Areia Branca","CD_RGI":"240009","NM_RGI":"Mossoró","CD_RGINT":"2403","NM_RGINT":"Mossoró","CD_UF":"24","NM_UF":"Rio Grande do Norte","SIGLA_UF":"RN","CD_REGIA":"2","NM_REGIA":"Nordeste","SIGLA_RG":"NE","CD_CONCU":"","NM_CONCU":"","AREA_KM2":342.749}},
{"type":"Feature","geometry":{"type":"Polygon","coordinates":[[[-35.2856764,-6.2053222],[-35.271465,-6.2929482],[-35.26955,-6.3047258],[-35.2683128,-6.3123395],[-35.2681568,-6.3132991],[-35.2667414,-6.3195682],[-35.2666912,-6.3242885],[-35.2722146,-6.3702075],[-35.2479615,-6.3561754],[-35.245435,-6.3547137],[-35.2360516,-6.3492848],[-35.2348651,-6.349524],[-35.2316802,-6.352067],[-35.2292742,-6.3531559],[-35.2269295,-6.3556984],[-35.2253422,-6.3563962],[-35.2216831,-6.3575216],[-35.2120279,-6.3580579],[-35.2103941,-6.3579251],[-35.2073807,-6.3576802],[-35.2025255,-6.3588388],[-35.1995496,-6.3591835],[-35.1986693,-6.3592854],[-35.1937229,-6.3580616],[-35.1882953,-6.3583036],[-35.1864053,-6.3572155],[-35.178058,-6.3572458],[-35.1766776,-6.3569176],[-35.174886,-6.3564916],[-35.1699697,-6.3553226],[-35.1673867,-6.3539994],[-35.1664698,-6.3520494],[-35.166113,-6.3479315],[-35.1630835,-6.3422986],[-35.1628287,-6.3361347],[-35.1653136,-6.3273542],[-35.1674415,-6.3220013],[-35.1664529,-6.3201005],[-35.1650903,-6.3186445],[-35.1559622,-6.3131513],[-35.1549447,-6.3130563],[-35.1518043,-6.3138903],[-35.1500772,-6.3153069],[-35.1471596,-6.3174571],[-35.145477,-6.3168926],[-35.1469635,-6.3025319],[-35.1461249,-6.3001952],[-35.1452516,-6.2990276],[-35.1463586,-6.2986844],[-35.1471293,-6.297495],[-35.1475262,-6.2957296],[-35.1482907,-6.2935431],[-35.1482847,-6.2923005],[-35.1473753,-6.28861],[-35.1471224,-6.2857662],[-35.1473193,-6.2791763],[-35.148295,-6.2745663],[-35.1487123,-6.2733647],[-35.151275,-6.270132],[-35.1517893,-6.2692634],[-35.1518488,-6.2688078],[-35.15456,-6.2677308],[-35.1549492,-6.2675767],[-35.1554266,-6.2676745],[-35.1553587,-6.2670738],[-35.1549749,-6.2636807],[-35.1549543,-6.2634983],[-35.1549941,-6.2615523],[-35.1559974,-6.2566665],[-35.1552478,-6.2460626],[-35.154602,-6.2436751],[-35.1534381,-6.2411512],[-35.1533251,-6.2409062],[-35.1531305,-6.2404843],[-35.153162,-6.2376081],[-35.1531385,-6.2373478],[-35.1531327,-6.2372829],[-35.1528366,-6.2339917],[-35.1528305,-6.2339243],[-35.1528266,-6.2338803],[-35.1528012,-6.233598],[-35.1527122,-6.2326086],[-35.1530194,-6.2299968],[-35.1530528,-6.2269894],[-35.1517414,-6.2235225],[-35.1505619,-6.2218442],[-35.1497707,-6.2207185],[-35.1499421,-6.2181082],[-35.1511734,-6.2184564],[-35.1527212,-6.2183619],[-35.1557877,-6.2165124],[-35.157289,-6.2163305],[-35.159433,-6.2172067],[-35.1607125,-6.2180863],[-35.162273,-6.2188251],[-35.1651959,-6.2172891],[-35.1695588,-6.2145335],[-35.1706485,-6.2145291],[-35.1720615,-6.2148782],[-35.1748339,-6.2163192],[-35.1756466,-6.2167409],[-35.1800159,-6.2164128],[-35.1804266,-6.2168981],[-35.1810208,-6.2171621],[-35.1839106,-6.2168183],[-35.1858286,-6.2176947],[-35.1863712,-6.2172501],[-35.1869534,-6.2149915],[-35.1878174,-6.2144144],[-35.1886812,-6.2144547],[-35.1895502,-6.2151144],[-35.1902609,-6.2161947],[-35.1914124,-6.2195958],[-35.192011,-6.2206989],[-35.1929225,-6.2211377],[-35.1934703,-6.2210454],[-35.1946507,-6.2204669],[-35.1954717,-6.2204182],[-35.1962891,-6.2206374],[-35.1966538,-6.2204573],[-35.1968775,-6.2198826],[-35.1969224,-6.2191301],[-35.1976957,-6.2189501],[-35.198174,-6.2191475],[-35.1985871,-6.2197643],[-35.1988652,-6.2212243],[-35.1991887,-6.2222383],[-35.1994639,-6.2225473],[-35.2008754,-6.2224971],[-35.2024234,-6.2226679],[-35.2031558,-6.2231075],[-35.2037298,-6.2244633],[-35.2052863,-6.2262679],[-35.2071195,-6.2293986],[-35.2084524,-6.2322668],[-35.2095952,-6.2330561],[-35.2108341,-6.2334193],[-35.2111501,-6.2336327],[-35.21134,-6.2337609],[-35.2155232,-6.2365858],[-35.2166734,-6.2369013],[-35.2179001,-6.2370089],[-35.2183958,-6.2370523],[-35.2195483,-6.2376033],[-35.2204136,-6.238756],[-35.2243593,-6.2409708],[-35.2255146,-6.2423988],[-35.2280581,-6.2428663],[-35.2289471,-6.2428629],[-35.2310508,-6.2423354],[-35.2856764,-6.2053222]]]},"properties":{"CD_MUN":"2404200","NM_MUN":"Goianinha","CD_RGI":"240003","NM_RGI":"Canguaretama","CD_RGINT":"2401","NM_RGINT":"Natal","CD_UF":"24","NM_UF":"Rio Grande do Norte","SIGLA_UF":"RN","CD_REGIA":"2","NM_REGIA":"Nordeste","SIGLA_RG":"NE","CD_CONCU":"","NM_CONCU":"","AREA_KM2":192.279}},
{"type":"Feature","geometry":{"type":"Polygon","coordinates":[[[-38.4813597,-6.3043986],[-38.4881873,-6.2831158],[-38.4815252,-6.2520199],[-38.4699433,-6.2527093],[-38.4661528,-6.2444175],[-38.4656562,-6.2427293],[-38.4623286,-6.2314158],[-38.4575544,-6.2303681],[-38.4565472,-6.2298036],[-38.4561752,-6.2291452],[-38.4551286,-6.2272927],[-38.450834,-6.2243693],[-38.4484916,-6.2218549],[-38.4368847,-6.2300872],[-38.4348642,-6.2315203],[-38.4337709,-6.2336576],[-38.4303968,-6.2364472],[-38.42981,-6.2356128],[-38.4278189,-6.2327779],[-38.4180266,-6.2188363],[-38.417716,-6.2185674],[-38.3649629,-6.1728968],[-38.3654196,-6.1710848],[-38.3673458,-6.1634366],[-38.3555323,-6.1485002],[-38.3538485,-6.1449976],[-38.349001,-6.1253195],[-38.3490409,-6.1240015],[-38.3490549,-6.1235399],[-38.3490575,-6.1234536],[-38.3516807,-6.1285011],[-38.3561146,-6.1340803],[-38.3583706,-6.1377699],[-38.3596867,-6.1403664],[-38.361205,-6.1450594],[-38.3618413,-6.1480502],[-38.3659893,-6.153929],[-38.3707716,-6.1574636],[-38.3723454,-6.1592693],[-38.3742384,-6.1639053],[-38.3740051,-6.1671945],[-38.3742839,-6.1677206],[-38.3747739,-6.1681419],[-38.3765708,-6.1688967],[-38.3777888,-6.1701464],[-38.3786347,-6.1703945],[-38.3794871,-6.1696684],[-38.3802875,-6.1674559],[-38.3811346,-6.1666049],[-38.3838049,-6.1663288],[-38.3870235,-6.1636202],[-38.3888435,-6.1630321],[-38.3896917,-6.1633509],[-38.3910866,-6.1648237],[-38.39281,-6.1681528],[-38.3934431,-6.1703744],[-38.3948998,-6.1715018],[-38.3964655,-6.1737891],[-38.397622,-6.1739545],[-38.3996401,-6.1731216],[-38.4013399,-6.1733206],[-38.4034854,-6.1751114],[-38.4063356,-6.1757372],[-38.4077593,-6.1769711],[-38.4087999,-6.177873],[-38.4097653,-6.177149],[-38.41226,-6.1775729],[-38.4142247,-6.1765936],[-38.4146491,-6.1756424],[-38.4145605,-6.1683071],[-38.4242071,-6.1680584],[-38.4327679,-6.1577688],[-38.4411231,-6.1477263],[-38.4431211,-6.1453248],[-38.4468494,-6.1408437],[-38.4586618,-6.1288649],[-38.4659796,-6.1214439],[-38.4684489,-6.1272283],[-38.4699819,-6.1296956],[-38.4705037,-6.1328599],[-38.4714743,-6.1343271],[-38.4726467,-6.1347806],[-38.4734248,-6.1360032],[-38.4734243,-6.138364],[-38.4743866,-6.1410878],[-38.4740668,-6.141432],[-38.4739337,-6.1415752],[-38.4746294,-6.1433227],[-38.4764155,-6.1444131],[-38.4759603,-6.145987],[-38.4753333,-6.1465865],[-38.4752981,-6.1465994],[-38.4727561,-6.1475371],[-38.4727551,-6.147539],[-38.4720657,-6.1487492],[-38.4720674,-6.1497342],[-38.472935,-6.1519783],[-38.4736382,-6.1537972],[-38.4754853,-6.1570403],[-38.4781193,-6.1593764],[-38.4870728,-6.1651605],[-38.4907147,-6.169592],[-38.4910887,-6.1705084],[-38.4911443,-6.1706445],[-38.4922681,-6.1733948],[-38.4935554,-6.1750615],[-38.4974285,-6.1764003],[-38.5007583,-6.1796825],[-38.5019628,-6.1838197],[-38.5018398,-6.1880357],[-38.5013253,-6.1909471],[-38.5029851,-6.1920834],[-38.5030872,-6.1921533],[-38.5089043,-6.1915708],[-38.5123274,-6.1921185],[-38.5127793,-6.1920272],[-38.5185433,-6.1908619],[-38.5219212,-6.1922594],[-38.5272039,-6.193378],[-38.5259171,-6.1968503],[-38.5258953,-6.1982403],[-38.5258773,-6.1993964],[-38.5279558,-6.2018661],[-38.5280937,-6.2028967],[-38.5282758,-6.2042584],[-38.5278433,-6.2081135],[-38.5291259,-6.2107188],[-38.5292859,-6.2137404],[-38.5197128,-6.2230365],[-38.5197118,-6.2230376],[-38.5234424,-6.2283189],[-38.524708,-6.2328662],[-38.5282026,-6.2367326],[-38.528348,-6.2391762],[-38.5289654,-6.2398703],[-38.5315974,-6.2415407],[-38.5322899,-6.2421823],[-38.5324806,-6.242359],[-38.5357568,-6.2453943],[-38.5384653,-6.2468967],[-38.5408654,-6.2461808],[-38.5429166,-6.2467081],[-38.5429269,-6.2467107],[-38.5446405,-6.2456061],[-38.5446601,-6.2455935],[-38.5458512,-6.2454264],[-38.5485487,-6.2506968],[-38.5501477,-6.2573198],[-38.5519042,-6.2592145],[-38.5534736,-6.2592163],[-38.5542785,-6.2597473],[-38.5548011,-6.2615485],[-38.554421,-6.2633956],[-38.5597871,-6.2671627],[-38.562912,-6.2679588],[-38.5650097,-6.2684934],[-38.5661544,-6.269233],[-38.5697178,-6.2715356],[-38.5726605,-6.2741226],[-38.5753213,-6.2777503],[-38.5762236,-6.2783496],[-38.5790928,-6.2790826],[-38.5795457,-6.2796264],[-38.5787143,-6.2803066],[-38.5771282,-6.2816044],[-38.5760297,-6.2835221],[-38.5759986,-6.2835255],[-38.5730826,-6.2838433],[-38.571513,-6.2844435],[-38.5710256,-6.2911263],[-38.5703774,-6.2929502],[-38.5425432,-6.2861624],[-38.541775,-6.286302],[-38.4922845,-6.2953011],[-38.4813597,-6.3043986]]]},"properties":{"CD_MUN":"2412500","NM_MUN":"São Miguel","CD_RGI":"240010","NM_RGI":"Pau dos Ferros","CD_RGINT":"2403","NM_RGINT":"Mossoró","CD_UF":"24","NM_UF":"Rio Grande do Norte","SIGLA_UF":"RN","CD_REGIA":"2","NM_REGIA":"Nordeste","SIGLA_RG":"NE","CD_CONCU":"","NM_CONCU":"","AREA_KM2":166.233}},
{"type":"Feature","geometry":{"type":"Polygon","coordinates":[[[-38.0262874,-5.991049],[-38.044901,-5.9356613],[-38.0411751,-5.9344917],[-38.04069,-5.9346115],[-38.0380005,-5.9366855],[-38.0371844,-5.9368754],[-38.0357992,-5.9368203],[-38.0347602,-5.9362976],[-38.0329822,-5.9345498],[-38.0314734,-5.9326815],[-38.0310253,-5.9317616],[-38.0313567,-5.930176],[-38.0325432,-5.9283321],[-38.0328526,-5.9264481],[-38.0327157,-5.9258215],[-38.032197,-5.9250572],[-38.0306235,-5.9234215],[-38.0299837,-5.9230902],[-38.0222674,-5.9225861],[-38.0195278,-5.9219841],[-38.0177944,-5.9209885],[-38.0135234,-5.9179046],[-38.0093357,-5.9155791],[-38.0078347,-5.9139325],[-38.0067112,-5.9118975],[-38.0037733,-5.90858],[-38.002721,-5.9065758],[-38.0022566,-5.9047054],[-38.0008578,-5.9027796],[-37.9995647,-5.901961],[-37.9998233,-5.9014935],[-37.993794,-5.8960156],[-37.9915523,-5.8943679],[-37.9902028,-5.8931289],[-37.9888205,-5.8915319],[-37.9883038,-5.890579],[-37.987995,-5.8893139],[-37.9876951,-5.8865113],[-37.987349,-5.88553],[-37.9868083,-5.8849621],[-37.9861812,-5.8846287],[-37.9835601,-5.8843612],[-37.9821264,-5.8844235],[-37.9807458,-5.8839987],[-37.9782045,-5.8823978],[-37.9764753,-5.8815698],[-37.9725577,-5.8782913],[-37.9648882,-5.8754483],[-37.9602965,-5.8726668],[-37.9593142,-5.8722174],[-37.9569009,-5.8704435],[-37.9510039,-5.8635046],[-38.0042924,-5.8568598],[-38.0395161,-5.8844765],[-38.0510931,-5.8966777],[-38.0573137,-5.9018421],[-38.0603739,-5.9037767],[-38.0741039,-5.9092219],[-38.0803971,-5.9105237],[-38.0899709,-5.9152169],[-38.0986223,-5.9204303],[-38.1020508,-5.9233338],[-38.1074492,-5.9325963],[-38.1115819,-5.9361285],[-38.1144318,-5.9411929],[-38.1162105,-5.9422485],[-38.1197765,-5.9431784],[-38.12027,-5.9435711],[-38.1215407,-5.9458333],[-38.1200985,-5.9460539],[-38.1189633,-5.9468041],[-38.1184442,-5.9479555],[-38.1161231,-5.9493044],[-38.1159669,-5.9501592],[-38.1178857,-5.9517363],[-38.1180116,-5.9524604],[-38.1176856,-5.9544205],[-38.115467,-5.9546186],[-38.1148504,-5.9556732],[-38.1145312,-5.959146],[-38.0918265,-6.004734],[-38.0914586,-6.0054727],[-38.0914465,-6.005497],[-38.0907123,-6.0069711],[-38.0880866,-6.0122432],[-38.0867294,-6.0149677],[-38.0784054,-6.0145345],[-38.0770198,-6.0127272],[-38.0732797,-6.010149],[-38.0717553,-6.0094503],[-38.0703674,-6.0094479],[-38.0689815,-6.0091686],[-38.0671809,-6.0079133],[-38.0674626,-6.0046484],[-38.0670475,-6.0038127],[-38.0642816,-5.999776],[-38.0645622,-5.9979693],[-38.0641461,-5.9971354],[-38.0626199,-5.9969236],[-38.0615091,-5.9974778],[-38.0602622,-5.9974751],[-38.0592907,-5.997751],[-38.0592883,-5.9988633],[-38.0608118,-6.0002571],[-38.0617781,-6.0032477],[-38.0619136,-6.004917],[-38.0601394,-6.0061407],[-38.0578885,-6.0060201],[-38.0535909,-6.0046233],[-38.0508274,-6.0059324],[-38.0497026,-6.0067719],[-38.0434596,-6.0082192],[-38.0433285,-6.0051975],[-38.0412515,-6.0025174],[-38.0402775,-6.0025153],[-38.0352816,-6.0036875],[-38.0373682,-6.0003536],[-38.0375098,-5.9992427],[-38.036819,-5.9977122],[-38.0357098,-5.9971524],[-38.03155,-5.9970765],[-38.0296068,-5.9965177],[-38.0273892,-5.9954007],[-38.0272534,-5.994289],[-38.0283668,-5.992345],[-38.0282838,-5.9922932],[-38.0262874,-5.991049]]]},"properties":{"CD_MUN":"2413805","NM_MUN":"Taboleiro Grande","CD_RGI":"240010","NM_RGI":"Pau dos Ferros","CD_RGINT":"2403","NM_RGINT":"Mossoró","CD_UF":"24","NM_UF":"Rio Grande do Norte","SIGLA_UF":"RN","CD_REGIA":"2","NM_REGIA":"Nordeste","SIGLA_RG":"NE","CD_CONCU":"","NM_CONCU":"","AREA_KM2":124.093}},
{"type":"Feature","geometry":{"type":"Polygon","coordinates":[[[-35.6170566,-5.1139844],[-35.6173531,-5.1138537],[-35.6175516,-5.1137949],[-35.6177617,-5.1137823],[-35.6179587,-5.1138459],[-35.6181508,-5.1139834],[-35.6183006,-5.1141924],[-35.6184914,-5.1144868],[-35.6186747,-5.1147648],[-35.6187788,-5.1151081],[-35.6188331,-5.1153311],[-35.618879,-5.1154623],[-35.6189455,-5.1156346],[-35.6189892,-5.1157599],[-35.619005,-5.1158721],[-35.6190206,-5.1161208],[-35.6190327,-5.1162441],[-35.6190758,-5.1163779],[-35.6191604,-5.1165151],[-35.6194588,-5.116813],[-35.6200182,-5.117293],[-35.620592,-5.1177312],[-35.6209758,-5.118017],[-35.6213609,-5.1183148],[-35.6217298,-5.1185429],[-35.6220197,-5.1187093],[-35.6223249,-5.1188594],[-35.6228426,-5.1190217],[-35.623424,-5.1192051],[-35.6239851,-5.1193144],[-35.6246906,-5.1193777],[-35.6252736,-5.119443],[-35.6257549,-5.1194411],[-35.626115,-5.1194285],[-35.6264334,-5.1193622],[-35.6268976,-5.1192762],[-35.6271706,-5.1192198],[-35.6274104,-5.1190853],[-35.6275147,-5.1189576],[-35.6276298,-5.1187603],[-35.6277082,-5.1185863],[-35.6277923,-5.1184222],[-35.6278395,-5.1182845],[-35.6279063,-5.1181417],[-35.6279754,-5.118063],[-35.6280187,-5.118037],[-35.6280667,-5.11804],[-35.6281216,-5.1180849],[-35.6281147,-5.1181931],[-35.6281081,-5.1182982],[-35.6280941,-5.1184187],[-35.6280853,-5.1185076],[-35.6280783,-5.118619],[-35.6280692,-5.1188134],[-35.6280773,-5.1189385],[-35.6280907,-5.1190831],[-35.628119,-5.1192446],[-35.6281705,-5.1193437],[-35.6283182,-5.1194936],[-35.6286281,-5.1196663],[-35.6289677,-5.1197737],[-35.6293164,-5.119939],[-35.6296092,-5.1200721],[-35.6301656,-5.1202615],[-35.6304831,-5.12031],[-35.630775,-5.1203571],[-35.6310569,-5.1204101],[-35.6314937,-5.1204503],[-35.6318744,-5.1204645],[-35.6327792,-5.1203772],[-35.6335152,-5.1203052],[-35.6338084,-5.1202641],[-35.6341937,-5.1202101],[-35.6348475,-5.1201679],[-35.6360803,-5.1200306],[-35.6375715,-5.1197919],[-35.638625,-5.1195969],[-35.6389768,-5.1195318],[-35.6404144,-5.1191563],[-35.6418359,-5.1187325],[-35.6431047,-5.1183954],[-35.6441844,-5.1180532],[-35.6447448,-5.1178756],[-35.6450687,-5.1177711],[-35.6461513,-5.1174218],[-35.6462357,-5.1173946],[-35.6484115,-5.1167463],[-35.650646,-5.1161056],[-35.653078,-5.1152897],[-35.655531,-5.1144958],[-35.6566255,-5.1140086],[-35.6570138,-5.113854],[-35.657299,-5.1138079],[-35.6576348,-5.1137746],[-35.657926,-5.1137167],[-35.6584593,-5.1136031],[-35.6599669,-5.1133242],[-35.6602854,-5.1132235],[-35.6607461,-5.1130522],[-35.661332,-5.1128442],[-35.6619014,-5.1125838],[-35.6624534,-5.1123171],[-35.6630439,-5.1119935],[-35.6637822,-5.1114689],[-35.6639806,-5.1113278],[-35.664169,-5.1111833],[-35.6643599,-5.1110485],[-35.6646746,-5.1109503],[-35.6649131,-5.1109267],[-35.6653604,-5.110939],[-35.6657726,-5.110965],[-35.666596,-5.1109769],[-35.6673423,-5.1109191],[-35.6682948,-5.1108562],[-35.6691345,-5.1107555],[-35.669951,-5.1106544],[-35.6711101,-5.1105047],[-35.6723157,-5.1103011],[-35.6732195,-5.1100928],[-35.6748148,-5.1097391],[-35.6759797,-5.1094226],[-35.6787575,-5.1085869],[-35.6811066,-5.1078627],[-35.6830363,-5.1072498],[-35.6854041,-5.1064301],[-35.687622,-5.1055453],[-35.6889167,-5.1049006],[-35.6902723,-5.1043717],[-35.6910708,-5.1041511],[-35.6920843,-5.103849],[-35.6937532,-5.1031168],[-35.6952309,-5.1024344],[-35.6969219,-5.1017673],[-35.6974255,-5.101549],[-35.6981789,-5.1013757],[-35.6986703,-5.1012808],[-35.6991873,-5.1013153],[-35.6994897,-5.1015134],[-35.6996941,-5.101685],[-35.6997013,-5.1019218],[-35.6996397,-5.1023255],[-35.6995056,-5.102723],[-35.6994923,-5.1030943],[-35.6996011,-5.103412],[-35.7000185,-5.1037371],[-35.700622,-5.1039605],[-35.7015154,-5.1041869],[-35.7021953,-5.1042316],[-35.7027044,-5.1042229],[-35.7037325,-5.1041021],[-35.704372,-5.1040195],[-35.7047277,-5.1039713],[-35.7051838,-5.1038534],[-35.7055219,-5.1039404],[-35.7057896,-5.1040147],[-35.7062272,-5.1040837],[-35.7068471,-5.1039997],[-35.7078273,-5.1038292],[-35.7095583,-5.1032645],[-35.7102124,-5.1029626],[-35.7110587,-5.1025721],[-35.712616,-5.1018112],[-35.7137332,-5.1010996],[-35.714414,-5.1006048],[-35.714715,-5.1002921],[-35.7149724,-5.0999753],[-35.7155497,-5.099316],[-35.716614,-5.0985523],[-35.7171332,-5.0980883],[-35.7175432,-5.097664],[-35.7179702,-5.097326],[-35.7184915,-5.0970913],[-35.7186565,-5.097017],[-35.7192907,-5.0967941],[-35.7196845,-5.0966787],[-35.7202613,-5.096536],[-35.7205728,-5.0964962],[-35.7209124,-5.0964796],[-35.7211888,-5.0966063],[-35.7214017,-5.0968361],[-35.7215167,-5.0970027],[-35.7217873,-5.0971408],[-35.7223286,-5.0972275],[-35.7230812,-5.0973146],[-35.7238355,-5.0973672],[-35.7248489,-5.097426],[-35.7256812,-5.0972973],[-35.7270285,-5.0971005],[-35.728487,-5.0967799],[-35.7295179,-5.0965149],[-35.729707,-5.0964478],[-35.7304907,-5.0961697],[-35.731144,-5.0958366],[-35.7317057,-5.0955018],[-35.7328937,-5.0946722],[-35.7336889,-5.0940743],[-35.734116,-5.0937377],[-35.7343642,-5.0935894],[-35.7345477,-5.0934797],[-35.7350504,-5.0932215],[-35.7354826,-5.0930683],[-35.7361801,-5.092966],[-35.736651,-5.0930151],[-35.7371258,-5.0931563],[-35.7372655,-5.093181],[-35.7378248,-5.0932801],[-35.7380888,-5.0932718],[-35.7388737,-5.093251],[-35.7394676,-5.0932168],[-35.7403699,-5.0930538],[-35.7410815,-5.0929214],[-35.7411184,-5.0929145],[-35.7416812,-5.0927885],[-35.7421728,-5.0926228],[-35.7422513,-5.0925964],[-35.7434231,-5.0922343],[-35.7440754,-5.091994],[-35.7453434,-5.0914641],[-35.7460032,-5.0910351],[-35.7465549,-5.090656],[-35.7465914,-5.0906309],[-35.7473227,-5.0901656],[-35.7481025,-5.0898087],[-35.7487991,-5.0895114],[-35.749603,-5.0894051],[-35.7505852,-5.0893348],[-35.7514788,-5.0894486],[-35.7518173,-5.0894918],[-35.7528502,-5.0895887],[-35.7536748,-5.0895816],[-35.7540364,-5.0895785],[-35.7550673,-5.0894487],[-35.7560983,-5.0892831],[-35.7572605,-5.0890819],[-35.758159,-5.0888684],[-35.7586186,-5.0888036],[-35.7588296,-5.0887739],[-35.7590893,-5.0886395],[-35.7593814,-5.0884883],[-35.7603216,-5.0878413],[-35.7617586,-5.0869709],[-35.7630405,-5.086305],[-35.7644835,-5.085426],[-35.7657838,-5.0845592],[-35.7667188,-5.0839358],[-35.7668966,-5.0837947],[-35.7675266,-5.0832948],[-35.7683516,-5.0827825],[-35.7692407,-5.0823949],[-35.7709342,-5.0817892],[-35.7723865,-5.0814319],[-35.7733133,-5.0811681],[-35.7739323,-5.0811433],[-35.7752223,-5.080882],[-35.7759183,-5.0805836],[-35.7770617,-5.0798667],[-35.7781135,-5.0790113],[-35.7789659,-5.0781357],[-35.7793499,-5.0776795],[-35.7800041,-5.0772948],[-35.7806263,-5.077045],[-35.7811758,-5.0768493],[-35.7823993,-5.0762419],[-35.783191,-5.0758746],[-35.7838707,-5.0754731],[-35.7846044,-5.0752071],[-35.7852408,-5.075011],[-35.7859373,-5.0749949],[-35.7865648,-5.0750643],[-35.7871061,-5.0752705],[-35.7874151,-5.0756563],[-35.7876308,-5.0758322],[-35.7878251,-5.0759906],[-35.7889356,-5.0766264],[-35.7898111,-5.0770212],[-35.7908418,-5.0773908],[-35.79092,-5.0774035],[-35.8055225,-5.1246652],[-35.8284796,-5.1990474],[-35.8318646,-5.2100244],[-35.8327303,-5.2125661],[-35.8352664,-5.2200156],[-35.8352431,-5.2200634],[-35.8369789,-5.2251636],[-35.8371201,-5.2255785],[-35.8375443,-5.2268248],[-35.8376762,-5.2272696],[-35.8383215,-5.2294455],[-35.8386281,-5.2300093],[-35.8396742,-5.233083],[-35.8397221,-5.2331083],[-35.8397236,-5.2331128],[-35.8400505,-5.2340739],[-35.8402248,-5.2345863],[-35.8318886,-5.3060822],[-35.7619256,-5.2936031],[-35.7564392,-5.2936541],[-35.7054052,-5.2940607],[-35.6960516,-5.2713505],[-35.6828857,-5.2773518],[-35.6530105,-5.2252985],[-35.6386318,-5.2091874],[-35.6299777,-5.1994907],[-35.6296978,-5.199177],[-35.6296071,-5.1990754],[-35.6193385,-5.1290126],[-35.6188441,-5.1256393],[-35.6175453,-5.1166535],[-35.6170566,-5.1139844]]]},"properties":{"CD_MUN":"2412559","NM_MUN":"São Miguel do Gostoso","CD_RGI":"240001","NM_RGI":"Natal","CD_RGINT":"2401","NM_RGINT":"Natal","CD_UF":"24","NM_UF":"Rio Grande do Norte","SIGLA_UF":"RN","CD_REGIA":"2","NM_REGIA":"Nordeste","SIGLA_RG":"NE","CD_CONCU":"","NM_CONCU":"","AREA_KM2":431.445}},
{"type":"Feature","geometry":{"type":"Polygon","coordinates":[[[-36.1394372,-6.3297631],[-36.1328959,-6.3265346],[-36.1298367,-6.3234214],[-36.1290987,-6.3230917],[-36.12675,-6.3241935],[-36.1262023,-6.3250015],[-36.1260105,-6.327271],[-36.1250789,-6.3276072],[-36.1242593,-6.3273594],[-36.1218576,-6.3257495],[-36.1199303,-6.3239197],[-36.1198972,-6.3239046],[-36.0828455,-6.3070233],[-36.0823289,-6.3060883],[-36.0799317,-6.3058303],[-36.0784651,-6.3041696],[-36.0772878,-6.3035296],[-36.0762676,-6.3036109],[-36.0747996,-6.3049226],[-36.0736172,-6.3046051],[-36.0721081,-6.3030958],[-36.0706814,-6.3023743],[-36.0686569,-6.3025996],[-36.0673492,-6.3035454],[-36.0659878,-6.3050356],[-36.0639686,-6.3044724],[-36.0615591,-6.3061188],[-36.0592857,-6.3057888],[-36.058096,-6.3062364],[-36.056412,-6.3072112],[-36.0561106,-6.3086178],[-36.0549286,-6.3089275],[-36.0526645,-6.3067801],[-36.0513194,-6.3066143],[-36.0489176,-6.3070737],[-36.0468134,-6.3058763],[-36.0454725,-6.3044451],[-36.0455228,-6.3031829],[-36.0472208,-6.3008965],[-36.0466348,-6.3001828],[-36.0438458,-6.3004191],[-36.0427868,-6.3026117],[-36.0419405,-6.3033983],[-36.0397544,-6.3025958],[-36.0386654,-6.3015603],[-36.0370218,-6.3014727],[-36.035094,-6.2994055],[-36.0338229,-6.2993206],[-36.0154697,-6.3453145],[-35.997485,-6.390341],[-35.9887447,-6.4101027],[-35.9682279,-6.4639701],[-35.9654865,-6.470972],[-35.9652351,-6.4266402],[-35.9650148,-6.3878014],[-35.9619474,-6.3879369],[-35.9585183,-6.3847224],[-35.9556555,-6.3835532],[-35.9484785,-6.3825349],[-35.9445616,-6.3788016],[-35.9375431,-6.3750796],[-35.9346472,-6.3741026],[-35.9282791,-6.3734779],[-35.9270776,-6.3728903],[-35.9250127,-6.3682149],[-35.9215464,-6.3667293],[-35.9209546,-6.3660621],[-35.919795,-6.362437],[-35.9187113,-6.3611913],[-35.9149328,-6.3599875],[-35.9119992,-6.3590528],[-35.9100859,-6.3586657],[-35.9092678,-6.3580048],[-35.9087609,-6.3554388],[-35.907198,-6.3526091],[-35.9053394,-6.3524877],[-35.9029363,-6.3530912],[-35.9002691,-6.3522214],[-35.8994463,-6.3521663],[-35.8929681,-6.3525935],[-35.8921523,-6.3528938],[-35.8879979,-6.3552119],[-35.8863595,-6.3558279],[-35.8837957,-6.3559733],[-35.8823905,-6.3566427],[-35.8782943,-6.3601735],[-35.8749231,-6.3609849],[-35.8705459,-6.3627822],[-35.8802204,-6.3216807],[-35.8869705,-6.2929628],[-35.8939132,-6.2634038],[-35.9111582,-6.1898726],[-35.9175273,-6.1626719],[-35.9182066,-6.1627896],[-35.9253265,-6.1640093],[-35.927503,-6.1640745],[-35.9283735,-6.1644121],[-35.9295232,-6.1654518],[-35.9306064,-6.1681335],[-35.9315119,-6.168274],[-35.937351,-6.1657668],[-35.9390794,-6.1656933],[-35.9405479,-6.1659158],[-35.9427944,-6.1667444],[-35.9492602,-6.1701537],[-35.9536666,-6.1705883],[-35.9585998,-6.1701777],[-35.9646027,-6.1716003],[-35.9668886,-6.1718172],[-35.9677023,-6.1714287],[-35.9680237,-6.1705854],[-35.9675525,-6.1668374],[-35.9678719,-6.1653801],[-35.9681869,-6.159613],[-35.9677065,-6.1574177],[-35.967292,-6.1566533],[-35.9662327,-6.1561811],[-35.9640246,-6.1555996],[-35.9624351,-6.1557631],[-35.9608843,-6.1556183],[-35.9595756,-6.1550139],[-35.9594068,-6.153866],[-35.9600144,-6.1532876],[-35.9601856,-6.1531246],[-35.9621729,-6.152779],[-35.9624161,-6.1523893],[-35.9617011,-6.1485707],[-35.9622703,-6.1478777],[-35.9633272,-6.1475642],[-35.9644306,-6.1480946],[-35.9653335,-6.1490083],[-35.9667969,-6.1481569],[-35.9690775,-6.147305],[-35.9697313,-6.1475304],[-35.9703475,-6.148215],[-35.9707597,-6.1492829],[-35.9714403,-6.1496238],[-35.9723222,-6.1495056],[-35.9743471,-6.1488835],[-35.9761817,-6.1488717],[-35.9787027,-6.1477093],[-35.9798402,-6.1465559],[-35.9804128,-6.1469356],[-35.9815639,-6.1483825],[-35.9823296,-6.148746],[-35.9846962,-6.1472931],[-35.9853036,-6.1466167],[-35.98656,-6.1452161],[-35.9868839,-6.1442192],[-35.9869961,-6.1429155],[-35.985342,-6.138561],[-35.9828309,-6.1344404],[-35.9812426,-6.1275581],[-35.980939,-6.124268],[-35.9829654,-6.1146075],[-35.9845041,-6.112456],[-35.9862091,-6.1111445],[-35.9876141,-6.1071553],[-35.9875925,-6.1032516],[-35.9865597,-6.101396],[-35.9864408,-6.1011824],[-35.9864623,-6.0982804],[-35.9871948,-6.0975871],[-35.9895545,-6.0966551],[-35.9906095,-6.0957306],[-35.9915384,-6.09427],[-35.9938901,-6.0918087],[-35.9960716,-6.0881207],[-35.9980209,-6.0865787],[-35.9995215,-6.0863133],[-36.0009792,-6.0866624],[-36.0047191,-6.0886699],[-36.0057159,-6.0886766],[-36.0071048,-6.0877385],[-36.0137829,-6.0822843],[-36.0167903,-6.0792758],[-36.0183826,-6.0774125],[-36.0193277,-6.0766317],[-36.0227345,-6.0750708],[-36.0247364,-6.0736516],[-36.0257826,-6.0725298],[-36.0274228,-6.0702676],[-36.0284119,-6.0693864],[-36.0295372,-6.0693884],[-36.031832,-6.0693894],[-36.0345694,-6.0713539],[-36.0358979,-6.0726009],[-36.0398869,-6.0754426],[-36.0412633,-6.0766092],[-36.0423734,-6.0778995],[-36.0436291,-6.0789648],[-36.0442724,-6.0795106],[-36.0451567,-6.0800268],[-36.0475244,-6.0827337],[-36.0488131,-6.0847171],[-36.0497186,-6.0853566],[-36.0609776,-6.0890649],[-36.0625698,-6.0902395],[-36.0658286,-6.093791],[-36.0677407,-6.0969694],[-36.0692762,-6.0986081],[-36.071872,-6.1004324],[-36.0803515,-6.1020129],[-36.0798348,-6.1198686],[-36.0770446,-6.1626915],[-36.0766678,-6.1684746],[-36.0778611,-6.1961458],[-36.1337594,-6.2105728],[-36.1406401,-6.2415875],[-36.1409641,-6.2430491],[-36.1485721,-6.2773695],[-36.1535422,-6.299806],[-36.1537636,-6.2998366],[-36.1394372,-6.3297631]]]},"properties":{"CD_MUN":"2411205","NM_MUN":"Santa Cruz","CD_RGI":"240004","NM_RGI":"Santa Cruz","CD_RGINT":"2401","NM_RGINT":"Natal","CD_UF":"24","NM_UF":"Rio Grande do Norte","SIGLA_UF":"RN","CD_REGIA":"2","NM_REGIA":"Nordeste","SIGLA_RG":"NE","CD_CONCU":"","NM_CONCU":"","AREA_KM2":624.356}},
{"type":"Feature","geometry":{"type":"Polygon","coordinates":[[[-35.4437408,-6.1405511],[-35.4502716,-6.1348903],[-35.4520831,-6.13332],[-35.4655541,-6.1216426],[-35.4655448,-6.1216077],[-35.4655952,-6.121607],[-35.4697962,-6.1215476],[-35.4714353,-6.1215245],[-35.4721897,-6.1215138],[-35.4735435,-6.1212339],[-35.4737281,-6.1213207],[-35.4738432,-6.1212789],[-35.4738476,-6.1212773],[-35.4746162,-6.1209919],[-35.4750795,-6.1208199],[-35.4756986,-6.1205901],[-35.4757832,-6.1205586],[-35.4760421,-6.1204625],[-35.476326,-6.1203521],[-35.4766291,-6.120234],[-35.4769309,-6.1199214],[-35.476933,-6.1199194],[-35.4772334,-6.119622],[-35.4774549,-6.1195151],[-35.4776582,-6.1194882],[-35.478363,-6.1194467],[-35.4783561,-6.1191266],[-35.4786168,-6.118431],[-35.4787997,-6.1181769],[-35.4788013,-6.1181747],[-35.4788122,-6.1181596],[-35.4791151,-6.1178009],[-35.4795695,-6.1176936],[-35.4788844,-6.1173773],[-35.4771865,-6.1165937],[-35.4771627,-6.116041],[-35.483233,-6.1144355],[-35.4840565,-6.1155032],[-35.485487,-6.1187152],[-35.4898717,-6.113521],[-35.4951546,-6.1124236],[-35.5002211,-6.1121473],[-35.5057406,-6.1073904],[-35.5082142,-6.1044752],[-35.5094696,-6.1035872],[-35.510662,-6.1030764],[-35.5130844,-6.1027495],[-35.513585,-6.1021164],[-35.514333,-6.100472],[-35.5158384,-6.0993916],[-35.5176859,-6.0973022],[-35.5185648,-6.0966048],[-35.5208902,-6.0957739],[-35.5214537,-6.0950757],[-35.5218272,-6.0942543],[-35.522861,-6.0932393],[-35.5251838,-6.0917149],[-35.5264848,-6.0905717],[-35.5265216,-6.0905394],[-35.5311202,-6.0919831],[-35.5317208,-6.0916413],[-35.5364902,-6.0937005],[-35.5385986,-6.0948635],[-35.5417149,-6.0970755],[-35.5415644,-6.1003596],[-35.5415601,-6.1004551],[-35.54156,-6.1004571],[-35.5414589,-6.1026637],[-35.5410134,-6.1123883],[-35.5396892,-6.1182952],[-35.5399583,-6.1199834],[-35.5393755,-6.1209701],[-35.5386458,-6.121613],[-35.5365676,-6.1228846],[-35.5359272,-6.1238874],[-35.5352893,-6.1254297],[-35.5343697,-6.1292479],[-35.5346768,-6.1311352],[-35.5359769,-6.1346355],[-35.5366091,-6.1378523],[-35.5365025,-6.1399309],[-35.5361864,-6.1416455],[-35.5359544,-6.1419407],[-35.535426,-6.1420309],[-35.5355058,-6.1423396],[-35.5355507,-6.1425133],[-35.5355984,-6.1426964],[-35.5358106,-6.1435147],[-35.5504185,-6.1999017],[-35.5450033,-6.2008145],[-35.5280385,-6.2014145],[-35.5270378,-6.2013121],[-35.5183618,-6.1932997],[-35.5154529,-6.1918777],[-35.5122938,-6.1912036],[-35.5107537,-6.1902597],[-35.5087419,-6.1886833],[-35.5084359,-6.1883531],[-35.5075226,-6.1873672],[-35.5064604,-6.185628],[-35.5048679,-6.1836303],[-35.5033117,-6.1827066],[-35.5025425,-6.1824239],[-35.5011127,-6.180953],[-35.4997878,-6.1800602],[-35.4982054,-6.179539],[-35.4937387,-6.177492],[-35.4921793,-6.1770843],[-35.4858499,-6.1764793],[-35.4844239,-6.1760115],[-35.4805797,-6.1740007],[-35.4786356,-6.1728045],[-35.4753152,-6.1698272],[-35.4720953,-6.1674544],[-35.4693463,-6.1664897],[-35.468784,-6.1664531],[-35.4685685,-6.166439],[-35.4682216,-6.1664164],[-35.4662864,-6.1654735],[-35.4640639,-6.1638984],[-35.4576556,-6.1582205],[-35.4551188,-6.1569129],[-35.45158,-6.1557649],[-35.4498567,-6.1555205],[-35.445491,-6.1541122],[-35.4436327,-6.1492146],[-35.4438195,-6.1478638],[-35.4447991,-6.1467886],[-35.4470621,-6.1449688],[-35.4465108,-6.1436521],[-35.4460164,-6.1432712],[-35.4454766,-6.1419885],[-35.4437408,-6.1405511]]]},"properties":{"CD_MUN":"2406601","NM_MUN":"Lagoa Salgada","CD_RGI":"240001","NM_RGI":"Natal","CD_RGINT":"2401","NM_RGINT":"Natal","CD_UF":"24","NM_UF":"Rio Grande do Norte","SIGLA_UF":"RN","CD_REGIA":"2","NM_REGIA":"Nordeste","SIGLA_RG":"NE","CD_CONCU":"","NM_CONCU":"","AREA_KM2":79.128}},
{"type":"Feature","geometry":{"type":"Polygon","coordinates":[[[-35.5504185,-6.1999017],[-35.5358106,-6.1435147],[-35.5355984,-6.1426964],[-35.5355507,-6.1425133],[-35.5355058,-6.1423396],[-35.535426,-6.1420309],[-35.5359544,-6.1419407],[-35.5361864,-6.1416455],[-35.5365025,-6.1399309],[-35.5366091,-6.1378523],[-35.5359769,-6.1346355],[-35.5346768,-6.1311352],[-35.5343697,-6.1292479],[-35.5352893,-6.1254297],[-35.5359272,-6.1238874],[-35.5365676,-6.1228846],[-35.5386458,-6.121613],[-35.5393755,-6.1209701],[-35.5399583,-6.1199834],[-35.5396892,-6.1182952],[-35.5410134,-6.1123883],[-35.5414589,-6.1026637],[-35.54156,-6.1004571],[-35.5415601,-6.1004551],[-35.5415644,-6.1003596],[-35.5417149,-6.0970755],[-35.5385986,-6.0948635],[-35.5364902,-6.0937005],[-35.5317208,-6.0916413],[-35.5341958,-6.0902336],[-35.5348449,-6.0896671],[-35.5360136,-6.0881075],[-35.5364186,-6.0870075],[-35.5363813,-6.0858371],[-35.5360265,-6.0840059],[-35.536055,-6.0831225],[-35.5379346,-6.0807807],[-35.5368115,-6.0767445],[-35.5366481,-6.0753558],[-35.5370538,-6.0744356],[-35.5379933,-6.0731704],[-35.5408616,-6.0664367],[-35.5424404,-6.0602504],[-35.5428623,-6.0593089],[-35.5433751,-6.0581642],[-35.5447362,-6.0564536],[-35.5449248,-6.0562166],[-35.5449268,-6.0562141],[-35.5453875,-6.0556351],[-35.5453893,-6.0556329],[-35.5459537,-6.0550072],[-35.5459565,-6.0550034],[-35.5459593,-6.0549997],[-35.546735,-6.0539548],[-35.5468388,-6.0537849],[-35.5471356,-6.0532991],[-35.5479919,-6.0516391],[-35.5481055,-6.0514109],[-35.5485036,-6.0506471],[-35.5491602,-6.0499825],[-35.5491633,-6.0499793],[-35.5493822,-6.0497577],[-35.549823,-6.0493115],[-35.5513208,-6.04833],[-35.5527346,-6.0480143],[-35.5539715,-6.0480517],[-35.5553389,-6.0478231],[-35.5565754,-6.0470216],[-35.5577292,-6.0467766],[-35.5707786,-6.0795447],[-35.5720048,-6.0794554],[-35.5735818,-6.0803868],[-35.575508,-6.0825412],[-35.5775572,-6.0855428],[-35.5792186,-6.0875773],[-35.5792521,-6.0876183],[-35.5799734,-6.0882872],[-35.5806894,-6.0889506],[-35.5826377,-6.0900672],[-35.5851691,-6.0923369],[-35.5875895,-6.0949344],[-35.5888724,-6.0967987],[-35.6028995,-6.1082859],[-35.6050882,-6.1100784],[-35.6251834,-6.1265359],[-35.638603,-6.1375263],[-35.6386237,-6.1377194],[-35.6404171,-6.1544501],[-35.6489578,-6.1689618],[-35.6538028,-6.1771941],[-35.6626338,-6.1743872],[-35.682186,-6.1681726],[-35.7202114,-6.1764302],[-35.7213801,-6.1731356],[-35.7406454,-6.1826753],[-35.6893202,-6.1959027],[-35.6633165,-6.1979017],[-35.6631666,-6.1989997],[-35.6630497,-6.1998558],[-35.6599873,-6.2222146],[-35.6586951,-6.2207583],[-35.6581547,-6.2206974],[-35.6552501,-6.2219986],[-35.6547119,-6.2220032],[-35.6542814,-6.2218056],[-35.6535901,-6.2205861],[-35.6531582,-6.2202998],[-35.6505339,-6.2200607],[-35.6493113,-6.2198154],[-35.6480506,-6.2193184],[-35.6468596,-6.2184422],[-35.6456678,-6.2172614],[-35.6445186,-6.215666],[-35.6440392,-6.2150003],[-35.6419125,-6.2135906],[-35.6406834,-6.212517],[-35.6402136,-6.2117268],[-35.6393462,-6.2108011],[-35.6372615,-6.2105171],[-35.6362536,-6.2101077],[-35.6341242,-6.2087522],[-35.6329074,-6.2094772],[-35.6324747,-6.209444],[-35.6298446,-6.207676],[-35.6285052,-6.2060988],[-35.6270623,-6.2034714],[-35.6262255,-6.2028533],[-35.6247143,-6.2022844],[-35.6243194,-6.2024306],[-35.6242127,-6.2026828],[-35.6243961,-6.2041271],[-35.624114,-6.2046816],[-35.6227513,-6.2054431],[-35.6222643,-6.2054357],[-35.6218082,-6.2052192],[-35.6202608,-6.2031884],[-35.6183038,-6.1996172],[-35.6177282,-6.1993305],[-35.6173626,-6.1984336],[-35.6167511,-6.1983644],[-35.6160293,-6.197541],[-35.615561,-6.1975419],[-35.6147015,-6.1980868],[-35.6135746,-6.1974419],[-35.6127959,-6.197677],[-35.6120763,-6.1976481],[-35.6118983,-6.1979745],[-35.6114299,-6.1979762],[-35.6113621,-6.198481],[-35.611756,-6.1987677],[-35.6117577,-6.1989476],[-35.6116506,-6.1992358],[-35.6109541,-6.1998265],[-35.6108676,-6.2003461],[-35.6103689,-6.2013194],[-35.6099213,-6.2017006],[-35.6096368,-6.2022222],[-35.6088152,-6.2026943],[-35.6079553,-6.2038321],[-35.6070952,-6.2044182],[-35.6068262,-6.2044804],[-35.6067433,-6.2044996],[-35.6061434,-6.2046381],[-35.6055348,-6.2050199],[-35.6043973,-6.2077958],[-35.6039155,-6.2083213],[-35.6033941,-6.2084392],[-35.6007326,-6.2080034],[-35.5990976,-6.2081912],[-35.5982525,-6.2081065],[-35.5973727,-6.2082607],[-35.5966565,-6.2088954],[-35.5960462,-6.2090964],[-35.5938537,-6.209146],[-35.593049,-6.2097262],[-35.591929,-6.2116324],[-35.5880756,-6.211053],[-35.5849073,-6.2101521],[-35.5791671,-6.2089913],[-35.5766151,-6.2089326],[-35.5677211,-6.2057416],[-35.5605687,-6.2015432],[-35.559615,-6.1982188],[-35.5551966,-6.1991883],[-35.5504185,-6.1999017]]]},"properties":{"CD_MUN":"2405306","NM_MUN":"Januário Cicco","CD_RGI":"240002","NM_RGI":"Santo Antônio - Passa e Fica - Nova Cruz","CD_RGINT":"2401","NM_RGINT":"Natal","CD_UF":"24","NM_UF":"Rio Grande do Norte","SIGLA_UF":"RN","CD_REGIA":"2","NM_REGIA":"Nordeste","SIGLA_RG":"NE","CD_CONCU":"","NM_CONCU":"","AREA_KM2":167.042}},
{"type":"Feature","geometry":{"type":"Polygon","coordinates":[[[-37.7722402,-6.0018422],[-37.7713761,-6.0019402],[-37.7694905,-6.0027625],[-37.768793,-6.0029952],[-37.7665483,-6.0037442],[-37.7637204,-6.0052136],[-37.7600921,-6.0063783],[-37.7563869,-6.0062655],[-37.7541169,-6.0077246],[-37.7524643,-6.0077461],[-37.7485822,-6.0086981],[-37.7478769,-6.0083579],[-37.7474736,-6.0099372],[-37.7471,-6.0102475],[-37.7450703,-6.0115264],[-37.7438183,-6.0116002],[-37.7426707,-6.0120135],[-37.7407476,-6.0131745],[-37.7397262,-6.0167079],[-37.7394159,-6.0173105],[-37.7394044,-6.0177459],[-37.7407321,-6.0200802],[-37.7409439,-6.0208074],[-37.7408911,-6.0213242],[-37.7399809,-6.0227211],[-37.7398713,-6.0232912],[-37.7359759,-6.0247599],[-37.7352821,-6.0254315],[-37.7342662,-6.0268279],[-37.7346901,-6.0275037],[-37.7354356,-6.0281261],[-37.7356992,-6.0286955],[-37.7357529,-6.0298634],[-37.7355329,-6.0314158],[-37.7349443,-6.0330201],[-37.7346769,-6.0332803],[-37.734144,-6.0331241],[-37.7333471,-6.0325002],[-37.7328521,-6.0324912],[-37.7318397,-6.0351854],[-37.7285362,-6.0329613],[-37.726999,-6.0328432],[-37.7261131,-6.0334144],[-37.7255763,-6.0354794],[-37.7249834,-6.036513],[-37.7225591,-6.0367085],[-37.7220834,-6.0372219],[-37.7219586,-6.0405546],[-37.7216618,-6.0411279],[-37.7188023,-6.0424275],[-37.7174019,-6.0432708],[-37.7163958,-6.0440741],[-37.7156259,-6.0452191],[-37.715093,-6.0455638],[-37.7136753,-6.0457325],[-37.7116595,-6.0472799],[-37.7099484,-6.0478202],[-37.7086411,-6.0493679],[-37.7061776,-6.0485724],[-37.7046264,-6.048439],[-37.7021947,-6.0492837],[-37.7008055,-6.050582],[-37.7003003,-6.0502283],[-37.6983339,-6.0496967],[-37.694449,-6.0496611],[-37.6892536,-6.0487484],[-37.6854046,-6.0478677],[-37.6835795,-6.0470907],[-37.6810907,-6.046738],[-37.6797636,-6.0469292],[-37.6748817,-6.0470456],[-37.6724496,-6.0479335],[-37.6724771,-6.0475272],[-37.6745162,-6.0173823],[-37.6569641,-5.9919747],[-37.6505736,-5.9533758],[-37.6485763,-5.9413121],[-37.7129948,-5.9190553],[-37.7141404,-5.9193086],[-37.7160888,-5.9196438],[-37.7169867,-5.9200411],[-37.7175865,-5.9206071],[-37.7186878,-5.921736],[-37.7201767,-5.9229156],[-37.7217375,-5.9240973],[-37.72238,-5.924446],[-37.7227772,-5.9243663],[-37.7232668,-5.9246753],[-37.7236832,-5.9254454],[-37.7238649,-5.9264163],[-37.7241219,-5.9267147],[-37.7245503,-5.9270581],[-37.7250954,-5.927314],[-37.7257834,-5.9280278],[-37.7262324,-5.9281674],[-37.7268036,-5.9277655],[-37.728,-5.927593],[-37.729704,-5.9279336],[-37.731903,-5.9288903],[-37.7335763,-5.929098],[-37.7345836,-5.9284227],[-37.7359209,-5.9285343],[-37.7366853,-5.9290976],[-37.7376707,-5.9304152],[-37.7383464,-5.9324591],[-37.7386586,-5.9329221],[-37.7399193,-5.9337927],[-37.7414101,-5.9339024],[-37.7422563,-5.9340701],[-37.7428287,-5.9351129],[-37.7429136,-5.9359805],[-37.7435658,-5.936723],[-37.7451894,-5.9377207],[-37.7461434,-5.9380869],[-37.7465161,-5.9381498],[-37.747226,-5.9381373],[-37.7482711,-5.9379524],[-37.7490111,-5.9378783],[-37.7498208,-5.9378483],[-37.7512108,-5.9380289],[-37.7524463,-5.9384538],[-37.7543513,-5.9390989],[-37.7543569,-5.9390955],[-37.7543604,-5.9391002],[-37.7566907,-5.9401185],[-37.7586215,-5.9421606],[-37.7603533,-5.9455603],[-37.7636122,-5.9466475],[-37.7657085,-5.9481734],[-37.7661135,-5.9493984],[-37.7661097,-5.9514425],[-37.7666325,-5.9520853],[-37.7693143,-5.9525309],[-37.7702472,-5.9531166],[-37.7704765,-5.9539347],[-37.7702956,-5.9560383],[-37.7700027,-5.9569721],[-37.7703512,-5.9577901],[-37.7739028,-5.9601063],[-37.7740758,-5.9607506],[-37.7736078,-5.9617395],[-37.7727889,-5.9624984],[-37.7708047,-5.9637218],[-37.7696942,-5.9647699],[-37.7692854,-5.9653829],[-37.7696347,-5.9661426],[-37.770854,-5.9667879],[-37.7716134,-5.9674331],[-37.772019,-5.9684842],[-37.7717237,-5.9700034],[-37.7708456,-5.9714625],[-37.7706113,-5.9721614],[-37.7714218,-5.9748802],[-37.7699498,-5.9812444],[-37.7690017,-5.9829503],[-37.768544,-5.9837724],[-37.7685997,-5.9845891],[-37.7683656,-5.9858151],[-37.7678963,-5.9867499],[-37.768068,-5.988211],[-37.7674807,-5.9898463],[-37.7663116,-5.9914788],[-37.7659581,-5.9926762],[-37.7663058,-5.9937273],[-37.7672368,-5.9945498],[-37.769042,-5.9958983],[-37.7712994,-5.9972353],[-37.7730592,-5.9987982],[-37.7734655,-5.9998511],[-37.7730549,-6.0007259],[-37.7725301,-6.001252],[-37.7722402,-6.0018422]]]},"properties":{"CD_MUN":"2408409","NM_MUN":"Olho d'Água do Borges","CD_RGI":"240010","NM_RGI":"Pau dos Ferros","CD_RGINT":"2403","NM_RGINT":"Mossoró","CD_UF":"24","NM_UF":"Rio Grande do Norte","SIGLA_UF":"RN","CD_REGIA":"2","NM_REGIA":"Nordeste","SIGLA_RG":"NE","CD_CONCU":"","NM_CONCU":"","AREA_KM2":136.393}},
{"type":"Feature","geometry":{"type":"Polygon","coordinates":[[[-35.2819698,-5.8294725],[-35.2858756,-5.8302127],[-35.2887686,-5.8312086],[-35.2907123,-5.8324358],[-35.2926132,-5.8346471],[-35.2968694,-5.8374363],[-35.298546,-5.8388132],[-35.3010803,-5.8397043],[-35.3032163,-5.8397795],[-35.3038891,-5.8396673],[-35.3039252,-5.8396109],[-35.3045069,-5.8395307],[-35.3045097,-5.839529],[-35.3072297,-5.8378244],[-35.3085003,-5.8366822],[-35.3086259,-5.8363154],[-35.3235445,-5.8377816],[-35.3241079,-5.837837],[-35.3241445,-5.8378406],[-35.3263193,-5.8380543],[-35.3268677,-5.8381082],[-35.3279788,-5.8382174],[-35.3299618,-5.8384123],[-35.3330392,-5.8387148],[-35.342154,-5.8396106],[-35.3423618,-5.839631],[-35.3423747,-5.8396323],[-35.3473317,-5.8401194],[-35.3473769,-5.8401239],[-35.3493156,-5.8403165],[-35.3493625,-5.8403211],[-35.3494168,-5.8403265],[-35.3529888,-5.8406812],[-35.3530345,-5.8406858],[-35.3530792,-5.8406902],[-35.3547423,-5.8408554],[-35.3548526,-5.8408663],[-35.3586384,-5.8412423],[-35.358712,-5.8412496],[-35.3587274,-5.8412511],[-35.3587879,-5.8412571],[-35.3593235,-5.8413103],[-35.3594448,-5.8413224],[-35.359568,-5.8413346],[-35.3603469,-5.841412],[-35.3604012,-5.8414173],[-35.3604556,-5.8414227],[-35.3605453,-5.8414316],[-35.3605778,-5.8414349],[-35.3605869,-5.8414358],[-35.3619508,-5.8415712],[-35.362112,-5.8415872],[-35.3656679,-5.8419404],[-35.365793,-5.8419528],[-35.3663953,-5.8420126],[-35.366461,-5.8420191],[-35.3665218,-5.8420252],[-35.367514,-5.8421237],[-35.367823,-5.8421544],[-35.373392,-5.8427074],[-35.3787607,-5.8432406],[-35.3788556,-5.84325],[-35.3789215,-5.8432525],[-35.3857813,-5.8435091],[-35.3894858,-5.8436476],[-35.4077692,-5.8443316],[-35.4267051,-5.8450399],[-35.43195,-5.8452361],[-35.4319376,-5.84422],[-35.4541087,-5.8397361],[-35.454567,-5.8396109],[-35.454682,-5.8395795],[-35.4609081,-5.8378794],[-35.4635054,-5.8371702],[-35.4647573,-5.8368284],[-35.4666611,-5.8363085],[-35.4681199,-5.8359101],[-35.4682053,-5.8358868],[-35.4684505,-5.8358098],[-35.46866,-5.8357439],[-35.4708504,-5.8350557],[-35.4715851,-5.8348248],[-35.4788935,-5.8325278],[-35.4804831,-5.8316633],[-35.485031,-5.8299332],[-35.4862347,-5.829872],[-35.4867412,-5.8300409],[-35.4875012,-5.8296879],[-35.4882684,-5.8304541],[-35.4890278,-5.8312123],[-35.4902141,-5.8327135],[-35.5290102,-5.8818086],[-35.5290934,-5.8819135],[-35.5530428,-5.9098941],[-35.5699106,-5.929601],[-35.5722267,-5.9323081],[-35.5559185,-5.9482014],[-35.5556165,-5.9484955],[-35.5470404,-5.970715],[-35.5435333,-5.9798014],[-35.5410272,-5.9862944],[-35.5409506,-5.9864929],[-35.5408644,-5.986713],[-35.5374012,-5.9956844],[-35.5374835,-5.9958909],[-35.5397508,-6.0015896],[-35.5412396,-6.0053314],[-35.5577292,-6.0467766],[-35.5565754,-6.0470216],[-35.5553389,-6.0478231],[-35.5539715,-6.0480517],[-35.5527346,-6.0480143],[-35.5513208,-6.04833],[-35.549823,-6.0493115],[-35.5493822,-6.0497577],[-35.5491633,-6.0499793],[-35.5491602,-6.0499825],[-35.5485036,-6.0506471],[-35.5481055,-6.0514109],[-35.5479919,-6.0516391],[-35.5471356,-6.0532991],[-35.5468388,-6.0537849],[-35.546735,-6.0539548],[-35.5421075,-6.0521909],[-35.540284,-6.0514957],[-35.5388059,-6.0509322],[-35.4526349,-6.0180885],[-35.422356,-6.0065478],[-35.4220342,-6.0064252],[-35.4220325,-6.0064245],[-35.4216722,-6.0062872],[-35.4194182,-6.0054267],[-35.4065497,-6.0005141],[-35.37344,-5.9873764],[-35.3715551,-5.9860279],[-35.3705245,-5.985626],[-35.3662006,-5.9845573],[-35.3643702,-5.9833035],[-35.3629396,-5.9818865],[-35.3625171,-5.9817034],[-35.3621082,-5.9815262],[-35.3601409,-5.9812891],[-35.359614,-5.9810848],[-35.3587841,-5.9801659],[-35.3575437,-5.979379],[-35.35492,-5.9784057],[-35.3522989,-5.977796],[-35.3485629,-5.9765591],[-35.3449705,-5.9739871],[-35.3438079,-5.9734812],[-35.3416234,-5.9730249],[-35.3389189,-5.9733528],[-35.3378829,-5.9736718],[-35.336822,-5.9737201],[-35.3355789,-5.9734007],[-35.3345011,-5.9735962],[-35.3337285,-5.9741368],[-35.3324149,-5.9747166],[-35.331391,-5.9746664],[-35.3310923,-5.9746524],[-35.3297734,-5.9742258],[-35.3214405,-5.9702017],[-35.3179431,-5.9691969],[-35.317378,-5.9688692],[-35.3168129,-5.9685415],[-35.3153587,-5.9676983],[-35.3130947,-5.9647673],[-35.3129477,-5.964577],[-35.3121091,-5.9637784],[-35.3106697,-5.9626906],[-35.308892,-5.9617139],[-35.305216,-5.9588459],[-35.3039486,-5.9583161],[-35.3019155,-5.9581037],[-35.2981903,-5.9583179],[-35.2960851,-5.9582385],[-35.295059,-5.9500834],[-35.295049,-5.9500036],[-35.2949035,-5.9488477],[-35.294877,-5.9486371],[-35.2948265,-5.9482353],[-35.2947363,-5.9475186],[-35.294256,-5.9437012],[-35.2935855,-5.9383721],[-35.2933569,-5.9365555],[-35.2930268,-5.933932],[-35.2926961,-5.9313032],[-35.2922534,-5.9277852],[-35.2918836,-5.9248461],[-35.2918354,-5.9244625],[-35.29186,-5.9244245],[-35.2919728,-5.9242531],[-35.2911352,-5.9237641],[-35.2914322,-5.9233211],[-35.2914367,-5.9233144],[-35.2917183,-5.9228401],[-35.2917108,-5.9228356],[-35.2909178,-5.9223657],[-35.2912439,-5.9218518],[-35.2913504,-5.921687],[-35.2914713,-5.921491],[-35.2911604,-5.9191132],[-35.2905916,-5.9188818],[-35.2914169,-5.916752],[-35.2908275,-5.9165082],[-35.2902256,-5.9162592],[-35.2910307,-5.9141591],[-35.2905135,-5.9139567],[-35.2896077,-5.9135492],[-35.2908965,-5.911631],[-35.2903077,-5.9113975],[-35.2901447,-5.9113328],[-35.289728,-5.9111675],[-35.2894077,-5.9110867],[-35.290593,-5.9091028],[-35.2898901,-5.9090625],[-35.2897351,-5.9078174],[-35.2891968,-5.9034919],[-35.2870756,-5.886633],[-35.2869629,-5.8857368],[-35.2866491,-5.883243],[-35.2862262,-5.8797106],[-35.2860513,-5.8783391],[-35.2845244,-5.8663655],[-35.2824141,-5.8498172],[-35.2825327,-5.8495792],[-35.2825342,-5.8495244],[-35.2825345,-5.8495181],[-35.2825703,-5.8485137],[-35.2825707,-5.8485034],[-35.2825809,-5.8482173],[-35.2826206,-5.8470443],[-35.28267,-5.8459757],[-35.282692,-5.8455001],[-35.2826389,-5.8448123],[-35.2825646,-5.8438492],[-35.2824587,-5.8420596],[-35.2828182,-5.8395905],[-35.2830506,-5.837995],[-35.2824571,-5.8367848],[-35.2807069,-5.8365481],[-35.2809135,-5.8359091],[-35.2816334,-5.8336819],[-35.2817159,-5.8317284],[-35.2819645,-5.8300647],[-35.2819698,-5.8294725]]]},"properties":{"CD_MUN":"2407104","NM_MUN":"Macaíba","CD_RGI":"240001","NM_RGI":"Natal","CD_RGINT":"2401","NM_RGINT":"Natal","CD_UF":"24","NM_UF":"Rio Grande do Norte","SIGLA_UF":"RN","CD_REGIA":"2","NM_REGIA":"Nordeste","SIGLA_RG":"NE","CD_CONCU":"2408102","NM_CONCU":"Natal/RN","AREA_KM2":510.092}},
{"type":"Feature","geometry":{"type":"Polygon","coordinates":[[[-36.8379872,-5.3922306],[-36.8139765,-5.3938787],[-36.8117956,-5.3940284],[-36.8115732,-5.3940437],[-36.8085281,-5.3942527],[-36.7347459,-5.3993172],[-36.7347416,-5.3993175],[-36.7347384,-5.3993177],[-36.7087576,-5.4010952],[-36.7078961,-5.4011541],[-36.6108889,-5.4077859],[-36.5373818,-5.4127957],[-36.5554144,-5.3949067],[-36.6643624,-5.3721804],[-36.7103057,-5.3214972],[-36.7104903,-5.3212936],[-36.754561,-5.272676],[-36.7593412,-5.2788702],[-36.760518,-5.2801382],[-36.7622865,-5.2817683],[-36.7651121,-5.2833217],[-36.7658385,-5.2838015],[-36.7666589,-5.2846433],[-36.7668109,-5.2847993],[-36.7674861,-5.2854924],[-36.7690939,-5.2868041],[-36.772004,-5.288816],[-36.7753098,-5.2907796],[-36.7763621,-5.2923293],[-36.7775876,-5.2949942],[-36.7783261,-5.2980842],[-36.7783218,-5.2996292],[-36.7776912,-5.30297],[-36.7803564,-5.3097583],[-36.7829041,-5.3128551],[-36.7884442,-5.3171633],[-36.7890586,-5.317835],[-36.7892331,-5.3188655],[-36.7892268,-5.3204088],[-36.7897064,-5.3217841],[-36.7925192,-5.3245394],[-36.7955971,-5.3272092],[-36.7983258,-5.3286777],[-36.8003477,-5.3294564],[-36.8006106,-5.3304876],[-36.8004758,-5.3316016],[-36.8034935,-5.3341981],[-36.8040801,-5.334703],[-36.8076142,-5.3393393],[-36.8109444,-5.3445035],[-36.8119515,-5.346488],[-36.8122381,-5.3474784],[-36.8135578,-5.3590831],[-36.8135629,-5.3598477],[-36.8127251,-5.3626499],[-36.8117349,-5.3659619],[-36.8117335,-5.3663541],[-36.8125924,-5.3681512],[-36.8141709,-5.3691296],[-36.8168963,-5.3697406],[-36.8183151,-5.3694913],[-36.8205895,-5.3684348],[-36.825647,-5.3686774],[-36.8275868,-5.3683296],[-36.8299821,-5.3676156],[-36.8317548,-5.3672737],[-36.8325631,-5.3673197],[-36.8339323,-5.3676024],[-36.8363679,-5.3686853],[-36.8407829,-5.372058],[-36.8420235,-5.3744856],[-36.8424655,-5.3781577],[-36.8422499,-5.3806249],[-36.8397212,-5.3852992],[-36.8385286,-5.3870568],[-36.8379872,-5.3922306]]]},"properties":{"CD_MUN":"2400703","NM_MUN":"Alto do Rodrigues","CD_RGI":"240011","NM_RGI":"Açu","CD_RGINT":"2403","NM_RGINT":"Mossoró","CD_UF":"24","NM_UF":"Rio Grande do Norte","SIGLA_UF":"RN","CD_REGIA":"2","NM_REGIA":"Nordeste","SIGLA_RG":"NE","CD_CONCU":"","NM_CONCU":"","AREA_KM2":191.334}},
{"type":"Feature","geometry":{"type":"Polygon","coordinates":[[[-37.2608993,-6.4043234],[-37.2888114,-6.4287287],[-37.3184792,-6.4546691],[-37.3006378,-6.4757714],[-37.3005467,-6.475879],[-37.2602306,-6.523526],[-37.2611181,-6.5245854],[-37.2616519,-6.5273103],[-37.2589287,-6.5323756],[-37.2584854,-6.5342796],[-37.2568213,-6.5352194],[-37.2569013,-6.5363172],[-37.2580356,-6.5373004],[-37.2572264,-6.5388455],[-37.2544001,-6.5417026],[-37.2540266,-6.5429943],[-37.2541241,-6.5450066],[-37.2308152,-6.5694521],[-37.2304662,-6.5683422],[-37.2296274,-6.5673737],[-37.2253317,-6.5649083],[-37.2220966,-6.5644833],[-37.2208973,-6.5622397],[-37.2169149,-6.5593975],[-37.2152158,-6.5530361],[-37.2167032,-6.5510064],[-37.2166365,-6.5503161],[-37.2145084,-6.5484811],[-37.2132626,-6.5428998],[-37.2120968,-6.5403356],[-37.2112275,-6.5318421],[-37.2114369,-6.5312483],[-37.2131607,-6.5303932],[-37.2136447,-6.5297049],[-37.2134468,-6.5274295],[-37.2114531,-6.5265258],[-37.2100142,-6.5244294],[-37.2050991,-6.5206332],[-37.1996368,-6.514745],[-37.1992573,-6.513172],[-37.1998839,-6.5110366],[-37.2022337,-6.5085623],[-37.2024124,-6.5066426],[-37.2058118,-6.4997313],[-37.2050673,-6.4961778],[-37.2052561,-6.4914114],[-37.2048222,-6.4870496],[-37.2027534,-6.4787617],[-37.2035926,-6.4750712],[-37.2050113,-6.4725842],[-37.2052957,-6.470444],[-37.2061909,-6.4698953],[-37.2058127,-6.4695296],[-37.1995394,-6.4634625],[-37.1955743,-6.4550317],[-37.1949995,-6.4529381],[-37.1953266,-6.4467561],[-37.1934741,-6.4448885],[-37.1907261,-6.4409391],[-37.1884689,-6.4390067],[-37.1900739,-6.43752],[-37.1913693,-6.4365796],[-37.1930103,-6.4358219],[-37.1944661,-6.435486],[-37.1967682,-6.4366302],[-37.1978259,-6.4366714],[-37.1985444,-6.4364476],[-37.2013265,-6.4344938],[-37.2030224,-6.4335841],[-37.2069544,-6.4323432],[-37.2086934,-6.4323242],[-37.2114374,-6.433346],[-37.2125508,-6.4335069],[-37.213227,-6.4333564],[-37.2204882,-6.4303224],[-37.2222692,-6.4292452],[-37.228336,-6.4247431],[-37.2357175,-6.418766],[-37.2372835,-6.417759],[-37.2432552,-6.4152362],[-37.2469069,-6.4134978],[-37.2501979,-6.4113758],[-37.2548978,-6.4078814],[-37.2574398,-6.4062183],[-37.2608993,-6.4043234]]]},"properties":{"CD_MUN":"2414308","NM_MUN":"Timbaúba dos Batistas","CD_RGI":"240007","NM_RGI":"Caicó","CD_RGINT":"2402","NM_RGINT":"Caicó","CD_UF":"24","NM_UF":"Rio Grande do Norte","SIGLA_UF":"RN","CD_REGIA":"2","NM_REGIA":"Nordeste","SIGLA_RG":"NE","CD_CONCU":"","NM_CONCU":"","AREA_KM2":135.456}},
{"type":"Feature","geometry":{"type":"Polygon","coordinates":[[[-36.8953228,-6.2394006],[-36.8946637,-6.2399146],[-36.8933695,-6.2399532],[-36.8931495,-6.2405571],[-36.8924578,-6.2408561],[-36.8913783,-6.2409395],[-36.8904472,-6.2416928],[-36.8899685,-6.2425979],[-36.8900074,-6.243274],[-36.8898349,-6.2440232],[-36.8892721,-6.2438489],[-36.8883645,-6.2442754],[-36.8885318,-6.2453583],[-36.888097,-6.246004],[-36.8863044,-6.2465373],[-36.8847882,-6.2476985],[-36.8840255,-6.2477388],[-36.8834063,-6.2479534],[-36.881718,-6.2488529],[-36.8810443,-6.2496929],[-36.8807395,-6.2504276],[-36.8800918,-6.2508145],[-36.8790549,-6.250809],[-36.8781504,-6.250417],[-36.8766372,-6.2509736],[-36.875946,-6.2510135],[-36.8753195,-6.2515519],[-36.8753563,-6.2527199],[-36.8745793,-6.252758],[-36.8732875,-6.2518887],[-36.8717785,-6.2513201],[-36.8698961,-6.2523719],[-36.8689859,-6.2533639],[-36.8688522,-6.2543568],[-36.8692315,-6.2566069],[-36.8684943,-6.2576407],[-36.8674773,-6.2581763],[-36.8664395,-6.2583881],[-36.8653572,-6.2592491],[-36.8641504,-6.2588121],[-36.8633321,-6.2580312],[-36.8625113,-6.2582438],[-36.862185,-6.2589949],[-36.8619012,-6.2604465],[-36.8609603,-6.262884],[-36.8600491,-6.263875],[-36.8584923,-6.2645158],[-36.8572825,-6.2648148],[-36.8564218,-6.2640326],[-36.8555588,-6.2638558],[-36.854111,-6.2643475],[-36.8532009,-6.265251],[-36.8526718,-6.2679715],[-36.8523223,-6.2687921],[-36.8517161,-6.269395],[-36.8508702,-6.2697591],[-36.8502689,-6.2694111],[-36.8503157,-6.2687188],[-36.8487245,-6.266941],[-36.8490714,-6.266466],[-36.8493343,-6.2653439],[-36.8486263,-6.2646704],[-36.8473736,-6.2645784],[-36.8465011,-6.2667805],[-36.8458501,-6.2676409],[-36.8448991,-6.2679845],[-36.8435444,-6.2664878],[-36.8409493,-6.2678338],[-36.8398248,-6.268417],[-36.8376811,-6.2698127],[-36.8368125,-6.2710629],[-36.8368067,-6.2722294],[-36.8384367,-6.2755647],[-36.8378904,-6.2768831],[-36.8367225,-6.2772223],[-36.8357234,-6.2789907],[-36.8353775,-6.2839893],[-36.8345064,-6.285714],[-36.8326917,-6.286355],[-36.831226,-6.2858733],[-36.8299659,-6.2841492],[-36.8278724,-6.2846663],[-36.8262912,-6.287148],[-36.825368,-6.2892364],[-36.823995,-6.2892998],[-36.822164,-6.2888983],[-36.8212427,-6.290074],[-36.8215004,-6.2913837],[-36.8217385,-6.2916934],[-36.8217806,-6.2917481],[-36.8220595,-6.2921107],[-36.8220608,-6.2921124],[-36.8220668,-6.2921203],[-36.8224098,-6.2925659],[-36.8220337,-6.2929386],[-36.8214237,-6.2935429],[-36.8198528,-6.2941915],[-36.8190635,-6.2954977],[-36.8189269,-6.2966764],[-36.8168356,-6.2964052],[-36.816627,-6.2989577],[-36.815837,-6.3006579],[-36.8154359,-6.3026206],[-36.8162169,-6.3036706],[-36.8150372,-6.3040586],[-36.8143833,-6.3036915],[-36.7975068,-6.3015351],[-36.7728736,-6.2983874],[-36.7541536,-6.3205431],[-36.7523687,-6.3167223],[-36.7484821,-6.314497],[-36.7461792,-6.3110157],[-36.7447389,-6.3105328],[-36.7432953,-6.3075212],[-36.7433617,-6.3070575],[-36.7415184,-6.3054279],[-36.7397908,-6.3034488],[-36.7389215,-6.3017868],[-36.7392797,-6.3008537],[-36.7392859,-6.299345],[-36.7386805,-6.2986679],[-36.737566,-6.2967403],[-36.7365837,-6.2944905],[-36.7342413,-6.2913676],[-36.7341482,-6.2905968],[-36.7344085,-6.2898277],[-36.7352459,-6.2891885],[-36.7361502,-6.2872684],[-36.7355796,-6.285726],[-36.7348148,-6.2846319],[-36.7353123,-6.2809763],[-36.7349337,-6.2796901],[-36.7339757,-6.2788531],[-36.7325096,-6.2769197],[-36.7312443,-6.2727455],[-36.7297834,-6.270364],[-36.7279092,-6.2665697],[-36.726695,-6.2657948],[-36.723696,-6.2632801],[-36.7214243,-6.2619855],[-36.7177354,-6.2563226],[-36.7136364,-6.2480279],[-36.7105903,-6.2413411],[-36.7079331,-6.2336288],[-36.7056498,-6.2282299],[-36.7037035,-6.2207636],[-36.7074685,-6.2202428],[-36.7126666,-6.2179993],[-36.7274497,-6.2137893],[-36.7302396,-6.2133882],[-36.7381026,-6.2135144],[-36.7398866,-6.2128343],[-36.7414514,-6.2107354],[-36.7427924,-6.2099285],[-36.747042,-6.207371],[-36.7638397,-6.2026369],[-36.7674983,-6.2018279],[-36.7700133,-6.2018845],[-36.7723021,-6.2011626],[-36.7749603,-6.1993406],[-36.7774396,-6.1972462],[-36.7791294,-6.1970251],[-36.7828789,-6.1970395],[-36.7854383,-6.1966835],[-36.7867586,-6.1951011],[-36.7857116,-6.1946183],[-36.7846424,-6.1938508],[-36.7833411,-6.1921567],[-36.7826732,-6.1903517],[-36.782302,-6.1893485],[-36.7808399,-6.1883551],[-36.7799816,-6.1885016],[-36.7779512,-6.1876342],[-36.7765842,-6.1863095],[-36.775479,-6.1855921],[-36.7728401,-6.1848349],[-36.7704468,-6.1832724],[-36.7679773,-6.1819637],[-36.762784,-6.1807905],[-36.7614497,-6.1790531],[-36.759591,-6.1751508],[-36.7589459,-6.1733214],[-36.7571729,-6.1715938],[-36.7557852,-6.168365],[-36.7550112,-6.1646513],[-36.7541448,-6.1633026],[-36.7533944,-6.1630621],[-36.7519461,-6.1633635],[-36.7512023,-6.1637404],[-36.7498946,-6.1648158],[-36.7492563,-6.1648999],[-36.7472894,-6.1644867],[-36.7455566,-6.1638842],[-36.7393963,-6.1591245],[-36.7297386,-6.149766],[-36.728324,-6.1447044],[-36.7281316,-6.1440159],[-36.7260375,-6.1365233],[-36.7268092,-6.1350574],[-36.7278082,-6.1338003],[-36.7281764,-6.1322362],[-36.7281988,-6.1310147],[-36.7286696,-6.1296556],[-36.7288911,-6.1281277],[-36.7301458,-6.1257237],[-36.7318938,-6.1212513],[-36.7320008,-6.1202011],[-36.7313355,-6.1165676],[-36.7313124,-6.1150227],[-36.7315285,-6.1129138],[-36.7322036,-6.1105118],[-36.732675,-6.1101947],[-36.7335559,-6.1103447],[-36.7369673,-6.1120622],[-36.7386165,-6.1122661],[-36.7391714,-6.1121879],[-36.7393106,-6.1117767],[-36.7388801,-6.1108797],[-36.7383033,-6.1102837],[-36.7359209,-6.1084949],[-36.7338361,-6.1076068],[-36.7320044,-6.1064694],[-36.731055,-6.1053002],[-36.7305289,-6.1039329],[-36.7300654,-6.1035716],[-36.7290272,-6.1034782],[-36.7278957,-6.1035577],[-36.727173,-6.1038463],[-36.7266139,-6.1037512],[-36.7256708,-6.1008581],[-36.7247728,-6.100106],[-36.7234788,-6.0996301],[-36.7223939,-6.0984595],[-36.7212403,-6.0964947],[-36.7198883,-6.0952562],[-36.7230673,-6.0933041],[-36.7266542,-6.0895856],[-36.7273716,-6.0873407],[-36.727498,-6.0854507],[-36.7272684,-6.0839124],[-36.7267413,-6.0828464],[-36.7222779,-6.0777424],[-36.7198815,-6.0719479],[-36.7256411,-6.0636959],[-36.7287823,-6.0594271],[-36.7308641,-6.056598],[-36.7366567,-6.0549586],[-36.7427692,-6.0551508],[-36.7427431,-6.0554156],[-36.7421253,-6.0558094],[-36.7425678,-6.0573714],[-36.7431897,-6.0575],[-36.7437383,-6.0578578],[-36.7438692,-6.0583969],[-36.7443186,-6.0590194],[-36.7444961,-6.0597003],[-36.7456639,-6.0607569],[-36.7456453,-6.0614458],[-36.7463953,-6.0623136],[-36.7490133,-6.0627644],[-36.7495008,-6.0626778],[-36.7516581,-6.0609992],[-36.7517986,-6.0604089],[-36.7526075,-6.0598197],[-36.7538861,-6.05791],[-36.7550142,-6.05698],[-36.7549231,-6.0565469],[-36.7551897,-6.0561669],[-36.7553106,-6.0556856],[-36.7665681,-6.0561644],[-36.7821264,-6.0500766],[-36.7823609,-6.0480101],[-36.783285,-6.0444451],[-36.7836665,-6.0436099],[-36.7850176,-6.0412223],[-36.7863667,-6.0399229],[-36.788048,-6.039385],[-36.7897268,-6.0392835],[-36.7911836,-6.0393969],[-36.7933636,-6.040114],[-36.795591,-6.0425167],[-36.799149,-6.0484067],[-36.8013243,-6.0501014],[-36.8125086,-6.0532356],[-36.820934,-6.0538902],[-36.8295022,-6.0542381],[-36.8302036,-6.0531518],[-36.8336182,-6.0537869],[-36.8361081,-6.0523979],[-36.8363528,-6.0492884],[-36.8349081,-6.0415085],[-36.8437602,-6.0404544],[-36.8491102,-6.0414084],[-36.8553922,-6.0442805],[-36.8587193,-6.0458005],[-36.8677875,-6.0484806],[-36.8701065,-6.0511318],[-36.8714153,-6.0536356],[-36.8697442,-6.060958],[-36.8750903,-6.0633173],[-36.8853104,-6.071136],[-36.8921656,-6.0788681],[-36.8987268,-6.0857739],[-36.8993483,-6.0859218],[-36.9118116,-6.0818788],[-36.9211643,-6.0820477],[-36.9255712,-6.0837779],[-36.9313498,-6.0873081],[-36.9337818,-6.0887938],[-36.9339283,-6.0888833],[-36.9340489,-6.088957],[-36.9330772,-6.0933239],[-36.9244638,-6.1319944],[-36.9122698,-6.1337941],[-36.9018606,-6.1342808],[-36.9005073,-6.1356611],[-36.8984724,-6.1414179],[-36.894196,-6.1452928],[-36.8931382,-6.1614938],[-36.8921508,-6.1766168],[-36.8969526,-6.1798505],[-36.900585,-6.1807213],[-36.9018672,-6.1815847],[-36.9043162,-6.1848093],[-36.911477,-6.1863365],[-36.9144864,-6.1829203],[-36.9181291,-6.1816488],[-36.9216781,-6.1814591],[-36.9255087,-6.1821055],[-36.9291376,-6.1842628],[-36.9345784,-6.1883545],[-36.9397311,-6.1843053],[-36.946044,-6.1843279],[-36.9486073,-6.185411],[-36.9573171,-6.1907638],[-36.9521577,-6.1940809],[-36.950231,-6.1955952],[-36.9412762,-6.2032853],[-36.9382,-6.2065533],[-36.9319187,-6.2118962],[-36.9269305,-6.2157528],[-36.9238216,-6.2208926],[-36.9232,-6.2231651],[-36.9228606,-6.2255953],[-36.9230632,-6.2330374],[-36.9240543,-6.2389462],[-36.9230245,-6.2389454],[-36.9011537,-6.2389313],[-36.8944209,-6.2389273],[-36.8953228,-6.2394006]]]},"properties":{"CD_MUN":"2403806","NM_MUN":"Florânia","CD_RGI":"240008","NM_RGI":"Currais Novos","CD_RGINT":"2402","NM_RGINT":"Caicó","CD_UF":"24","NM_UF":"Rio Grande do Norte","SIGLA_UF":"RN","CD_REGIA":"2","NM_REGIA":"Nordeste","SIGLA_RG":"NE","CD_CONCU":"","NM_CONCU":"","AREA_KM2":507.892}},
{"type":"Feature","geometry":{"type":"Polygon","coordinates":[[[-36.6045929,-6.2903684],[-36.6068218,-6.2894185],[-36.6079042,-6.287067],[-36.6067857,-6.2783215],[-36.6049015,-6.2746698],[-36.5964238,-6.2622568],[-36.591646,-6.2477345],[-36.5918791,-6.2452947],[-36.5929332,-6.244636],[-36.5958685,-6.2446493],[-36.5974513,-6.2434623],[-36.5985667,-6.241584],[-36.5990195,-6.2385066],[-36.5986787,-6.2344093],[-36.5994708,-6.2319568],[-36.6019007,-6.2311692],[-36.6061781,-6.2307678],[-36.6068466,-6.2297188],[-36.6066587,-6.2283019],[-36.6055561,-6.2273571],[-36.6009728,-6.2262489],[-36.5991824,-6.2160713],[-36.5998479,-6.2146251],[-36.6033654,-6.2130844],[-36.6041482,-6.212102],[-36.6078136,-6.2036425],[-36.6135873,-6.1980889],[-36.616045,-6.196896],[-36.617678,-6.1954124],[-36.6188664,-6.1923689],[-36.6156615,-6.174647],[-36.6167165,-6.1707713],[-36.6182164,-6.168292],[-36.6253948,-6.1603982],[-36.6268405,-6.1583686],[-36.6279435,-6.155342],[-36.6273208,-6.1514752],[-36.6228697,-6.1408513],[-36.6223072,-6.1317646],[-36.6221515,-6.1232849],[-36.6230368,-6.1192566],[-36.6238955,-6.1153477],[-36.625923,-6.1120554],[-36.6272808,-6.1085156],[-36.6286314,-6.1069335],[-36.6336402,-6.1033757],[-36.6344457,-6.1028035],[-36.6361715,-6.0991434],[-36.6387154,-6.0890082],[-36.6532703,-6.111835],[-36.6531817,-6.1120806],[-36.6828213,-6.1277437],[-36.6831582,-6.1280769],[-36.7005899,-6.1453327],[-36.7003051,-6.1481315],[-36.7013313,-6.1505399],[-36.7011464,-6.1543007],[-36.6999666,-6.1637059],[-36.6999605,-6.1637547],[-36.7056751,-6.1682882],[-36.7053708,-6.1802045],[-36.7056153,-6.1829748],[-36.707208,-6.1883775],[-36.7091255,-6.1902116],[-36.7123173,-6.1915489],[-36.7129171,-6.1918003],[-36.7150353,-6.1936338],[-36.716037,-6.1962755],[-36.7157725,-6.1989626],[-36.7135167,-6.2052418],[-36.7027407,-6.2198774],[-36.702609,-6.2200577],[-36.7029678,-6.2208669],[-36.7037035,-6.2207636],[-36.7056498,-6.2282299],[-36.7079331,-6.2336288],[-36.7105903,-6.2413411],[-36.7136364,-6.2480279],[-36.7177354,-6.2563226],[-36.7214243,-6.2619855],[-36.723696,-6.2632801],[-36.726695,-6.2657948],[-36.7279092,-6.2665697],[-36.7297834,-6.270364],[-36.7312443,-6.2727455],[-36.7325096,-6.2769197],[-36.7339757,-6.2788531],[-36.7349337,-6.2796901],[-36.7353123,-6.2809763],[-36.7348148,-6.2846319],[-36.7355796,-6.285726],[-36.7361502,-6.2872684],[-36.7352459,-6.2891885],[-36.7344085,-6.2898277],[-36.7341482,-6.2905968],[-36.7342413,-6.2913676],[-36.7365837,-6.2944905],[-36.737566,-6.2967403],[-36.7386805,-6.2986679],[-36.7392859,-6.299345],[-36.7392797,-6.3008537],[-36.7389215,-6.3017868],[-36.7397908,-6.3034488],[-36.7415184,-6.3054279],[-36.7433617,-6.3070575],[-36.7432953,-6.3075212],[-36.7403739,-6.3049146],[-36.73856,-6.3018074],[-36.7163949,-6.3009969],[-36.7157505,-6.2952585],[-36.7153504,-6.2946858],[-36.7134936,-6.2943534],[-36.7135676,-6.2910112],[-36.7132619,-6.2900321],[-36.7129462,-6.2893704],[-36.7106525,-6.2868915],[-36.710024,-6.278095],[-36.7095898,-6.2769569],[-36.7078404,-6.2768973],[-36.7051721,-6.2757796],[-36.7030306,-6.2742751],[-36.7016558,-6.2740456],[-36.7000462,-6.2754618],[-36.6994227,-6.2765605],[-36.6993075,-6.2767635],[-36.6985882,-6.2768585],[-36.6976313,-6.2765461],[-36.6963685,-6.2749932],[-36.6957184,-6.2741938],[-36.6928844,-6.2726061],[-36.6920522,-6.2725902],[-36.6895986,-6.2745751],[-36.6872856,-6.2736737],[-36.6869192,-6.272589],[-36.6859814,-6.2718211],[-36.6852784,-6.2719166],[-36.6848663,-6.2718014],[-36.6830666,-6.2704048],[-36.6815942,-6.2698053],[-36.6779574,-6.2713234],[-36.6756183,-6.2699686],[-36.6737426,-6.2714705],[-36.673493,-6.2735958],[-36.672502,-6.2752692],[-36.6702455,-6.2753657],[-36.6625329,-6.2785189],[-36.6607034,-6.2779426],[-36.6604426,-6.277133],[-36.6596534,-6.276517],[-36.6585451,-6.2766965],[-36.6579736,-6.2760874],[-36.6573053,-6.2741547],[-36.6554658,-6.2738472],[-36.655418,-6.2726205],[-36.6552558,-6.2723947],[-36.6547437,-6.2722158],[-36.6519887,-6.27341],[-36.645844,-6.2705936],[-36.6452484,-6.270451],[-36.6398087,-6.2713032],[-36.632046,-6.2686329],[-36.6306125,-6.2685131],[-36.6296035,-6.2692788],[-36.6283551,-6.271128],[-36.628282,-6.2714683],[-36.629025,-6.2752087],[-36.6282049,-6.276824],[-36.6281014,-6.2803836],[-36.6270275,-6.2823334],[-36.6262219,-6.2855315],[-36.6259939,-6.2858807],[-36.6250688,-6.2864387],[-36.6233751,-6.2859904],[-36.6210835,-6.2870829],[-36.6196801,-6.2881431],[-36.6188262,-6.2908187],[-36.6175071,-6.2923193],[-36.6154704,-6.2933057],[-36.6138399,-6.2930747],[-36.6045929,-6.2903684]]]},"properties":{"CD_MUN":"2413003","NM_MUN":"São Vicente","CD_RGI":"240008","NM_RGI":"Currais Novos","CD_RGINT":"2402","NM_RGINT":"Caicó","CD_UF":"24","NM_UF":"Rio Grande do Norte","SIGLA_UF":"RN","CD_REGIA":"2","NM_REGIA":"Nordeste","SIGLA_RG":"NE","CD_CONCU":"","NM_CONCU":"","AREA_KM2":197.817}},
{"type":"Feature","geometry":{"type":"Polygon","coordinates":[[[-36.2232316,-5.4338742],[-36.2413034,-5.3843219],[-36.2756528,-5.2899916],[-36.27584,-5.2894775],[-36.3223928,-5.2697138],[-36.3224667,-5.2696824],[-36.3271712,-5.2676852],[-36.3273151,-5.2676241],[-36.3471621,-5.2591981],[-36.3473033,-5.2591382],[-36.3522641,-5.2571165],[-36.3528527,-5.2568766],[-36.3531972,-5.2567385],[-36.3532748,-5.2567074],[-36.3545111,-5.2562121],[-36.3545919,-5.2561797],[-36.3549828,-5.2560323],[-36.3560017,-5.255615],[-36.3560138,-5.2556101],[-36.3561122,-5.2555698],[-36.3563717,-5.2554641],[-36.356696,-5.2553251],[-36.35695,-5.2552227],[-36.3570286,-5.2551911],[-36.35743,-5.2550165],[-36.3574314,-5.2550159],[-36.3577818,-5.2548611],[-36.3577849,-5.2548597],[-36.3578228,-5.254843],[-36.3578608,-5.2548294],[-36.3582241,-5.2546994],[-36.3586591,-5.2545368],[-36.3591176,-5.2543654],[-36.360146,-5.2540271],[-36.3607227,-5.2537943],[-36.3634008,-5.2527131],[-36.365691,-5.2517886],[-36.3676821,-5.2509848],[-36.3681851,-5.2507817],[-36.3801771,-5.2705473],[-36.3803412,-5.2712678],[-36.3812685,-5.3148664],[-36.3833405,-5.3180147],[-36.3862903,-5.3202524],[-36.3950132,-5.3259186],[-36.3989774,-5.3271128],[-36.4014794,-5.3285221],[-36.4035701,-5.3299849],[-36.4059223,-5.3313641],[-36.4072655,-5.3324635],[-36.410329,-5.33415],[-36.4145063,-5.3377376],[-36.4192416,-5.3426366],[-36.4212764,-5.3479622],[-36.43266,-5.3613829],[-36.4398685,-5.3698814],[-36.4552388,-5.4865382],[-36.4553963,-5.4877387],[-36.4627042,-5.5434322],[-36.462813,-5.5442615],[-36.4674683,-5.5797395],[-36.4699073,-5.5983724],[-36.3281327,-5.6441185],[-36.317889,-5.6474238],[-36.306954,-5.6502609],[-36.305169,-5.6510848],[-36.3014466,-5.6539629],[-36.2992252,-5.6552497],[-36.2984728,-5.656088],[-36.2966884,-5.6587917],[-36.2956336,-5.6597688],[-36.2945455,-5.6604824],[-36.2904286,-5.6619375],[-36.2893459,-5.6624206],[-36.2884759,-5.6630326],[-36.288028,-5.6638355],[-36.2869219,-5.6673041],[-36.286302,-5.668552],[-36.285622,-5.6693534],[-36.2847093,-5.6697723],[-36.2794956,-5.6704602],[-36.2782502,-5.671865],[-36.2776572,-5.6730842],[-36.2769637,-5.673886],[-36.2739063,-5.676242],[-36.2712407,-5.678979],[-36.2696077,-5.6800684],[-36.2691187,-5.6802233],[-36.2622376,-5.6798836],[-36.2298373,-5.6003547],[-36.2298186,-5.6003088],[-36.2166207,-5.5679491],[-36.2006602,-5.5288159],[-36.1969923,-5.5198226],[-36.2004,-5.51814],[-36.2001,-5.51671],[-36.1972,-5.51542],[-36.1954869,-5.5161348],[-36.1950041,-5.5149522],[-36.1797285,-5.4775326],[-36.2232316,-5.4338742]]]},"properties":{"CD_MUN":"2409704","NM_MUN":"Pedro Avelino","CD_RGI":"240005","NM_RGI":"João Câmara","CD_RGINT":"2401","NM_RGINT":"Natal","CD_UF":"24","NM_UF":"Rio Grande do Norte","SIGLA_UF":"RN","CD_REGIA":"2","NM_REGIA":"Nordeste","SIGLA_RG":"NE","CD_CONCU":"","NM_CONCU":"","AREA_KM2":952.755}},
{"type":"Feature","geometry":{"type":"Polygon","coordinates":[[[-38.2719691,-6.2226205],[-38.2795666,-6.2374293],[-38.2795837,-6.2374626],[-38.2797138,-6.2375923],[-38.2820902,-6.2399632],[-38.2862348,-6.239888],[-38.290385,-6.2362226],[-38.2948426,-6.239341],[-38.2990329,-6.2374705],[-38.3015782,-6.2413076],[-38.3161712,-6.2339795],[-38.3171665,-6.2364161],[-38.3573687,-6.2175487],[-38.3578838,-6.2176445],[-38.3579287,-6.2178011],[-38.3611167,-6.2288232],[-38.371852,-6.2485621],[-38.3763411,-6.2556183],[-38.3799841,-6.2564644],[-38.3813373,-6.2577786],[-38.3814112,-6.2592394],[-38.3792643,-6.2627041],[-38.382763,-6.2669817],[-38.3856845,-6.2697553],[-38.388613,-6.2711446],[-38.3894387,-6.2717293],[-38.3906014,-6.2734483],[-38.3925548,-6.2746159],[-38.3967644,-6.2742553],[-38.3986799,-6.2742955],[-38.4001822,-6.2746614],[-38.402137,-6.2759042],[-38.4028866,-6.2772929],[-38.4035221,-6.2795195],[-38.4023909,-6.2819274],[-38.3995338,-6.2835291],[-38.3988563,-6.2848428],[-38.399794,-6.2867055],[-38.4061377,-6.2919312],[-38.4086643,-6.2934575],[-38.3965976,-6.3184057],[-38.3964748,-6.3186597],[-38.3945646,-6.3450947],[-38.35314,-6.3343834],[-38.3473388,-6.3328836],[-38.3435875,-6.3319137],[-38.331297,-6.3287361],[-38.3330173,-6.3183437],[-38.3323979,-6.3152363],[-38.3323182,-6.3140669],[-38.3332338,-6.312404],[-38.3333596,-6.3115502],[-38.3327361,-6.3107148],[-38.3309891,-6.3095442],[-38.3308226,-6.3089629],[-38.3321211,-6.3039625],[-38.3319554,-6.3034413],[-38.3310401,-6.3029831],[-38.3285009,-6.3022292],[-38.3272956,-6.301643],[-38.3262987,-6.3008082],[-38.3246759,-6.2989514],[-38.3236588,-6.2975064],[-38.3231798,-6.2968253],[-38.3217258,-6.2954478],[-38.320277,-6.2945773],[-38.3191971,-6.2934724],[-38.3182007,-6.2919722],[-38.317315,-6.289931],[-38.3167883,-6.2895939],[-38.3158732,-6.2896555],[-38.3138319,-6.2904433],[-38.3115835,-6.2910263],[-38.3105845,-6.2910235],[-38.3096685,-6.2907929],[-38.30863,-6.289957],[-38.307633,-6.2886252],[-38.307301,-6.2872472],[-38.307224,-6.2826619],[-38.3068506,-6.2813072],[-38.3058111,-6.2806815],[-38.3047298,-6.2806798],[-38.3035844,-6.2812964],[-38.3019797,-6.2824701],[-38.3011058,-6.2824876],[-38.300191,-6.2815689],[-38.2986967,-6.2789417],[-38.2975736,-6.2780668],[-38.2775548,-6.282622],[-38.2732673,-6.2833044],[-38.2716848,-6.2841358],[-38.2700614,-6.2840913],[-38.268855,-6.2837782],[-38.2675035,-6.2827458],[-38.2665261,-6.2816903],[-38.2656665,-6.2814474],[-38.2641551,-6.281353],[-38.2617298,-6.28075],[-38.2610425,-6.2805783],[-38.2605759,-6.2807008],[-38.2602009,-6.2813683],[-38.2589932,-6.2817414],[-38.2574128,-6.2810102],[-38.2565808,-6.2811334],[-38.2559137,-6.2815099],[-38.2556632,-6.2822159],[-38.2560783,-6.2835925],[-38.2556596,-6.2845918],[-38.254742,-6.2858818],[-38.2517825,-6.2890263],[-38.2505387,-6.2901882],[-38.2500367,-6.290402],[-38.2489838,-6.2897716],[-38.2479971,-6.289899],[-38.2476409,-6.2897238],[-38.2483463,-6.2888079],[-38.2585066,-6.2756124],[-38.2538177,-6.2692694],[-38.2511743,-6.2653835],[-38.2496958,-6.2625105],[-38.2492295,-6.2587941],[-38.249128,-6.2492579],[-38.2491037,-6.2470426],[-38.256776,-6.2415651],[-38.2610483,-6.2296073],[-38.261461,-6.2284519],[-38.2614737,-6.2284449],[-38.2719691,-6.2226205]]]},"properties":{"CD_MUN":"2410801","NM_MUN":"Riacho de Santana","CD_RGI":"240010","NM_RGI":"Pau dos Ferros","CD_RGINT":"2403","NM_RGINT":"Mossoró","CD_UF":"24","NM_UF":"Rio Grande do Norte","SIGLA_UF":"RN","CD_REGIA":"2","NM_REGIA":"Nordeste","SIGLA_RG":"NE","CD_CONCU":"","NM_CONCU":"","AREA_KM2":128.106}},
{"type":"Feature","geometry":{"type":"Polygon","coordinates":[[[-37.0512313,-5.2940828],[-37.0294319,-5.3256953],[-36.9284529,-5.3537417],[-36.9240545,-5.3566223],[-36.8741702,-5.3892725],[-36.8739891,-5.3893909],[-36.8739128,-5.3894404],[-36.8708234,-5.3914614],[-36.8564466,-5.4008664],[-36.8384315,-5.4037572],[-36.8366662,-5.4007862],[-36.8364117,-5.3978266],[-36.8370863,-5.3942281],[-36.8379872,-5.3922306],[-36.8385286,-5.3870568],[-36.8397212,-5.3852992],[-36.8422499,-5.3806249],[-36.8424655,-5.3781577],[-36.8420235,-5.3744856],[-36.8407829,-5.372058],[-36.8363679,-5.3686853],[-36.8339323,-5.3676024],[-36.8325631,-5.3673197],[-36.8317548,-5.3672737],[-36.8299821,-5.3676156],[-36.8275868,-5.3683296],[-36.825647,-5.3686774],[-36.8205895,-5.3684348],[-36.8183151,-5.3694913],[-36.8168963,-5.3697406],[-36.8141709,-5.3691296],[-36.8125924,-5.3681512],[-36.8117335,-5.3663541],[-36.8117349,-5.3659619],[-36.8127251,-5.3626499],[-36.8135629,-5.3598477],[-36.8135578,-5.3590831],[-36.8122381,-5.3474784],[-36.8119515,-5.346488],[-36.8109444,-5.3445035],[-36.8076142,-5.3393393],[-36.8040801,-5.334703],[-36.8034935,-5.3341981],[-36.8004758,-5.3316016],[-36.8006106,-5.3304876],[-36.8003477,-5.3294564],[-36.7983258,-5.3286777],[-36.7955971,-5.3272092],[-36.7925192,-5.3245394],[-36.7897064,-5.3217841],[-36.7892268,-5.3204088],[-36.7892331,-5.3188655],[-36.7890586,-5.317835],[-36.7884442,-5.3171633],[-36.7829041,-5.3128551],[-36.7803564,-5.3097583],[-36.7776912,-5.30297],[-36.7783218,-5.2996292],[-36.7783261,-5.2980842],[-36.7775876,-5.2949942],[-36.7763621,-5.2923293],[-36.7753098,-5.2907796],[-36.772004,-5.288816],[-36.7690939,-5.2868041],[-36.7674861,-5.2854924],[-36.7668109,-5.2847993],[-36.7666589,-5.2846433],[-36.7658385,-5.2838015],[-36.7651121,-5.2833217],[-36.7622865,-5.2817683],[-36.760518,-5.2801382],[-36.7593412,-5.2788702],[-36.754561,-5.272676],[-36.7529844,-5.270486],[-36.7505655,-5.2681803],[-36.7471812,-5.2673246],[-36.7450738,-5.26746],[-36.7434179,-5.2678384],[-36.7427095,-5.2676448],[-36.7415724,-5.2661849],[-36.7407097,-5.2658367],[-36.739623,-5.2662544],[-36.7333257,-5.2646993],[-36.730456,-5.2634254],[-36.7294134,-5.2625774],[-36.7283683,-5.2624233],[-36.7256758,-5.2620266],[-36.7256719,-5.2620209],[-36.7253909,-5.2616177],[-36.724579,-5.2604528],[-36.7236055,-5.2579565],[-36.7221396,-5.2541973],[-36.7219258,-5.2532612],[-36.7214043,-5.2509778],[-36.7214522,-5.2484643],[-36.7218701,-5.2471246],[-36.7247557,-5.2441081],[-36.7259874,-5.2410859],[-36.7262136,-5.2386723],[-36.7260579,-5.2360115],[-36.7256759,-5.2294757],[-36.7246623,-5.2260619],[-36.7203575,-5.2188821],[-36.7169022,-5.2166469],[-36.7153322,-5.2144968],[-36.7156177,-5.2118902],[-36.7167327,-5.2082168],[-36.72029,-5.2049354],[-36.7231724,-5.2026469],[-36.7246004,-5.1997395],[-36.7248923,-5.1954498],[-36.7240314,-5.1940678],[-36.7225385,-5.1929895],[-36.7220697,-5.1919145],[-36.7227045,-5.1903839],[-36.7240099,-5.1886259],[-36.726303,-5.1864896],[-36.727575,-5.1832129],[-36.7281327,-5.1808243],[-36.7283391,-5.1776053],[-36.7291158,-5.1750295],[-36.7347071,-5.1674668],[-36.7346858,-5.1674431],[-36.7346669,-5.1674174],[-36.7346506,-5.1673899],[-36.7346439,-5.1673755],[-36.7346371,-5.167361],[-36.7346318,-5.167346],[-36.7366987,-5.1643856],[-36.7374818,-5.163264],[-36.7387656,-5.1614252],[-36.7387974,-5.1614269],[-36.7388293,-5.1614255],[-36.738845,-5.1614232],[-36.7400844,-5.1602232],[-36.7485743,-5.1520032],[-36.7487046,-5.1520673],[-36.7634846,-5.1589654],[-36.7671512,-5.1606766],[-36.7844362,-5.1687437],[-36.7970366,-5.1746244],[-36.8258355,-5.1703268],[-36.827047,-5.170146],[-36.8273673,-5.170059],[-36.8894289,-5.1532129],[-36.8918508,-5.1525555],[-36.9026519,-5.1497353],[-36.9293745,-5.1315054],[-36.9300975,-5.1310122],[-36.9300415,-5.1354635],[-36.9291813,-5.2038607],[-36.9291808,-5.203899],[-36.928733,-5.2394995],[-36.9280504,-5.2937765],[-37.0512313,-5.2940828]]]},"properties":{"CD_MUN":"2402501","NM_MUN":"Carnaubais","CD_RGI":"240011","NM_RGI":"Açu","CD_RGINT":"2403","NM_RGINT":"Mossoró","CD_UF":"24","NM_UF":"Rio Grande do Norte","SIGLA_UF":"RN","CD_REGIA":"2","NM_REGIA":"Nordeste","SIGLA_RG":"NE","CD_CONCU":"","NM_CONCU":"","AREA_KM2":517.737}},
{"type":"Feature","geometry":{"type":"Polygon","coordinates":[[[-35.1107888,-6.1869451],[-35.123882,-6.1760902],[-35.1275586,-6.1730422],[-35.1277503,-6.1728831],[-35.1292148,-6.1716681],[-35.1293067,-6.1715918],[-35.1293442,-6.1715608],[-35.1293452,-6.17156],[-35.129347,-6.1715585],[-35.1293543,-6.1715535],[-35.1293595,-6.1715499],[-35.1293637,-6.1715469],[-35.1293685,-6.1715435],[-35.1294668,-6.1714732],[-35.129509,-6.171443],[-35.1299383,-6.1711361],[-35.1307591,-6.1705493],[-35.1354924,-6.1671167],[-35.1374111,-6.1689013],[-35.1462411,-6.1638361],[-35.1463937,-6.1550856],[-35.146434,-6.1527938],[-35.1570258,-6.1481618],[-35.1566494,-6.1499316],[-35.1569129,-6.1508102],[-35.1601605,-6.1543466],[-35.1644145,-6.1574806],[-35.1683934,-6.1606707],[-35.1745118,-6.1645423],[-35.175489,-6.16494],[-35.1827828,-6.1651948],[-35.187633,-6.1651762],[-35.1903773,-6.1645931],[-35.1941552,-6.1632606],[-35.1960174,-6.1635385],[-35.1980344,-6.1645043],[-35.2043552,-6.168707],[-35.2073089,-6.1708826],[-35.2123923,-6.1739378],[-35.2135283,-6.1743452],[-35.2140376,-6.1737929],[-35.2152522,-6.1732366],[-35.2167811,-6.1728386],[-35.2180743,-6.1722825],[-35.2192554,-6.171604],[-35.2202691,-6.170779],[-35.222069,-6.1699649],[-35.2247694,-6.1681064],[-35.2288464,-6.166951],[-35.2327603,-6.1663693],[-35.2374864,-6.164681],[-35.2500514,-6.166799],[-35.2506292,-6.1668964],[-35.2507424,-6.1669155],[-35.2597423,-6.1703928],[-35.28944,-6.1633532],[-35.2980691,-6.1613074],[-35.294124,-6.1753191],[-35.2937752,-6.1765579],[-35.2937372,-6.1766928],[-35.2933685,-6.1780024],[-35.2856764,-6.2053222],[-35.2310508,-6.2423354],[-35.2289471,-6.2428629],[-35.2280581,-6.2428663],[-35.2255146,-6.2423988],[-35.2243593,-6.2409708],[-35.2204136,-6.238756],[-35.2195483,-6.2376033],[-35.2183958,-6.2370523],[-35.2179001,-6.2370089],[-35.2166734,-6.2369013],[-35.2155232,-6.2365858],[-35.21134,-6.2337609],[-35.2111501,-6.2336327],[-35.2108341,-6.2334193],[-35.2095952,-6.2330561],[-35.2084524,-6.2322668],[-35.2071195,-6.2293986],[-35.2052863,-6.2262679],[-35.2037298,-6.2244633],[-35.2031558,-6.2231075],[-35.2024234,-6.2226679],[-35.2008754,-6.2224971],[-35.1994639,-6.2225473],[-35.1991887,-6.2222383],[-35.1988652,-6.2212243],[-35.1985871,-6.2197643],[-35.198174,-6.2191475],[-35.1976957,-6.2189501],[-35.1969224,-6.2191301],[-35.1968775,-6.2198826],[-35.1966538,-6.2204573],[-35.1962891,-6.2206374],[-35.1954717,-6.2204182],[-35.1946507,-6.2204669],[-35.1934703,-6.2210454],[-35.1929225,-6.2211377],[-35.192011,-6.2206989],[-35.1914124,-6.2195958],[-35.1902609,-6.2161947],[-35.1895502,-6.2151144],[-35.1886812,-6.2144547],[-35.1878174,-6.2144144],[-35.1869534,-6.2149915],[-35.1863712,-6.2172501],[-35.1858286,-6.2176947],[-35.1839106,-6.2168183],[-35.1810208,-6.2171621],[-35.1804266,-6.2168981],[-35.1800159,-6.2164128],[-35.1756466,-6.2167409],[-35.1748339,-6.2163192],[-35.1720615,-6.2148782],[-35.1706485,-6.2145291],[-35.1695588,-6.2145335],[-35.1651959,-6.2172891],[-35.162273,-6.2188251],[-35.1607125,-6.2180863],[-35.159433,-6.2172067],[-35.157289,-6.2163305],[-35.1557877,-6.2165124],[-35.1527212,-6.2183619],[-35.1511734,-6.2184564],[-35.1499421,-6.2181082],[-35.1280687,-6.200674],[-35.1107888,-6.1869451]]]},"properties":{"CD_MUN":"2401206","NM_MUN":"Arês","CD_RGI":"240003","NM_RGI":"Canguaretama","CD_RGINT":"2401","NM_RGINT":"Natal","CD_UF":"24","NM_UF":"Rio Grande do Norte","SIGLA_UF":"RN","CD_REGIA":"2","NM_REGIA":"Nordeste","SIGLA_RG":"NE","CD_CONCU":"","NM_CONCU":"","AREA_KM2":115.407}},
{"type":"Feature","geometry":{"type":"Polygon","coordinates":[[[-35.6318163,-5.7143856],[-35.6296701,-5.7145811],[-35.6284501,-5.7146922],[-35.5861684,-5.718541],[-35.585179,-5.718631],[-35.5839554,-5.7187423],[-35.5576945,-5.7211301],[-35.5518999,-5.7033471],[-35.5504138,-5.6987905],[-35.5481941,-5.688078],[-35.5469501,-5.687567],[-35.5469154,-5.6875527],[-35.546165,-5.6872446],[-35.5461108,-5.6872224],[-35.4944457,-5.6660007],[-35.5119626,-5.6501684],[-35.5120827,-5.6500593],[-35.520283,-5.5864009],[-35.5214078,-5.5776696],[-35.5110689,-5.5326221],[-35.5105939,-5.5305548],[-35.501806,-5.4923037],[-35.5028379,-5.4932113],[-35.5060682,-5.4940667],[-35.5078975,-5.4952524],[-35.5088149,-5.4965488],[-35.51242,-5.4990958],[-35.5136751,-5.5001975],[-35.5146341,-5.5018014],[-35.5152494,-5.5021275],[-35.5169457,-5.5025017],[-35.5175098,-5.5028193],[-35.518018,-5.503445],[-35.518536,-5.5048957],[-35.5190791,-5.5056428],[-35.5196896,-5.5059206],[-35.5231887,-5.5065854],[-35.5242459,-5.5071808],[-35.5247667,-5.5072142],[-35.5255993,-5.506985],[-35.526401,-5.5071549],[-35.5267669,-5.5074323],[-35.527767,-5.5092216],[-35.5283284,-5.509848],[-35.5296941,-5.5103398],[-35.5309465,-5.5107914],[-35.5333717,-5.5120327],[-35.5356659,-5.5125408],[-35.5375912,-5.5125331],[-35.5396721,-5.5118616],[-35.5430179,-5.5100067],[-35.5436757,-5.5094283],[-35.5452692,-5.5064895],[-35.5479961,-5.5046739],[-35.5504087,-5.4999397],[-35.5512197,-5.4996513],[-35.5537642,-5.4995024],[-35.5548737,-5.4989673],[-35.5561667,-5.4979162],[-35.5566269,-5.4972458],[-35.5568516,-5.4963113],[-35.5572065,-5.4956585],[-35.5579064,-5.4952266],[-35.5589308,-5.4952395],[-35.5605736,-5.4955923],[-35.5616156,-5.4955024],[-35.5630749,-5.4949568],[-35.5640103,-5.4940457],[-35.5651707,-5.4937297],[-35.5679399,-5.4939245],[-35.5687766,-5.4941874],[-35.5712177,-5.4954437],[-35.5716993,-5.4961435],[-35.5719234,-5.4968444],[-35.5725077,-5.4974087],[-35.5745606,-5.4979826],[-35.5767362,-5.4989017],[-35.5775126,-5.4989907],[-35.5782979,-5.498797],[-35.57915,-5.4981776],[-35.5801514,-5.49687],[-35.5809341,-5.4961634],[-35.5815571,-5.4958788],[-35.5834225,-5.4965565],[-35.5847342,-5.4957096],[-35.5851077,-5.4950082],[-35.5851045,-5.4942011],[-35.5853061,-5.4935669],[-35.5862176,-5.4926979],[-35.5879026,-5.4916099],[-35.5891975,-5.4905242],[-35.5897743,-5.4897022],[-35.5899927,-5.4884515],[-35.5904411,-5.4880353],[-35.591249,-5.4880134],[-35.5932044,-5.4885878],[-35.5980206,-5.487692],[-35.5990371,-5.4877811],[-35.5999893,-5.4882754],[-35.6013068,-5.4896339],[-35.6026462,-5.4901317],[-35.6044049,-5.4903329],[-35.6062036,-5.4916385],[-35.6079489,-5.4924614],[-35.6085167,-5.4924075],[-35.6105924,-5.4913531],[-35.6115898,-5.49102],[-35.6148341,-5.4914368],[-35.6173264,-5.4913652],[-35.6188949,-5.4911013],[-35.6219634,-5.4913985],[-35.6244943,-5.4924166],[-35.6256414,-5.49226],[-35.6681812,-5.4963494],[-35.6585446,-5.5864552],[-35.6455134,-5.6118565],[-35.6423897,-5.6254075],[-35.6414712,-5.6293907],[-35.6318163,-5.7143856]]]},"properties":{"CD_MUN":"2413904","NM_MUN":"Taipu","CD_RGI":"240001","NM_RGI":"Natal","CD_RGINT":"2401","NM_RGINT":"Natal","CD_UF":"24","NM_UF":"Rio Grande do Norte","SIGLA_UF":"RN","CD_REGIA":"2","NM_REGIA":"Nordeste","SIGLA_RG":"NE","CD_CONCU":"","NM_CONCU":"","AREA_KM2":352.818}}
]}